cap,did,lat,lon,serving_rsrp,speed_kmh
1,1,23.89543,90.39999,-91.0,56.0
1,1,23.89532,90.40008,-91.0,56.0
1,1,23.8952,90.40017,-93.0,56.0
1,1,23.89509,90.40026,-86.0,55.0
1,1,23.89498,90.40036,-82.0,54.0
1,1,23.89487,90.40044,-91.0,52.0
1,1,23.89478,90.40053,-90.0,48.0
1,1,23.89469,90.40061,-81.0,46.0
1,1,23.8946,90.40069,-77.0,44.0
1,1,23.89452,90.40077,-73.0,45.0
1,1,23.89443,90.40085,-67.0,46.0
1,1,23.89434,90.40093,-61.0,47.0
1,1,23.89425,90.40102,-65.0,48.0
1,1,23.89416,90.4011,-63.0,48.0
1,1,23.89406,90.40118,-72.0,49.0
1,1,23.89397,90.40127,-71.0,50.0
1,1,23.89387,90.40135,-73.0,50.0
1,1,23.89377,90.40144,-74.0,51.0
1,1,23.89367,90.40152,-75.0,50.0
1,1,23.89357,90.4016,-75.0,47.0
1,1,23.89348,90.40168,-78.0,47.0
1,1,23.89338,90.40176,-78.0,47.0
1,1,23.89328,90.40183,-78.0,48.0
1,1,23.89318,90.40189,-82.0,47.0
1,1,23.89307,90.40194,-82.0,44.0
1,1,23.89298,90.40198,-77.0,37.0
1,1,23.89289,90.402,-77.0,35.0
1,1,23.89281,90.40202,-76.0,30.0
1,1,23.89275,90.40203,-73.0,26.0
1,1,23.89268,90.40204,-75.0,24.0
1,1,23.89263,90.40204,-82.0,24.0
1,1,23.89257,90.40204,-77.0,23.0
1,1,23.8925,90.40204,-73.0,24.0
1,1,23.89244,90.40204,-74.0,25.0
1,1,23.89238,90.40203,-74.0,26.0
1,1,23.89231,90.40203,-72.0,27.0
1,1,23.89224,90.40203,-77.0,28.0
1,1,23.89216,90.40202,-79.0,30.0
1,1,23.89209,90.40202,-83.0,32.0
1,1,23.89201,90.402,-87.0,32.0
1,1,23.89193,90.40198,-77.0,34.0
1,1,23.89176,90.40194,-80.0,35.0
1,1,23.89166,90.40191,-79.0,37.0
1,1,23.89166,90.40191,-74.0,38.0
1,1,23.89157,90.40189,-80.0,39.0
1,1,23.89147,90.40186,-80.0,39.0
1,1,23.89138,90.40183,-75.0,40.0
1,1,23.89128,90.4018,-78.0,41.0
1,1,23.89118,90.40178,-73.0,42.0
1,1,23.89108,90.40175,-74.0,43.0
1,1,23.89097,90.40172,-78.0,44.0
1,1,23.89087,90.40169,-69.0,45.0
1,1,23.89076,90.40165,-69.0,45.0
1,1,23.89065,90.40162,-71.0,45.0
1,1,23.89054,90.40159,-61.0,45.0
1,1,23.89043,90.40156,-66.0,45.0
1,1,23.89032,90.40153,-67.0,44.0
1,1,23.89022,90.4015,-69.0,41.0
1,1,23.89012,90.40148,-68.0,39.0
1,1,23.89003,90.40145,-66.0,38.0
1,1,23.88994,90.40142,-72.0,38.0
1,1,23.88984,90.4014,-68.0,38.0
1,1,23.88975,90.40137,-73.0,38.0
1,1,23.88966,90.40134,-71.0,39.0
1,1,23.88956,90.40132,-86.0,39.0
1,1,23.88947,90.40129,-86.0,40.0
1,1,23.88937,90.40126,-88.0,40.0
1,1,23.88927,90.40124,-89.0,40.0
1,1,23.88917,90.40121,-88.0,39.0
1,1,23.88908,90.40118,-88.0,39.0
1,1,23.88899,90.40115,-81.0,38.0
1,1,23.88889,90.40113,-75.0,39.0
1,1,23.8888,90.40109,-84.0,40.0
1,1,23.8887,90.40106,-79.0,40.0
1,1,23.8886,90.40103,-82.0,41.0
1,1,23.8885,90.401,-83.0,42.0
1,1,23.88839,90.40097,-78.0,42.0
1,1,23.88829,90.40094,-81.0,43.0
1,1,23.88818,90.40091,-69.0,42.0
1,1,23.88808,90.40088,-71.0,41.0
1,1,23.88798,90.40086,-76.0,41.0
1,1,23.88788,90.40083,-80.0,42.0
1,1,23.88778,90.4008,-81.0,43.0
1,1,23.88768,90.40076,-82.0,43.0
1,1,23.88757,90.40073,-82.0,44.0
1,1,23.88747,90.4007,-78.0,44.0
1,1,23.88736,90.40066,-74.0,45.0
1,1,23.88725,90.40063,-76.0,45.0
1,1,23.88714,90.40059,-75.0,45.0
1,1,23.88703,90.40056,-72.0,44.0
1,1,23.88693,90.40053,-69.0,44.0
1,1,23.88682,90.4005,-67.0,44.0
1,1,23.88672,90.40046,-67.0,44.0
1,1,23.88661,90.40043,-69.0,45.0
1,1,23.8865,90.4004,-69.0,46.0
1,1,23.88638,90.40038,-69.0,47.0
1,1,23.88627,90.40035,-66.0,47.0
1,1,23.88615,90.40033,-69.0,47.0
1,1,23.88603,90.40031,-68.0,47.0
1,1,23.88592,90.4003,-73.0,47.0
1,1,23.8858,90.40029,-72.0,47.0
1,1,23.88568,90.40029,-72.0,47.0
1,1,23.88556,90.40029,-80.0,46.0
1,1,23.88545,90.4003,-78.0,46.0
1,1,23.88533,90.40031,-82.0,45.0
1,1,23.88522,90.40032,-82.0,43.0
1,1,23.88512,90.40033,-80.0,41.0
1,1,23.88502,90.40034,-78.0,39.0
1,1,23.88492,90.40035,-77.0,39.0
1,1,23.88482,90.40036,-75.0,40.0
1,1,23.88472,90.40037,-75.0,41.0
1,1,23.88461,90.40038,-70.0,42.0
1,1,23.88451,90.40039,-63.0,41.0
1,1,23.88441,90.4004,-60.0,42.0
1,1,23.8843,90.40041,-59.0,42.0
1,1,23.8842,90.40042,-72.0,42.0
1,1,23.88409,90.40043,-69.0,41.0
1,1,23.88399,90.40045,-75.0,40.0
1,1,23.88389,90.40046,-69.0,41.0
1,1,23.88379,90.40047,-73.0,41.0
1,1,23.88369,90.40048,-73.0,39.0
1,1,23.88359,90.40049,-74.0,37.0
1,1,23.8835,90.4005,-72.0,36.0
1,1,23.88341,90.40052,-72.0,36.0
1,1,23.88332,90.40053,-80.0,37.0
1,1,23.88323,90.40054,-83.0,37.0
1,1,23.88313,90.40056,-77.0,38.0
1,1,23.88304,90.40058,-83.0,38.0
1,1,23.88295,90.4006,-79.0,36.0
1,1,23.88286,90.40062,-92.0,35.0
1,1,23.88277,90.40064,-88.0,35.0
1,1,23.88269,90.40066,-87.0,34.0
1,1,23.8826,90.40068,-88.0,34.0
1,1,23.88252,90.4007,-89.0,34.0
1,1,23.88244,90.40072,-91.0,34.0
1,1,23.88235,90.40073,-88.0,34.0
1,1,23.88228,90.40075,-87.0,29.0
1,1,23.88221,90.40077,-90.0,25.0
1,1,23.88216,90.40078,-90.0,21.0
1,1,23.88211,90.40079,-94.0,20.0
1,1,23.88206,90.4008,-91.0,17.0
1,1,23.88198,90.40082,-84.0,16.0
1,1,23.88194,90.40083,-84.0,17.0
1,1,23.88189,90.40084,-89.0,19.0
1,1,23.88184,90.40085,-95.0,21.0
1,1,23.88179,90.40087,-94.0,22.0
1,1,23.88174,90.40089,-102.0,22.0
1,1,23.88168,90.40091,-94.0,23.0
1,1,23.88162,90.40093,-105.0,24.0
1,1,23.88155,90.40095,-100.0,27.0
1,1,23.88148,90.40097,-101.0,28.0
1,1,23.88148,90.40097,-103.0,29.0
1,1,23.8814,90.40099,-101.0,31.0
1,1,23.88133,90.401,-98.0,31.0
1,1,23.88125,90.40103,-94.0,33.0
1,1,23.88108,90.40107,-95.0,33.0
1,1,23.88099,90.40109,-94.0,35.0
1,1,23.88091,90.40111,-93.0,34.0
1,1,23.88083,90.40113,-99.0,34.0
1,1,23.88074,90.40115,-99.0,34.0
1,1,23.88074,90.40115,-99.0,34.0
1,1,23.88057,90.40119,-87.0,35.0
1,1,23.88048,90.4012,-87.0,37.0
1,1,23.88038,90.40121,-84.0,37.0
1,1,23.88029,90.40122,-90.0,38.0
1,1,23.88029,90.40122,-96.0,39.0
1,1,23.88009,90.40124,-97.0,40.0
1,1,23.87999,90.40126,-97.0,39.0
1,1,23.8799,90.40128,-97.0,39.0
1,1,23.8798,90.4013,-98.0,39.0
1,1,23.8797,90.40132,-99.0,40.0
1,1,23.8796,90.401335,-97.5,40.0
1,1,23.8795,90.40135,-96.0,40.0
1,1,23.8794,90.40137,-95.0,40.0
1,1,23.87929,90.40138,-95.0,40.0
1,1,23.87919,90.40139,-94.0,41.0
1,1,23.87909,90.40139,-94.0,41.0
1,1,23.87899,90.4014,-84.0,40.0
1,1,23.87899,90.4014,-84.0,40.0
1,1,23.87889,90.4014,-80.0,40.0
1,2,23.87878,90.4014,-79.0,40.0
1,2,23.87868,90.4014,-79.0,40.0
1,2,23.87858,90.40139,-80.0,40.0
1,2,23.87848,90.40138,-79.0,39.0
1,2,23.87838,90.40137,-77.0,41.0
1,2,23.87828,90.40136,-77.0,40.0
1,2,23.87818,90.40134,-77.0,41.0
1,2,23.87808,90.40132,-76.0,41.0
1,2,23.87798,90.4013,-76.0,41.0
1,2,23.87788,90.40128,-79.0,39.0
1,2,23.87779,90.40126,-82.0,39.0
1,2,23.87769,90.40124,-83.0,39.0
1,2,23.87759,90.40121,-84.0,39.0
1,2,23.8775,90.40119,-87.0,38.0
1,2,23.8774,90.40117,-87.0,39.0
1,2,23.87731,90.40114,-90.0,40.0
1,2,23.87721,90.40112,-91.0,40.0
1,2,23.87711,90.4011,-92.0,41.0
1,2,23.87701,90.40108,-93.0,41.0
1,2,23.87691,90.40105,-93.0,42.0
1,2,23.8768,90.40103,-93.0,42.0
1,2,23.8767,90.401,-94.0,41.0
1,2,23.8766,90.40098,-93.0,41.0
1,2,23.8765,90.40095,-86.5,41.0
1,2,23.8764,90.40093,-80.0,42.0
1,2,23.87619,90.40088,-79.0,43.0
1,2,23.87608,90.40085,-79.0,42.0
1,2,23.87608,90.40085,-79.0,42.0
1,2,23.87598,90.40082,-84.0,42.0
1,2,23.87588,90.4008,-89.0,43.0
1,2,23.87566,90.40076,-65.0,44.0
1,2,23.87566,90.40076,-72.0,45.0
1,2,23.87554,90.40074,-78.0,45.0
1,2,23.87543,90.40072,-95.0,45.0
1,2,23.8752,90.40068,-97.0,46.0
1,2,23.87509,90.40067,-88.0,45.0
1,2,23.87497,90.40066,-92.0,46.0
1,2,23.87486,90.40065,-100.0,45.0
1,2,23.87475,90.40065,-101.0,45.0
1,2,23.87463,90.40065,-101.0,45.0
1,2,23.87463,90.40065,-94.0,46.0
1,2,23.87452,90.40065,-102.0,45.0
1,2,23.8744,90.40065,-108.0,44.0
1,2,23.87419,90.40065,-71.0,42.0
1,2,23.87408,90.40065,-75.0,42.0
1,2,23.87408,90.40065,-74.0,42.0
1,2,23.87386,90.40065,-74.0,43.0
1,2,23.87376,90.40064,-80.0,42.0
1,2,23.87365,90.40064,-78.5,42.0
1,2,23.87355,90.40063,-77.0,41.0
1,2,23.87344,90.40062,-74.0,41.0
1,2,23.87334,90.40062,-74.5,41.0
1,2,23.87323,90.40062,-75.0,40.0
1,2,23.87313,90.40061,-81.0,40.0
1,2,23.87313,90.40061,-74.0,40.0
1,2,23.87303,90.40061,-84.0,42.0
1,2,23.87293,90.40061,-95.0,39.0
1,2,23.87284,90.40061,-98.0,36.0
1,2,23.87275,90.40061,-100.0,35.0
1,2,23.87266,90.40062,-101.0,36.0
1,2,23.87248,90.40061,-100.0,36.0
1,2,23.87248,90.40061,-105.0,34.0
1,2,23.8724,90.40061,-108.0,34.0
1,2,23.87231,90.40061,-111.0,32.0
1,2,23.87223,90.40061,-107.0,32.0
1,2,23.87215,90.40062,-106.0,34.0
1,2,23.87207,90.40062,-106.0,34.0
1,2,23.87198,90.40062,-109.0,34.0
1,2,23.8719,90.40062,-108.0,35.0
1,2,23.87181,90.40062,-108.0,36.0
1,2,23.87172,90.40062,-107.0,36.0
1,2,23.87163,90.40062,-106.0,35.0
1,2,23.87154,90.40062,-101.0,33.0
1,2,23.87137,90.40061,-101.0,33.0
1,2,23.87129,90.40061,-99.5,33.0
1,2,23.8712,90.40061,-98.0,35.0
1,2,23.87111,90.40061,-100.0,36.0
1,2,23.87103,90.4006,-98.0,35.0
1,2,23.87103,90.4006,-97.5,32.0
1,2,23.87088,90.4006,-97.0,28.0
1,2,23.87082,90.40059,-97.0,25.0
1,2,23.87076,90.40059,-96.0,22.0
1,2,23.87076,90.40059,-95.0,21.0
1,2,23.87067,90.40058,-95.0,16.0
1,2,23.87067,90.40058,-93.5,18.0
1,2,23.8706,90.4006,-92.0,15.0
1,2,23.87058,90.4006,-91.0,10.0
1,2,23.87056,90.40061,-93.0,5.0
1,2,23.87054,90.40061,-96.0,4.0
1,2,23.87053,90.40062,-94.0,2.0
1,2,23.87052,90.40063,-90.0,1.0
1,2,23.87051,90.40064,-89.0,1.0
1,2,23.8705,90.40065,-91.0,1.0
1,2,23.8705,90.40066,-92.0,1.0
1,2,23.87049,90.40067,-92.0,1.0
1,2,23.87049,90.40067,-91.0,0.0
1,2,23.87049,90.40068,-91.0,0.0
1,2,23.87048,90.40068,-91.0,0.0
1,2,23.87048,90.40069,-91.5,2.0
1,2,23.87047,90.40069,-92.0,2.0
1,2,23.87045,90.40069,-93.0,9.0
1,2,23.870415,90.40069,-93.5,11.5
1,2,23.87038,90.40069,-94.0,14.0
1,2,23.87035,90.40068,-94.0,14.0
1,2,23.87031,90.40067,-94.0,16.0
1,2,23.87028,90.40066,-92.0,13.0
1,2,23.87026,90.40065,-91.5,13.0
1,2,23.87025,90.40064,-91.0,8.0
1,2,23.87025,90.40064,-88.0,4.0
1,2,23.87025,90.40063,-87.0,2.0
1,2,23.87024,90.40062,-84.0,2.0
1,2,23.87024,90.40062,-83.0,4.0
1,2,23.87023,90.40061,-88.0,5.0
1,2,23.87022,90.40061,-79.0,5.0
1,2,23.87022,90.40061,-80.0,4.0
1,2,23.8702,90.40059,-82.0,5.0
1,2,23.8702,90.40059,-84.0,4.0
1,2,23.87018,90.40058,-84.0,4.0
1,2,23.87017,90.40058,-86.0,6.0
1,2,23.87015,90.40058,-84.0,7.0
1,2,23.87015,90.40058,-82.0,5.0
1,2,23.87015,90.40058,-86.0,1.0
1,2,23.87015,90.40057,-85.0,1.0
1,2,23.87015,90.40057,-85.0,0.0
1,2,23.87015,90.40057,-88.0,0.0
1,2,23.87015,90.40056,-86.0,1.0
1,2,23.87015,90.40055,-86.0,3.0
1,2,23.87015,90.40055,-86.0,2.0
1,2,23.87014,90.40055,-85.0,0.0
1,2,23.87014,90.400545,-85.0,0.5
1,2,23.87014,90.40054,-85.0,1.0
1,2,23.87014,90.40053,-84.0,1.0
1,2,23.87014,90.40053,-83.0,1.0
1,2,23.87013,90.40053,-83.0,1.0
1,2,23.87013,90.40053,-83.0,1.0
1,2,23.87013,90.40053,-83.0,1.0
1,2,23.87012,90.40054,-86.0,1.0
1,2,23.87012,90.40054,-85.0,3.0
1,2,23.87011,90.40054,-84.0,4.0
1,2,23.8701,90.40053,-84.0,6.0
1,2,23.87006,90.40053,-86.0,6.0
1,2,23.87005,90.40053,-84.0,6.0
1,2,23.87003,90.40053,-83.0,7.0
1,2,23.87002,90.40053,-86.0,7.0
1,2,23.87001,90.40053,-82.0,5.0
1,2,23.87,90.40052,-82.0,1.0
1,2,23.87,90.400515,-82.0,1.5
1,2,23.87,90.40051,-81.5,2.0
1,2,23.86999,90.40051,-81.0,2.0
1,2,23.86998,90.4005,-81.0,4.0
1,2,23.86997,90.4005,-80.0,5.0
1,2,23.86997,90.4005,-79.5,6.0
1,2,23.86993,90.4005,-79.0,6.0
1,2,23.86991,90.4005,-79.0,9.0
1,2,23.86988,90.4005,-80.0,9.0
1,2,23.86984,90.4005,-80.0,13.0
1,2,23.86981,90.40049,-80.5,13.0
1,2,23.86977,90.40048,-81.0,16.0
1,2,23.86973,90.40047,-82.0,15.0
1,2,23.86969,90.40046,-82.0,16.5
1,2,23.86965,90.40045,-82.0,18.0
1,2,23.8696,90.40045,-82.5,18.5
1,2,23.86955,90.40045,-83.0,19.0
1,2,23.8695,90.40045,-85.0,19.0
1,2,23.86944,90.40045,-87.0,19.0
1,2,23.86939,90.40045,-88.0,20.0
1,2,23.86933,90.40045,-89.0,22.0
1,2,23.86927,90.40045,-91.0,24.0
1,2,23.8692,90.40045,-92.0,25.0
1,2,23.86914,90.40045,-92.0,25.0
1,2,23.86908,90.40044,-92.5,25.0
1,2,23.86903,90.40044,-93.0,18.0
1,2,23.86899,90.40044,-95.0,13.0
1,2,23.86896,90.40045,-95.0,10.0
1,2,23.868935,90.400455,-95.0,9.5
1,2,23.86891,90.40046,-95.0,9.0
1,2,23.86891,90.40046,-97.0,9.0
1,2,23.86886,90.40045,-97.0,9.0
1,2,23.86885,90.40046,-103.0,7.0
1,2,23.86885,90.40046,-105.0,6.0
1,3,23.86883,90.40046,-103.0,6.0
1,3,23.8688,90.40046,-102.0,6.0
1,3,23.8688,90.40046,-95.0,3.0
1,3,23.8688,90.40047,-104.0,1.0
1,3,23.86879,90.40047,-96.0,0.0
1,3,23.86879,90.40047,-98.0,0.0
1,3,23.86879,90.40047,-98.0,0.0
1,3,23.86878,90.40047,-97.0,1.0
1,3,23.86878,90.40047,-97.5,1.0
1,3,23.86878,90.40047,-98.0,4.0
1,3,23.86873,90.40047,-98.0,9.0
1,3,23.868705,90.400475,-99.0,9.0
1,3,23.86868,90.40048,-99.0,9.0
1,3,23.86866,90.40048,-102.0,9.0
1,3,23.86865,90.40048,-102.0,6.0
1,3,23.86864,90.40048,-101.0,5.0
1,3,23.86863,90.40048,-101.0,2.0
1,3,23.86863,90.40048,-101.0,2.0
1,3,23.86862,90.40048,-101.0,4.0
1,3,23.86861,90.40048,-100.0,4.0
1,3,23.86859,90.40048,-99.0,7.0
1,3,23.86857,90.40048,-98.0,7.0
1,3,23.86856,90.40049,-98.0,7.0
1,3,23.86855,90.40048,-98.0,2.0
1,3,23.86855,90.40048,-98.0,2.0
1,3,23.86855,90.40048,-99.0,1.0
1,3,23.868545,90.40048,-100.0,1.0
1,3,23.86854,90.40048,-101.0,1.0
1,3,23.86854,90.40048,-102.0,2.0
1,3,23.86853,90.40048,-101.0,3.0
1,3,23.86852,90.40048,-101.0,3.0
1,3,23.86851,90.40048,-100.5,4.0
1,3,23.8685,90.40048,-100.0,5.0
1,3,23.86848,90.40048,-98.0,5.0
1,3,23.86847,90.40048,-99.0,5.0
1,3,23.86847,90.40048,-98.5,6.0
1,3,23.86844,90.40048,-98.0,6.0
1,3,23.86842,90.40048,-99.0,10.0
1,3,23.86839,90.40048,-99.0,13.0
1,3,23.86835,90.40048,-99.0,16.0
1,3,23.86832,90.40047,-99.5,16.0
1,3,23.86829,90.40046,-100.0,12.0
1,3,23.86826,90.40046,-99.0,7.0
1,3,23.86825,90.40046,-98.0,3.0
1,3,23.86824,90.40046,-98.0,2.0
1,3,23.86824,90.40047,-98.0,2.0
1,3,23.86823,90.40047,-98.0,4.0
1,3,23.86822,90.40047,-99.0,3.5
1,3,23.86821,90.40047,-98.0,3.0
1,3,23.868205000000003,90.40047,-97.5,2.0
1,3,23.8682,90.40047,-97.0,1.0
1,3,23.8682,90.40046,-95.0,1.0
1,3,23.8682,90.40046,-95.0,2.0
1,3,23.8682,90.40046,-94.0,2.0
1,3,23.86819,90.40046,-93.5,2.0
1,3,23.86819,90.40046,-93.0,1.0
1,3,23.86818,90.40046,-91.0,1.0
1,3,23.86817,90.40047,-89.0,2.0
1,3,23.86816,90.40046,-87.0,4.0
1,3,23.86815,90.40046,-88.0,4.0
1,3,23.86814,90.40046,-89.0,5.0
1,3,23.86813,90.40046,-91.0,4.0
1,3,23.86813,90.40046,-90.0,3.0
1,3,23.86812,90.40045,-89.0,4.0
1,3,23.86811,90.40044,-90.0,8.0
1,3,23.86804,90.40046,-91.0,13.0
1,3,23.86802,90.400465,-90.0,13.0
1,3,23.868,90.40047,-93.0,13.0
1,3,23.86797,90.40045,-92.5,14.0
1,3,23.8679,90.40042,-92.0,16.0
1,3,23.86785,90.40042,-92.0,19.0
1,3,23.86779,90.40041,-93.0,23.0
1,3,23.86772,90.40041,-92.0,24.0
1,3,23.86769,90.40041,-91.0,24.5
1,3,23.86766,90.40041,-90.0,25.0
1,3,23.86759,90.4004,-87.0,26.0
1,3,23.86752,90.4004,-85.0,27.0
1,3,23.86745,90.40039,-84.5,29.0
1,3,23.86738,90.40038,-84.0,31.0
1,3,23.86729,90.40037,-89.0,33.0
1,3,23.8672,90.40035,-92.0,34.0
1,3,23.86711,90.40034,-94.0,34.0
1,3,23.86702,90.40033,-96.0,33.0
1,3,23.86694,90.40032,-99.0,33.0
1,3,23.86685,90.40031,-100.0,34.0
1,3,23.86676,90.40029,-102.0,34.0
1,3,23.86659,90.40027,-93.0,34.0
1,3,23.86659,90.40027,-90.0,35.0
1,3,23.8664,90.40026,-90.0,37.0
1,3,23.86631,90.40025,-89.0,38.0
1,3,23.86631,90.40025,-87.0,38.0
1,3,23.8661,90.40024,-88.0,39.0
1,3,23.866,90.40023,-88.0,40.0
1,3,23.86589,90.40022,-88.0,41.0
1,3,23.86578,90.40021,-89.0,40.0
1,3,23.86568,90.4002,-90.5,40.0
1,3,23.86557,90.40019,-92.0,40.0
1,3,23.86547,90.40019,-93.0,39.0
1,3,23.86537,90.40018,-96.0,39.0
1,3,23.86537,90.40018,-92.0,39.0
1,3,23.86517,90.40016,-88.0,39.0
1,3,23.86517,90.40016,-86.0,39.0
1,3,23.86507,90.40015,-86.0,40.0
1,3,23.86497,90.40015,-77.0,40.0
1,3,23.86486,90.40015,-77.0,41.0
1,3,23.86476,90.40015,-82.0,37.0
1,3,23.86466,90.40015,-84.0,41.0
1,3,23.86455,90.40014,-88.0,42.0
1,3,23.86433,90.40013,-87.0,43.0
1,3,23.86423,90.40012,-89.0,43.0
1,3,23.86423,90.40012,-89.0,44.0
1,3,23.86412,90.40011,-89.0,44.0
1,3,23.86401,90.40009,-88.0,44.0
1,3,23.86389,90.40008,-90.0,45.0
1,3,23.86378,90.40007,-88.0,46.0
1,3,23.86366,90.40007,-81.0,47.0
1,3,23.86355,90.40006,-82.0,47.0
1,3,23.86343,90.40005,-82.0,47.0
1,3,23.86331,90.40004,-79.0,46.0
1,3,23.8632,90.40003,-78.0,47.0
1,3,23.86307,90.40002,-76.0,48.0
1,3,23.86295,90.40002,-80.0,49.0
1,3,23.86283,90.40001,-83.0,49.0
1,3,23.86271,90.40001,-81.0,48.0
1,3,23.86259,90.40001,-78.0,47.0
1,3,23.86247,90.40001,-77.0,47.0
1,3,23.86235,90.40001,-70.0,46.0
1,3,23.86223,90.40001,-70.0,46.0
1,3,23.86212,90.40002,-70.0,45.0
1,3,23.86201,90.40003,-67.0,45.0
1,3,23.86189,90.40004,-74.0,46.0
1,3,23.86178,90.40006,-74.0,45.0
1,3,23.86167,90.40008,-66.0,45.0
1,3,23.86157,90.4001,-69.0,42.0
1,3,23.86146,90.40013,-64.0,42.0
1,3,23.86136,90.40015,-66.0,41.0
1,3,23.86126,90.40018,-67.0,41.0
1,3,23.86116,90.40021,-68.0,41.0
1,3,23.86106,90.40024,-70.0,40.0
1,3,23.86096,90.40027,-63.0,39.0
1,3,23.86086,90.4003,-67.0,40.0
1,3,23.86076,90.40033,-64.0,41.0
1,3,23.86066,90.40037,-63.0,41.0
1,3,23.86057,90.40041,-63.0,40.0
1,3,23.86048,90.40046,-62.0,41.0
1,3,23.86038,90.4005,-62.0,42.0
1,3,23.86029,90.40056,-64.0,42.0
1,3,23.8602,90.40062,-73.0,42.0
1,3,23.86012,90.40067,-68.0,42.0
1,3,23.86004,90.40074,-68.0,41.0
1,3,23.85995,90.40079,-70.0,39.0
1,3,23.85987,90.40085,-70.0,38.0
1,3,23.8598,90.40091,-71.0,38.0
1,3,23.85972,90.40098,-73.0,37.0
1,3,23.8597,90.40105,-73.0,35.0
1,3,23.85964,90.40111,-84.0,35.0
1,3,23.85956,90.40117,-78.0,35.0
1,3,23.85948,90.40123,-83.0,35.0
1,3,23.85941,90.40128,-86.0,34.0
1,3,23.85934,90.40133,-83.0,32.0
1,3,23.85927,90.40139,-84.0,32.0
1,3,23.85921,90.40144,-86.0,30.0
1,3,23.85915,90.4015,-83.0,31.0
1,3,23.85909,90.40155,-82.0,31.0
1,3,23.85903,90.4016,-82.0,29.0
1,3,23.85898,90.40165,-81.0,25.0
1,3,23.85894,90.40168,-78.0,22.0
1,3,23.8589,90.40171,-75.0,20.0
1,3,23.85885,90.40174,-76.0,16.0
1,3,23.85882,90.40177,-75.0,15.0
1,3,23.8588,90.4018,-77.0,16.0
1,3,23.85877,90.40182,-73.0,17.0
1,3,23.85874,90.40185,-72.0,17.0
1,3,23.85872,90.40186,-76.0,12.0
1,3,23.85871,90.40188,-75.0,8.0
1,3,23.85871,90.40188,-74.0,2.0
1,3,23.85873,90.40188,-74.0,1.0
1,3,23.85874,90.40187,-74.0,2.0
1,3,23.85875,90.40188,-72.0,2.0
1,3,23.85875,90.40188,-73.0,3.0
1,4,23.85875,90.40189,-72.0,4.0
1,4,23.85874,90.4019,-74.0,5.0
1,4,23.85873,90.4019,-70.0,7.0
1,4,23.85872,90.40191,-70.0,7.0
1,4,23.8587,90.40192,-69.0,10.0
1,4,23.85868,90.40194,-70.0,12.0
1,4,23.85866,90.40196,-68.0,13.0
1,4,23.85864,90.40198,-68.0,12.0
1,4,23.85862,90.402,-71.0,10.0
1,4,23.85859,90.40202,-65.0,11.0
1,4,23.85857,90.40205,-65.0,13.0
1,4,23.85855,90.40208,-63.0,16.0
1,4,23.85852,90.40211,-61.0,18.0
1,4,23.85848,90.40215,-55.0,19.0
1,4,23.85845,90.40219,-54.0,20.0
1,4,23.85841,90.40222,-54.0,17.0
1,4,23.85838,90.40224,-54.0,12.0
1,4,23.85835,90.40226,-56.0,13.0
1,4,23.85832,90.40229,-57.0,15.0
1,4,23.85826,90.40234,-56.0,16.0
1,4,23.85826,90.40234,-57.0,16.0
1,4,23.85821,90.40238,-57.0,21.0
1,4,23.85817,90.40243,-56.0,25.0
1,4,23.85811,90.40248,-63.0,28.0
1,4,23.85805,90.40253,-68.0,29.0
1,4,23.85798,90.40259,-67.0,32.0
1,4,23.85792,90.40265,-73.0,33.0
1,4,23.85786,90.40271,-72.0,33.0
1,4,23.85781,90.40278,-77.0,35.0
1,4,23.85774,90.40285,-81.0,37.0
1,4,23.85766,90.40292,-81.0,38.0
1,4,23.85759,90.40298,-86.0,38.0
1,4,23.8575,90.40305,-84.0,37.0
1,4,23.85741,90.40311,-86.0,39.0
1,4,23.85731,90.40317,-88.0,41.0
1,4,23.85722,90.40324,-87.0,42.0
1,4,23.85713,90.40331,-78.0,43.0
1,4,23.85704,90.40338,-87.0,44.0
1,4,23.85693,90.40345,-87.0,45.0
1,4,23.85684,90.40352,-83.0,45.0
1,4,23.85674,90.40359,-84.0,46.0
1,4,23.85663,90.40366,-86.0,47.0
1,4,23.85652,90.40373,-83.0,48.0
1,4,23.85641,90.4038,-84.0,47.0
1,4,23.85631,90.40387,-78.0,44.0
1,4,23.85621,90.40394,-79.0,40.0
1,4,23.85614,90.404,-75.0,36.0
1,4,23.85606,90.40405,-83.0,35.0
1,4,23.85599,90.40411,-84.0,35.0
1,4,23.85591,90.40417,-81.0,37.0
1,4,23.85583,90.40422,-72.0,38.0
1,4,23.85575,90.40429,-73.0,39.0
1,4,23.85567,90.40435,-72.0,40.0
1,4,23.85559,90.40442,-77.0,40.0
1,4,23.85551,90.40449,-68.0,41.0
1,4,23.85543,90.40455,-72.0,42.0
1,4,23.85534,90.40462,-71.0,42.0
1,4,23.85526,90.40469,-70.0,42.0
1,4,23.85517,90.40476,-65.0,43.0
1,4,23.85509,90.40483,-68.0,44.0
1,4,23.855,90.40491,-69.0,46.0
1,4,23.85491,90.40498,-65.0,48.0
1,4,23.85472,90.40515,-63.0,49.0
1,4,23.85472,90.40515,-70.0,51.0
1,4,23.85461,90.40523,-62.0,52.0
1,4,23.85451,90.40532,-66.0,54.0
1,4,23.8544,90.40541,-73.0,54.0
1,4,23.85429,90.40549,-62.0,51.0
1,4,23.8542,90.40557,-70.0,47.0
1,4,23.85411,90.40565,-66.0,43.0
1,4,23.85403,90.40572,-69.0,41.0
1,4,23.85395,90.40578,-68.0,38.0
1,4,23.85388,90.40584,-77.0,37.0
1,4,23.8538,90.4059,-78.0,38.0
1,4,23.85373,90.40596,-77.0,39.0
1,4,23.85364,90.40603,-77.0,41.0
1,4,23.85356,90.4061,-82.0,43.0
1,4,23.85347,90.40617,-95.0,44.0
1,4,23.85338,90.40624,-89.0,46.0
1,4,23.85329,90.40632,-89.0,48.0
1,4,23.85319,90.40641,-87.0,50.0
1,4,23.85309,90.40649,-83.0,50.0
1,4,23.85298,90.40657,-81.0,53.0
1,4,23.85286,90.40665,-84.0,54.0
1,4,23.85275,90.40674,-80.0,56.0
1,4,23.85264,90.40684,-77.0,55.0
1,4,23.85253,90.40693,-81.0,52.0
1,4,23.85241,90.407,-86.0,47.0
1,4,23.85232,90.40707,-86.0,39.0
1,4,23.85226,90.40713,-83.0,33.0
1,4,23.8522,90.40719,-80.0,31.0
1,4,23.85214,90.40725,-80.0,32.0
1,4,23.85208,90.4073,-80.0,30.0
1,4,23.85203,90.40735,-74.0,26.0
1,4,23.85198,90.40739,-78.0,26.0
1,4,23.85193,90.40744,-79.0,27.0
1,4,23.85188,90.40748,-74.0,28.0
1,4,23.85183,90.40753,-72.0,29.0
1,4,23.85177,90.40759,-78.0,31.0
1,4,23.85172,90.40764,-80.0,32.0
1,4,23.85166,90.4077,-73.0,34.0
1,4,23.8516,90.40777,-76.0,34.0
1,4,23.85154,90.40783,-69.0,33.0
1,4,23.85148,90.40788,-71.0,31.0
1,4,23.85143,90.40793,-72.0,28.0
1,4,23.85139,90.40798,-81.0,27.0
1,4,23.85134,90.40802,-81.0,24.0
1,4,23.8513,90.40806,-79.0,19.0
1,4,23.85127,90.40809,-78.0,15.0
1,4,23.85125,90.40812,-78.0,16.0
1,4,23.85121,90.40814,-73.0,17.0
1,4,23.85119,90.40816,-70.0,15.0
1,4,23.85116,90.40818,-66.0,12.0
1,4,23.85114,90.4082,-75.0,12.0
1,4,23.85111,90.40822,-74.0,16.0
1,4,23.85107,90.40824,-79.0,19.0
1,4,23.85102,90.40827,-77.0,21.0
1,4,23.85096,90.40829,-76.0,22.0
1,4,23.85091,90.40832,-78.0,24.0
1,4,23.85086,90.40835,-76.0,21.0
1,4,23.85083,90.40837,-78.0,16.0
1,4,23.85081,90.40839,-80.0,13.0
1,4,23.85079,90.4084,-79.0,9.0
1,4,23.85077,90.40841,-78.0,5.0
1,4,23.85075,90.40841,-79.0,4.0
1,4,23.85074,90.40841,-74.0,3.0
1,4,23.85073,90.40841,-76.0,2.0
1,4,23.85071,90.40842,-76.0,2.0
1,4,23.85071,90.40842,-77.0,2.0
1,4,23.8507,90.40842,-80.0,3.0
1,4,23.85069,90.40843,-79.0,6.0
1,4,23.85068,90.40845,-77.0,9.0
1,4,23.85066,90.40846,-78.0,10.0
1,4,23.85064,90.40848,-76.0,9.0
1,4,23.85062,90.4085,-75.0,9.0
1,4,23.85059,90.40851,-73.0,9.0
1,4,23.85059,90.40851,-71.0,9.0
1,4,23.85054,90.40852,-74.0,9.0
1,4,23.85052,90.40853,-79.0,9.0
1,4,23.8505,90.40854,-76.0,11.0
1,4,23.8505,90.40854,-78.0,10.0
1,4,23.85046,90.40857,-78.0,9.0
1,4,23.85046,90.40857,-75.0,10.0
1,4,23.85041,90.40861,-75.0,11.0
1,4,23.85041,90.40861,-76.0,12.0
1,4,23.85039,90.40864,-77.0,10.0
1,4,23.85037,90.40866,-78.0,9.0
1,4,23.85035,90.40868,-78.0,10.0
1,4,23.85033,90.40871,-79.0,14.0
1,4,23.85031,90.40874,-83.0,16.0
1,4,23.85025,90.40881,-83.0,17.0
1,4,23.85025,90.40881,-86.0,18.0
1,4,23.85022,90.40885,-83.0,19.0
1,4,23.85017,90.40888,-82.0,20.0
1,4,23.85013,90.40891,-80.0,22.0
1,4,23.85008,90.40896,-81.0,24.0
1,4,23.85003,90.409,-80.0,24.0
1,4,23.84998,90.40905,-83.0,25.0
1,4,23.84993,90.4091,-84.0,27.0
1,4,23.8498,90.40921,-87.0,29.0
1,4,23.8498,90.40921,-84.0,32.0
1,4,23.84974,90.40927,-78.0,33.0
1,4,23.84966,90.40932,-82.0,35.0
1,4,23.84958,90.40938,-82.0,36.0
1,4,23.8495,90.40944,-91.0,37.0
1,4,23.84943,90.4095,-89.0,37.0
1,4,23.84935,90.40957,-87.0,37.0
1,4,23.84928,90.40963,-87.0,36.0
1,4,23.8492,90.40969,-87.0,36.0
1,4,23.84913,90.40975,-87.0,36.0
1,4,23.84906,90.40981,-86.0,36.0
1,4,23.84899,90.40988,-81.0,36.0
1,4,23.84885,90.41,-87.0,36.0
1,4,23.84879,90.41007,-83.0,35.0
1,4,23.84879,90.41007,-84.0,34.0
1,4,23.84872,90.41013,-79.0,33.0
1,4,23.84866,90.4102,-96.0,34.0
1,4,23.84859,90.41026,-97.0,35.0
1,4,23.84852,90.41033,-96.0,36.0
1,4,23.84845,90.4104,-95.0,38.0
1,5,23.84837,90.41046,-98.0,39.0
1,5,23.84829,90.41052,-93.0,40.0
1,5,23.8482,90.41059,-98.0,41.0
1,5,23.84812,90.41066,-99.0,42.0
1,5,23.84794,90.41079,-98.0,43.0
1,5,23.84794,90.41079,-102.0,43.0
1,5,23.84785,90.41086,-95.0,43.0
1,5,23.84776,90.41093,-98.0,45.0
1,5,23.84767,90.411,-101.0,44.0
1,5,23.84749,90.41115,-100.0,45.0
1,5,23.8474,90.41123,-105.0,45.0
1,5,23.8473,90.41131,-101.0,47.0
1,5,23.84721,90.41139,-105.0,48.0
1,5,23.84721,90.41139,-99.0,48.0
1,5,23.84711,90.41147,-110.0,46.0
1,5,23.84702,90.41155,-107.0,49.0
1,5,23.84692,90.41163,-107.0,48.0
1,5,23.84683,90.41171,-85.0,44.0
1,5,23.84674,90.41178,-85.0,42.0
1,5,23.84666,90.41184,-87.0,40.0
1,5,23.84658,90.41191,-82.0,40.0
1,5,23.84651,90.41198,-83.0,40.0
1,5,23.84643,90.41204,-83.0,41.0
1,5,23.84634,90.41212,-83.0,42.0
1,5,23.84626,90.41219,-82.0,42.0
1,5,23.84618,90.41226,-83.0,42.0
1,5,23.8461,90.41233,-80.0,43.0
1,5,23.84602,90.41241,-80.0,43.0
1,5,23.84594,90.41248,-78.0,44.0
1,5,23.84585,90.41256,-77.0,45.0
1,5,23.84576,90.41264,-81.0,46.0
1,5,23.84567,90.41272,-77.0,47.0
1,5,23.84558,90.4128,-77.0,48.0
1,5,23.84549,90.41288,-79.0,49.0
1,5,23.84539,90.41296,-77.0,50.0
1,5,23.84529,90.41304,-78.0,51.0
1,5,23.84519,90.41313,-79.0,51.0
1,5,23.84509,90.41322,-79.0,52.0
1,5,23.845,90.41331,-83.0,53.0
1,5,23.8449,90.4134,-83.0,54.0
1,5,23.84479,90.41349,-86.0,55.0
1,5,23.84469,90.41359,-88.0,55.0
1,5,23.84459,90.41368,-88.0,55.0
1,5,23.84448,90.41378,-85.0,56.0
1,5,23.84436,90.41387,-86.0,57.0
1,5,23.84425,90.41397,-86.0,58.0
1,5,23.84413,90.41407,-86.0,59.0
1,5,23.84401,90.41416,-91.0,59.0
1,5,23.84389,90.41426,-87.0,60.0
1,5,23.84377,90.41436,-87.0,60.0
1,5,23.84364,90.41446,-89.0,61.0
1,5,23.84351,90.41456,-88.0,61.0
1,5,23.84338,90.41466,-88.0,59.0
1,5,23.84326,90.41476,-92.0,56.0
1,5,23.84315,90.41485,-100.0,55.0
1,5,23.84293,90.41504,-97.0,54.0
1,5,23.84293,90.41504,-98.0,51.0
1,5,23.84283,90.41513,-94.0,44.0
1,5,23.84274,90.4152,-93.0,42.0
1,5,23.84266,90.41527,-91.0,41.0
1,5,23.84258,90.41534,-95.0,42.0
1,5,23.84249,90.41541,-94.0,41.0
1,5,23.84242,90.41547,-94.0,37.0
1,5,23.84234,90.41554,-101.0,39.0
1,5,23.84227,90.41561,-102.0,37.0
1,5,23.8422,90.41568,-100.0,35.0
1,5,23.84213,90.41574,-99.0,36.0
1,5,23.84207,90.4158,-96.0,33.0
1,5,23.84201,90.41586,-91.0,33.0
1,5,23.84194,90.41592,-92.0,33.0
1,5,23.84188,90.41598,-84.0,32.0
1,5,23.84183,90.41604,-79.0,28.0
1,5,23.84177,90.41608,-73.0,27.0
1,5,23.84173,90.41613,-78.0,23.0
1,5,23.84168,90.41616,-75.0,21.0
1,5,23.84164,90.4162,-88.0,23.0
1,5,23.84159,90.41623,-79.0,23.0
1,5,23.84154,90.41627,-85.0,23.0
1,5,23.84149,90.41631,-88.0,24.0
1,5,23.84145,90.41634,-94.0,21.0
1,5,23.84141,90.41636,-96.0,13.0
1,5,23.8414,90.41638,-91.0,6.0
1,5,23.84139,90.41639,-91.0,3.0
1,5,23.84139,90.41639,-92.0,3.0
1,5,23.84138,90.4164,-91.0,7.0
1,5,23.84136,90.41642,-95.0,11.0
1,5,23.84134,90.41644,-96.0,15.0
1,5,23.84131,90.41648,-96.0,19.0
1,5,23.84127,90.41651,-97.0,21.0
1,5,23.84122,90.41654,-97.0,22.0
1,5,23.84118,90.41658,-96.0,25.0
1,5,23.84112,90.41662,-95.0,29.0
1,5,23.84106,90.41667,-87.0,31.0
1,5,23.84099,90.41672,-85.0,34.0
1,5,23.84091,90.41677,-87.0,36.0
1,5,23.84083,90.41682,-83.0,38.0
1,5,23.84074,90.41686,-87.0,40.0
1,5,23.84064,90.41691,-93.0,41.0
1,5,23.84055,90.41695,-94.0,41.0
1,5,23.84036,90.41705,-92.0,42.0
1,5,23.84036,90.41705,-96.0,43.0
1,5,23.84026,90.41711,-94.0,46.0
1,5,23.84005,90.41724,-101.0,46.0
1,5,23.84005,90.41724,-95.0,46.0
1,5,23.83985,90.41737,-91.0,47.0
1,5,23.83985,90.41737,-90.0,48.0
1,5,23.83974,90.41744,-91.0,50.0
1,5,23.83951,90.41757,-90.0,51.0
1,5,23.83951,90.41757,-97.0,53.0
1,5,23.83939,90.41765,-97.0,54.0
1,5,23.83927,90.41772,-93.0,55.0
1,5,23.83914,90.41779,-96.0,56.0
1,5,23.839,90.41785,-88.0,57.0
1,5,23.83887,90.41792,-88.0,58.0
1,5,23.83873,90.41798,-85.0,59.0
1,5,23.83846,90.4181,-82.0,59.0
1,5,23.83832,90.41816,-82.0,59.0
1,5,23.83818,90.41822,-78.0,60.0
1,5,23.83803,90.41827,-80.0,60.0
1,5,23.83803,90.41827,-88.0,61.0
1,5,23.83773,90.41838,-82.0,62.0
1,5,23.83773,90.41838,-80.0,62.0
1,5,23.83758,90.41843,-75.0,63.0
1,5,23.83728,90.41853,-74.0,63.0
1,5,23.83728,90.41853,-88.0,61.0
1,5,23.837,90.41862,-82.0,58.0
1,5,23.83686,90.41866,-81.0,56.0
1,5,23.83674,90.41869,-100.0,54.0
1,5,23.83663,90.41872,-85.0,47.0
1,5,23.83654,90.41874,-85.0,42.0
1,5,23.83646,90.41876,-86.0,37.0
1,5,23.83638,90.41878,-89.0,33.0
1,5,23.83631,90.4188,-93.0,30.0
1,5,23.83624,90.41881,-90.0,29.0
1,5,23.83616,90.41883,-91.0,29.0
1,5,23.83609,90.41884,-80.0,30.0
1,5,23.83602,90.41885,-88.0,30.0
1,5,23.83595,90.41887,-91.0,27.0
1,5,23.83589,90.41888,-94.0,26.0
1,5,23.83584,90.41889,-90.0,24.0
1,5,23.83578,90.4189,-84.0,22.0
1,5,23.83573,90.41892,-84.0,23.0
1,5,23.83566,90.41893,-88.0,22.0
1,5,23.83558,90.41894,-84.0,26.0
1,5,23.83558,90.41894,-84.0,29.0
1,5,23.8355,90.41896,-77.0,31.0
1,5,23.83542,90.41898,-77.0,31.0
1,5,23.83535,90.41899,-88.0,34.0
1,5,23.83526,90.41901,-82.0,35.0
1,5,23.83517,90.41903,-82.0,37.0
1,5,23.83507,90.41904,-92.0,39.0
1,5,23.83497,90.41906,-93.0,41.0
1,5,23.83487,90.41909,-88.0,42.0
1,5,23.83476,90.41911,-86.0,44.0
1,5,23.83465,90.41913,-86.0,46.0
1,5,23.83454,90.41916,-87.0,46.0
1,5,23.83442,90.41918,-79.0,47.0
1,5,23.8343,90.4192,-87.0,49.0
1,5,23.83418,90.41922,-83.0,50.0
1,5,23.83405,90.41924,-83.0,52.0
1,5,23.83392,90.41927,-74.0,53.0
1,5,23.83378,90.41929,-78.0,54.0
1,5,23.83364,90.41931,-73.0,56.0
1,5,23.8335,90.41934,-82.0,56.0
1,5,23.83336,90.41936,-82.0,57.0
1,5,23.83322,90.41938,-83.0,57.0
1,5,23.83307,90.4194,-85.0,58.0
1,5,23.83292,90.41941,-76.0,59.0
1,5,23.83278,90.41944,-68.0,59.0
1,5,23.83263,90.41946,-66.0,59.0
1,5,23.83248,90.41948,-64.0,59.0
1,5,23.83233,90.4195,-61.0,57.0
1,5,23.83219,90.41952,-65.0,55.0
1,5,23.83206,90.41954,-64.0,51.0
1,5,23.83193,90.41956,-68.0,50.0
1,5,23.83181,90.41957,-71.0,46.0
1,5,23.8317,90.41959,-69.0,41.0
1,5,23.8316,90.4196,-72.0,42.0
1,5,23.83149,90.41961,-72.0,42.0
1,5,23.83139,90.41963,-72.0,44.0
1,6,23.83127,90.41965,-78.0,45.0
1,6,23.83116,90.41967,-80.0,44.0
1,6,23.83106,90.41969,-81.0,40.0
1,6,23.83096,90.41971,-71.0,38.0
1,6,23.83087,90.41973,-67.0,36.0
1,6,23.83079,90.41974,-67.0,34.0
1,6,23.83071,90.41975,-70.0,31.0
1,6,23.83064,90.41976,-74.0,26.0
1,6,23.83058,90.41977,-74.0,24.0
1,6,23.83051,90.41978,-75.0,26.0
1,6,23.83045,90.41979,-71.0,28.0
1,6,23.83038,90.4198,-65.0,29.0
1,6,23.83031,90.41981,-65.0,27.0
1,6,23.83025,90.41982,-63.0,21.0
1,6,23.8302,90.41982,-66.0,16.0
1,6,23.83017,90.41983,-63.0,14.0
1,6,23.83013,90.41983,-62.0,16.0
1,6,23.83009,90.41983,-63.0,19.0
1,6,23.83003,90.41983,-63.0,20.0
1,6,23.82998,90.41984,-68.0,24.0
1,6,23.82991,90.41985,-67.0,27.0
1,6,23.82984,90.41986,-69.0,30.0
1,6,23.82977,90.41987,-69.0,32.0
1,6,23.82969,90.41988,-73.0,33.0
1,6,23.8296,90.4199,-76.0,34.0
1,6,23.82952,90.41991,-78.0,34.0
1,6,23.82945,90.41993,-78.0,32.0
1,6,23.82939,90.41995,-75.0,30.0
1,6,23.82933,90.41998,-74.0,30.0
1,6,23.82925,90.42,-71.0,33.0
1,6,23.82917,90.42002,-71.0,35.0
1,6,23.82909,90.42004,-75.0,36.0
1,6,23.829,90.42005,-76.0,35.0
1,6,23.82893,90.42007,-79.0,29.0
1,6,23.82886,90.42008,-79.0,25.0
1,6,23.8288,90.42009,-78.0,23.0
1,6,23.82875,90.4201,-76.0,21.0
1,6,23.8287,90.42011,-81.0,22.0
1,6,23.82864,90.42012,-83.0,25.0
1,6,23.82858,90.42014,-77.0,26.0
1,6,23.82852,90.42016,-68.0,23.0
1,6,23.82847,90.42018,-80.0,21.0
1,6,23.82842,90.42019,-83.0,21.0
1,6,23.82838,90.42021,-79.0,17.0
1,6,23.82834,90.42022,-77.0,14.0
1,6,23.82831,90.42023,-77.0,14.0
1,6,23.82828,90.42025,-79.0,14.0
1,6,23.82824,90.42027,-80.0,14.0
1,6,23.82817,90.42029,-82.0,16.0
1,6,23.82817,90.42029,-83.0,18.0
1,6,23.82812,90.4203,-83.0,19.0
1,6,23.82807,90.42032,-92.0,22.0
1,6,23.82801,90.42032,-90.0,24.0
1,6,23.82794,90.42034,-90.0,26.0
1,6,23.82787,90.42035,-89.0,28.0
1,6,23.82779,90.42036,-88.0,30.0
1,6,23.82771,90.42038,-84.0,31.0
1,6,23.82763,90.42039,-80.0,34.0
1,6,23.82745,90.42042,-80.0,35.0
1,6,23.82745,90.42042,-78.0,36.0
1,6,23.82736,90.42043,-79.0,36.0
1,6,23.82726,90.42045,-78.0,37.0
1,6,23.82717,90.42047,-81.0,39.0
1,6,23.82707,90.42048,-81.0,39.0
1,6,23.82697,90.4205,-83.0,38.0
1,6,23.82678,90.42053,-78.0,37.0
1,6,23.82668,90.42055,-82.0,37.0
1,6,23.82668,90.42055,-77.0,37.0
1,6,23.82659,90.42056,-76.0,37.0
1,6,23.8264,90.42059,-73.0,37.0
1,6,23.8264,90.42059,-81.0,35.0
1,6,23.82631,90.42061,-79.0,33.0
1,6,23.82617,90.42063,-79.0,28.0
1,6,23.82611,90.42064,-79.0,23.0
1,6,23.82606,90.42064,-80.0,21.0
1,6,23.82601,90.42065,-86.0,19.0
1,6,23.82596,90.42066,-82.0,19.0
1,6,23.82591,90.42066,-82.0,20.0
1,6,23.82586,90.42067,-80.0,20.0
1,6,23.82581,90.42068,-77.0,19.0
1,6,23.82576,90.42069,-78.0,20.0
1,6,23.8257,90.42071,-76.0,21.0
1,6,23.8257,90.42071,-76.0,23.0
1,6,23.82564,90.42073,-86.0,26.0
1,6,23.8255,90.42076,-77.0,28.0
1,6,23.8255,90.42076,-84.0,30.0
1,6,23.82538,90.42083,-72.0,29.0
1,6,23.82538,90.42083,-77.0,25.0
1,6,23.82534,90.42086,-70.0,20.0
1,6,23.82527,90.42093,-73.0,19.0
1,6,23.82527,90.42093,-73.0,18.0
1,6,23.82522,90.42101,-72.0,17.0
1,6,23.82522,90.42101,-73.0,20.0
1,6,23.82519,90.42105,-76.0,23.0
1,6,23.82515,90.42111,-82.0,26.0
1,6,23.82513,90.42117,-80.0,28.0
1,6,23.8251,90.42125,-79.0,30.0
1,6,23.82508,90.42133,-82.0,33.0
1,6,23.82507,90.42142,-80.0,34.0
1,6,23.82507,90.42161,-84.0,34.0
1,6,23.82507,90.42161,-84.0,35.0
1,6,23.82511,90.4218,-84.0,36.0
1,6,23.82511,90.4218,-89.0,37.0
1,6,23.82513,90.4219,-85.0,38.0
1,6,23.82516,90.422,-88.0,39.0
1,6,23.82518,90.4221,-88.0,39.0
1,6,23.82521,90.4222,-85.0,36.0
1,6,23.82524,90.4223,-86.0,40.0
1,6,23.82527,90.42241,-86.0,45.0
1,6,23.8253,90.42254,-81.0,47.0
1,6,23.82532,90.42266,-72.0,46.0
1,6,23.82535,90.42278,-72.0,44.0
1,6,23.82537,90.4229,-78.0,43.0
1,6,23.8254,90.42301,-81.0,44.0
1,6,23.82543,90.42313,-70.0,45.0
1,6,23.82545,90.42325,-70.0,45.0
1,6,23.82547,90.42337,-62.0,45.0
1,6,23.82549,90.42349,-85.0,46.0
1,6,23.82552,90.42361,-87.0,44.0
1,6,23.82554,90.42373,-77.0,41.0
1,6,23.82556,90.42383,-71.0,40.0
1,6,23.82558,90.42394,-82.0,39.0
1,6,23.82561,90.42404,-82.0,38.0
1,6,23.82563,90.42414,-82.0,38.0
1,6,23.82565,90.42424,-87.0,37.0
1,6,23.82568,90.42434,-89.0,37.0
1,6,23.8257,90.42444,-86.0,38.0
1,6,23.82572,90.42455,-87.0,40.0
1,6,23.82575,90.42466,-90.0,41.0
1,6,23.82577,90.42477,-86.0,43.0
1,6,23.8258,90.42488,-86.0,44.0
1,6,23.82582,90.425,-93.0,45.0
1,6,23.82585,90.42512,-100.0,46.0
1,6,23.82587,90.42525,-95.0,47.0
1,6,23.8259,90.42537,-103.0,48.0
1,6,23.82593,90.4255,-99.0,49.0
1,6,23.82595,90.42563,-95.0,49.0
1,6,23.82598,90.42577,-95.0,50.0
1,6,23.82601,90.4259,-97.0,51.0
1,6,23.82603,90.42604,-99.0,51.0
1,6,23.82609,90.42632,-102.0,52.0
1,6,23.82609,90.42632,-94.0,53.0
1,6,23.82612,90.42645,-92.0,53.0
1,6,23.82615,90.4266,-99.0,54.0
1,6,23.82618,90.42674,-93.0,54.0
1,6,23.82621,90.42689,-94.0,55.0
1,6,23.82624,90.42703,-90.0,56.0
1,6,23.82628,90.42718,-94.0,56.0
1,6,23.82631,90.42733,-91.0,57.0
1,6,23.82635,90.42748,-92.0,57.0
1,6,23.82638,90.42763,-92.0,57.0
1,6,23.82641,90.42779,-84.0,57.0
1,6,23.82644,90.42794,-91.0,57.0
1,6,23.82647,90.42809,-91.0,57.0
1,6,23.8265,90.42824,-87.0,58.0
1,6,23.82654,90.4284,-82.0,59.0
1,6,23.82658,90.42856,-84.0,60.0
1,6,23.82665,90.42887,-78.0,60.0
1,6,23.82665,90.42887,-84.0,61.0
1,6,23.82669,90.42904,-82.0,61.0
1,6,23.82673,90.4292,-79.0,62.0
1,6,23.8268,90.42953,-79.0,62.0
1,6,23.8268,90.42953,-75.0,63.0
1,6,23.82687,90.42987,-78.0,63.0
1,6,23.82691,90.43004,-87.0,63.0
1,6,23.82691,90.43004,-93.0,64.0
1,6,23.82695,90.43021,-95.0,65.0
1,6,23.82699,90.43038,-87.0,64.0
1,6,23.82702,90.43055,-84.0,64.0
1,6,23.8271,90.43089,-82.0,65.0
1,6,23.8271,90.43089,-83.0,65.0
1,6,23.82718,90.43124,-85.0,65.0
1,6,23.82721,90.43141,-91.0,65.0
1,6,23.82721,90.43141,-91.0,64.0
1,6,23.82725,90.43158,-91.0,63.0
1,6,23.82729,90.43175,-91.0,63.0
1,6,23.82732,90.43191,-86.0,60.0
1,6,23.82735,90.43207,-88.0,59.0
1,6,23.82739,90.43222,-90.0,59.0
1,6,23.82742,90.43238,-90.0,59.0
1,7,23.82746,90.43254,-90.0,60.0
1,7,23.8275,90.43269,-91.0,60.0
1,7,23.82753,90.43285,-90.0,60.0
1,7,23.82757,90.43301,-95.0,61.0
1,7,23.82761,90.43317,-101.0,61.0
1,7,23.82765,90.43334,-101.0,62.0
1,7,23.82768,90.4335,-97.0,62.0
1,7,23.82775,90.43384,-98.0,63.0
1,7,23.82779,90.434,-97.0,63.0
1,7,23.82779,90.434,-94.0,64.0
1,7,23.82786,90.43435,-93.0,64.0
1,7,23.82789,90.43452,-93.0,65.0
1,7,23.82793,90.43469,-88.0,65.0
1,7,23.82793,90.43469,-88.0,66.0
1,7,23.82796,90.43487,-92.0,66.0
1,7,23.828,90.43505,-92.0,66.0
1,7,23.82804,90.43522,-93.0,67.0
1,7,23.82811,90.43558,-98.0,67.0
1,7,23.82811,90.43558,-102.0,68.0
1,7,23.82815,90.43576,-102.0,67.0
1,7,23.82821,90.43612,-100.0,67.0
1,7,23.82825,90.4363,-100.0,68.0
1,7,23.828285,90.43648,-107.0,67.5
1,7,23.82832,90.43666,-94.0,67.0
1,7,23.82835,90.43684,-95.0,67.0
1,7,23.82837,90.43702,-96.0,67.0
1,7,23.82841,90.4372,-97.0,67.0
1,7,23.82844,90.43738,-98.0,68.0
1,7,23.82848,90.43756,-97.0,68.0
1,7,23.82851,90.43774,-95.0,68.0
1,7,23.82854,90.43792,-95.0,68.0
1,7,23.82857,90.4381,-95.0,68.0
1,7,23.8286,90.43828,-95.0,68.0
1,7,23.82863,90.43846,-95.0,68.0
1,7,23.82866,90.43864,-95.0,68.0
1,7,23.82869,90.43882,-94.0,67.0
1,7,23.82873,90.439,-93.0,67.0
1,7,23.828745,90.43909,-92.0,67.0
1,7,23.82876,90.43918,-89.0,67.0
1,7,23.82879,90.43936,-93.0,68.0
1,7,23.82883,90.43954,-90.0,68.0
1,7,23.82889,90.43991,-88.0,68.0
1,7,23.82892,90.44009,-86.0,67.0
1,7,23.82896,90.44027,-87.0,67.0
1,7,23.82899,90.44044,-92.0,67.0
1,7,23.82903,90.44062,-91.0,67.0
1,7,23.82903,90.44062,-95.0,67.0
1,7,23.82907,90.4408,-91.0,68.0
1,7,23.82914,90.44116,-89.0,68.0
1,7,23.82914,90.44116,-87.0,68.0
1,7,23.82918,90.44134,-86.0,65.0
1,7,23.82921,90.44151,-79.0,61.0
1,7,23.82927,90.44182,-89.0,58.0
1,7,23.82927,90.44182,-94.0,56.0
1,7,23.82932,90.44211,-86.0,56.0
1,7,23.82935,90.44225,-95.0,50.0
1,7,23.82938,90.44237,-93.0,46.0
1,7,23.82941,90.44249,-91.0,42.0
1,7,23.82943,90.4426,-91.0,42.0
1,7,23.82946,90.44269,-89.0,34.0
1,7,23.82948,90.44277,-89.0,34.0
1,7,23.82948,90.44277,-90.0,30.0
1,7,23.8295,90.44284,-90.0,27.0
1,7,23.82951,90.44291,-91.0,22.0
1,7,23.82953,90.44296,-90.0,18.0
1,7,23.82954,90.44299,-86.0,14.0
1,7,23.82955,90.44303,-86.0,14.0
1,7,23.82956,90.44306,-87.0,13.0
1,7,23.82957,90.44309,-85.0,10.0
1,7,23.82958,90.44311,-85.0,8.0
1,7,23.82958,90.44312,-86.0,6.0
1,7,23.82958,90.44314,-87.0,7.0
1,7,23.82959,90.44315,-84.0,6.0
1,7,23.82959,90.44317,-84.0,7.0
1,7,23.8296,90.44319,-84.0,6.0
1,7,23.8296,90.4432,-90.0,6.0
1,7,23.8296,90.44322,-86.0,6.0
1,7,23.82961,90.44323,-92.0,6.0
1,7,23.82961,90.44325,-90.0,9.0
1,7,23.82961,90.44328,-85.0,13.0
1,7,23.82962,90.44332,-88.0,17.0
1,7,23.82962,90.44336,-91.0,20.0
1,7,23.82963,90.44342,-93.0,21.0
1,7,23.82964,90.44348,-92.0,23.0
1,7,23.82965,90.44354,-90.0,26.0
1,7,23.82966,90.44361,-86.0,28.0
1,7,23.82967,90.44369,-85.0,31.0
1,7,23.8297,90.44387,-87.0,33.0
1,7,23.82971,90.44397,-87.0,35.0
1,7,23.82973,90.44406,-87.0,37.0
1,7,23.82975,90.44416,-87.0,37.0
1,7,23.82977,90.44426,-89.0,37.0
1,7,23.82979,90.44437,-93.0,38.0
1,7,23.82981,90.44447,-93.5,40.0
1,7,23.82981,90.44447,-94.0,41.0
1,7,23.82986,90.4447,-98.0,42.0
1,7,23.82988,90.44481,-100.0,43.0
1,7,23.8299,90.44493,-100.0,44.0
1,7,23.82993,90.44505,-100.0,44.0
1,7,23.82995,90.44517,-102.0,45.0
1,7,23.82997,90.44529,-104.0,46.0
1,7,23.82997,90.44529,-106.0,47.0
1,7,23.83002,90.44555,-105.0,48.0
1,7,23.83005,90.44569,-105.0,50.0
1,7,23.83008,90.44582,-105.0,51.0
1,7,23.83011,90.44597,-106.0,52.0
1,7,23.83011,90.44597,-106.5,54.0
1,7,23.83016,90.44626,-107.0,55.0
1,7,23.8302,90.44642,-110.0,57.0
1,7,23.8302,90.44642,-112.0,58.0
1,7,23.83026,90.44674,-105.0,60.0
1,7,23.83026,90.44674,-106.5,62.0
1,7,23.83034,90.44707,-108.0,63.0
1,7,23.83037,90.44724,-109.0,64.0
1,7,23.8304,90.44741,-108.0,63.0
1,7,23.8304,90.44741,-107.5,63.0
1,7,23.83047,90.44775,-107.0,63.0
1,7,23.83051,90.44793,-107.0,65.0
1,7,23.83055,90.4481,-104.0,65.0
1,7,23.83058,90.44827,-103.0,65.0
1,7,23.83063,90.44843,-103.0,65.0
1,7,23.83066,90.44861,-103.0,62.0
1,7,23.83069,90.44879,-103.0,66.0
1,7,23.83073,90.44897,-105.0,66.0
1,7,23.83076,90.44915,-104.0,65.0
1,7,23.83079,90.44932,-101.5,64.0
1,7,23.83079,90.44932,-99.0,64.0
1,7,23.83082,90.4495,-97.0,64.0
1,7,23.83085,90.44967,-100.0,63.0
1,7,23.83093,90.45001,-90.0,63.0
1,7,23.83093,90.45001,-98.0,62.0
1,7,23.831,90.45033,-94.0,62.0
1,7,23.83104,90.4505,-98.0,61.0
1,7,23.83108,90.45066,-92.0,60.0
1,7,23.83108,90.45066,-91.0,61.0
1,7,23.83115,90.45098,-89.0,59.0
1,7,23.83119,90.45114,-90.0,62.0
1,7,23.83123,90.45131,-85.0,63.0
1,7,23.83123,90.45131,-88.0,63.0
1,7,23.83131,90.45165,-92.0,64.0
1,7,23.83131,90.45165,-96.0,65.0
1,7,23.8314,90.45199,-92.0,65.0
1,7,23.8314,90.45199,-93.0,66.0
1,7,23.83144,90.45217,-90.0,66.0
1,7,23.83152,90.45252,-97.0,66.0
1,7,23.83152,90.45252,-95.0,66.0
1,7,23.8316,90.45287,-95.0,65.0
1,7,23.8316,90.45287,-94.0,66.0
1,7,23.83164,90.45304,-89.0,65.0
1,7,23.83168,90.45321,-88.0,64.0
1,7,23.83173,90.45338,-86.0,64.0
1,7,23.83177,90.45355,-99.0,63.0
1,7,23.83181,90.45371,-91.0,62.0
1,7,23.83189,90.45404,-93.0,62.0
1,7,23.83193,90.4542,-90.0,62.0
1,7,23.83193,90.4542,-91.0,62.0
1,7,23.83197,90.45437,-95.0,63.0
1,7,23.832,90.45453,-96.0,64.0
1,7,23.83204,90.4547,-97.0,65.0
1,7,23.83208,90.45487,-100.0,65.0
1,7,23.83216,90.45523,-100.0,67.0
1,7,23.83216,90.45523,-98.0,68.0
1,7,23.83225,90.4556,-104.0,69.0
1,7,23.83225,90.4556,-109.0,70.0
1,7,23.8323,90.45579,-91.0,71.0
1,7,23.83234,90.45598,-102.0,71.0
1,7,23.8324,90.45617,-90.0,74.0
1,7,23.83249,90.45656,-98.0,73.0
1,7,23.83254,90.45676,-99.0,74.0
1,7,23.83254,90.45676,-101.0,73.0
1,7,23.83259,90.45695,-97.0,73.0
1,7,23.83264,90.45713,-99.0,70.0
1,7,23.83276,90.45755,-100.0,80.0
1,7,23.83282,90.45775,-99.0,79.0
1,7,23.83282,90.45775,-95.0,79.0
1,7,23.83293,90.45813,-97.0,75.0
1,7,23.83297,90.45833,-98.0,74.0
1,7,23.83297,90.45833,-96.0,75.0
1,7,23.83302,90.45852,-96.5,74.0
1,7,23.83306,90.45871,-97.0,73.0
1,8,23.83315,90.4591,-95.0,72.0
1,8,23.8332,90.45928,-92.0,72.0
1,8,23.83323,90.45947,-88.0,71.0
1,8,23.83327,90.45965,-92.0,70.0
1,8,23.83327,90.45965,-96.0,69.0
1,8,23.83336,90.46001,-95.0,69.0
1,8,23.8334,90.4602,-86.0,69.0
1,8,23.83344,90.46038,-83.0,69.0
1,8,23.83349,90.46056,-88.0,70.0
1,8,23.83353,90.46075,-87.0,70.0
1,8,23.83358,90.46093,-87.0,71.0
1,8,23.83362,90.46112,-92.0,71.0
1,8,23.83367,90.4613,-85.0,70.0
1,8,23.83372,90.46149,-85.0,71.0
1,8,23.83376,90.46167,-89.0,71.0
1,8,23.83381,90.46186,-81.0,71.0
1,8,23.83385,90.46205,-85.0,72.0
1,8,23.8339,90.46224,-82.0,71.0
1,8,23.83394,90.46242,-80.0,71.0
1,8,23.83399,90.46261,-101.0,71.0
1,8,23.83403,90.4628,-105.0,71.0
1,8,23.83408,90.46299,-104.0,72.0
1,8,23.83412,90.46318,-108.0,72.0
1,8,23.83417,90.46338,-106.0,73.0
1,8,23.83417,90.46338,-87.0,73.0
1,8,23.83426,90.46377,-87.0,73.0
1,8,23.83426,90.46377,-81.0,73.0
1,8,23.83431,90.46396,-88.0,73.0
1,8,23.83435,90.46415,-91.0,74.0
1,8,23.83443,90.46455,-89.0,74.0
1,8,23.83447,90.46475,-92.0,75.0
1,8,23.83451,90.46495,-88.0,74.0
1,8,23.83456,90.46515,-87.0,75.0
1,8,23.83461,90.46535,-83.0,75.0
1,8,23.83465,90.46555,-84.0,75.0
1,8,23.83465,90.46555,-87.0,75.0
1,8,23.83473,90.46595,-85.5,76.0
1,8,23.83478,90.46615,-84.0,76.0
1,8,23.83483,90.46635,-87.0,75.0
1,8,23.83487,90.46655,-84.0,75.0
1,8,23.83492,90.46675,-83.0,75.0
1,8,23.83496,90.46695,-83.5,76.0
1,8,23.835,90.46715,-84.0,75.0
1,8,23.83505,90.46734,-84.0,75.0
1,8,23.83511,90.46754,-85.0,75.0
1,8,23.83516,90.46773,-83.0,75.0
1,8,23.83521,90.46792,-82.0,71.0
1,8,23.83525,90.4681,-81.0,67.0
1,8,23.83529,90.46827,-80.0,62.0
1,8,23.83533,90.46843,-80.0,62.0
1,8,23.83537,90.46859,-80.0,61.0
1,8,23.8354,90.46874,-80.0,56.0
1,8,23.83542,90.46888,-81.0,50.0
1,8,23.83545,90.469,-79.0,46.0
1,8,23.83547,90.46912,-79.0,46.0
1,8,23.83549,90.46923,-79.0,42.0
1,8,23.83552,90.46934,-78.0,42.0
1,8,23.83554,90.46946,-78.0,43.0
1,8,23.83556,90.469575,-77.0,43.5
1,8,23.83558,90.46969,-76.5,44.0
1,8,23.8356,90.46982,-76.0,45.0
1,8,23.83562,90.46994,-75.0,48.0
1,8,23.83564,90.47007,-75.0,49.0
1,8,23.83567,90.47021,-75.0,49.0
1,8,23.8357,90.47034,-76.0,51.0
1,8,23.83572,90.47049,-77.0,53.0
1,8,23.83575,90.47063,-80.0,54.0
1,8,23.83577,90.47077,-83.0,54.0
1,8,23.83579,90.47091,-84.0,54.0
1,8,23.83581,90.47106,-84.0,54.0
1,8,23.83583,90.4712,-84.0,53.0
1,8,23.83583,90.4712,-83.0,53.0
1,8,23.83588,90.4715,-84.0,54.0
1,8,23.83588,90.4715,-88.0,55.0
1,8,23.83591,90.47164,-85.0,55.0
1,8,23.83593,90.47179,-82.0,56.0
1,8,23.83596,90.47195,-74.0,57.0
1,8,23.83599,90.4721,-78.0,56.0
1,8,23.83601,90.47225,-83.0,57.0
1,8,23.83604,90.4724,-80.0,58.0
1,8,23.83607,90.47256,-80.0,58.0
1,8,23.8361,90.47271,-74.0,58.0
1,8,23.83614,90.47287,-80.0,56.0
1,8,23.83617,90.47301,-97.0,52.0
1,8,23.8362,90.47314,-95.0,49.0
1,8,23.83624,90.47326,-92.0,43.0
1,8,23.83626,90.47337,-89.0,37.0
1,8,23.83628,90.47345,-98.0,31.0
1,8,23.8363,90.47352,-96.0,25.0
1,8,23.83631,90.47358,-90.0,19.0
1,8,23.83632,90.47362,-88.0,13.0
1,8,23.83633,90.47364,-90.0,10.0
1,8,23.83633,90.47366,-90.0,8.0
1,8,23.83634,90.47368,-90.0,5.0
1,8,23.83634,90.47368,-88.0,2.0
1,8,23.83634,90.47368,-87.0,1.0
1,8,23.83634,90.47367,-87.0,1.0
1,8,23.83634,90.47367,-89.0,0.0
1,8,23.83634,90.47367,-88.0,0.0
1,8,23.83634,90.47367,-88.0,1.0
1,8,23.83635,90.47368,-87.0,3.0
1,8,23.83635,90.4737,-90.0,4.0
1,8,23.83636,90.47372,-100.0,7.0
1,8,23.83637,90.47375,-101.0,12.0
1,8,23.83639,90.4738,-100.0,15.0
1,8,23.8364,90.47385,-99.0,18.0
1,8,23.8364,90.47385,-70.0,18.0
1,8,23.83642,90.47396,-70.0,21.0
1,8,23.83643,90.47403,-94.0,23.0
1,8,23.83645,90.47411,-100.0,26.0
1,8,23.83645,90.47411,-100.0,29.0
1,8,23.83649,90.47429,-90.0,31.0
1,8,23.83649,90.47429,-101.0,33.0
1,8,23.83651,90.47438,-96.0,35.0
1,8,23.83652,90.47448,-100.0,35.0
1,8,23.83654,90.47458,-100.0,35.0
1,8,23.83656,90.47467,-97.0,35.0
1,8,23.83658,90.47477,-101.0,36.0
1,8,23.83661,90.47486,-94.0,37.0
1,8,23.83663,90.47496,-74.0,37.0
1,8,23.83665,90.47507,-81.0,38.0
1,8,23.83667,90.47517,-80.0,39.0
1,8,23.83669,90.47527,-81.0,39.0
1,8,23.83671,90.47538,-86.0,40.0
1,8,23.83673,90.47549,-87.0,40.0
1,8,23.83675,90.4756,-84.0,40.0
1,8,23.83677,90.4757,-83.0,40.0
1,8,23.83679,90.47581,-80.0,40.0
1,8,23.83682,90.47592,-80.0,41.0
1,8,23.83684,90.47604,-81.0,42.0
1,8,23.83687,90.47615,-77.0,42.0
1,8,23.83689,90.47626,-80.0,43.0
1,8,23.83691,90.47638,-74.0,43.0
1,8,23.83694,90.47649,-81.0,43.0
1,8,23.83696,90.47661,-75.0,44.0
1,8,23.83698,90.47672,-76.0,44.0
1,8,23.83701,90.47684,-79.0,43.0
1,8,23.83703,90.47696,-83.0,43.0
1,8,23.83705,90.47707,-82.0,44.0
1,8,23.83708,90.47719,-85.0,45.0
1,8,23.8371,90.47731,-85.0,44.0
1,8,23.83713,90.47743,-94.0,44.0
1,8,23.83715,90.47755,-94.0,45.0
1,8,23.83718,90.47767,-91.0,47.0
1,8,23.83721,90.47779,-73.0,45.0
1,8,23.83723,90.47791,-74.0,42.0
1,8,23.83726,90.47801,-75.0,39.0
1,8,23.83728,90.47811,-76.0,35.0
1,8,23.8373,90.4782,-77.0,34.0
1,8,23.83732,90.47829,-82.0,35.0
1,8,23.83734,90.47839,-81.0,37.0
1,8,23.83736,90.47849,-81.0,38.0
1,8,23.83738,90.47859,-86.0,39.0
1,8,23.8374,90.4787,-79.0,41.0
1,8,23.83743,90.47881,-83.0,43.0
1,8,23.83745,90.47893,-82.0,44.0
1,8,23.83748,90.47904,-82.0,45.0
1,8,23.8375,90.47916,-82.0,46.0
1,8,23.83752,90.47929,-81.0,47.0
1,8,23.83754,90.47942,-84.0,48.0
1,8,23.83756,90.47955,-86.0,50.0
1,8,23.83757,90.47969,-81.0,51.0
1,8,23.83758,90.47983,-79.0,52.0
1,8,23.83758,90.47997,-82.0,53.0
1,8,23.83758,90.48012,-84.0,54.0
1,8,23.83758,90.48027,-84.0,55.0
1,8,23.83758,90.48042,-84.0,56.0
1,8,23.83758,90.48057,-83.0,57.0
1,8,23.83759,90.48073,-81.0,56.0
1,8,23.83758,90.48088,-82.0,57.0
1,8,23.83758,90.48104,-83.0,58.0
1,8,23.83758,90.48119,-83.0,58.0
1,8,23.83758,90.48135,-84.0,59.0
1,8,23.83758,90.48151,-83.0,59.0
1,8,23.83758,90.48167,-85.0,59.0
1,8,23.83758,90.48184,-88.0,60.0
1,8,23.83758,90.482,-86.0,60.0
1,8,23.83758,90.48216,-84.0,60.0
1,8,23.83757,90.48233,-83.0,59.0
1,8,23.83757,90.48249,-84.0,58.0
1,9,23.83757,90.48265,-82.0,57.0
1,9,23.83757,90.4828,-82.0,57.0
1,9,23.83757,90.48296,-82.0,56.0
1,9,23.83756,90.48311,-85.0,56.0
1,9,23.83756,90.48325,-83.0,52.0
1,9,23.83756,90.48339,-82.0,45.0
1,9,23.83757,90.4835,-82.0,40.0
1,9,23.83757,90.4836,-82.0,36.0
1,9,23.83756,90.48369,-84.0,29.0
1,9,23.83756,90.48376,-85.0,23.0
1,9,23.83756,90.48381,-88.0,19.0
1,9,23.83755,90.48386,-84.0,16.0
1,9,23.83753,90.4839,-84.0,15.0
1,9,23.83751,90.48393,-86.0,15.0
1,9,23.83748,90.48395,-84.0,14.0
1,9,23.83741,90.48398,-76.0,14.0
1,9,23.83741,90.48398,-89.0,14.0
1,9,23.83738,90.48398,-88.0,14.0
1,9,23.83731,90.48394,-84.0,16.0
1,9,23.83731,90.48394,-88.0,16.0
1,9,23.83727,90.48391,-92.0,17.0
1,9,23.83725,90.48387,-88.0,19.0
1,9,23.83724,90.48381,-83.0,22.0
1,9,23.83723,90.48374,-83.0,24.0
1,9,23.83722,90.48367,-88.0,26.0
1,9,23.83722,90.48359,-92.0,29.0
1,9,23.83722,90.4835,-87.0,31.0
1,9,23.83722,90.48341,-77.0,34.0
1,9,23.83722,90.48331,-82.0,36.0
1,9,23.83722,90.4832,-100.0,36.0
1,9,23.83722,90.48311,-102.0,36.0
1,9,23.83723,90.483,-104.0,37.0
1,9,23.83723,90.4829,-105.0,38.0
1,9,23.83723,90.48279,-108.0,39.0
1,9,23.83722,90.48268,-107.0,40.0
1,9,23.83722,90.48257,-112.0,42.0
1,9,23.83722,90.48245,-113.0,43.0
1,9,23.83722,90.48233,-122.0,44.0
1,9,23.83722,90.4822,-117.0,44.0
1,9,23.83722,90.48207,-82.0,46.0
1,9,23.83722,90.48194,-85.0,47.0
1,9,23.83721,90.48181,-83.0,48.0
1,9,23.83721,90.48167,-82.0,49.0
1,9,23.83721,90.48153,-81.0,49.0
1,9,23.83721,90.48138,-84.0,50.0
1,9,23.83721,90.48124,-86.0,51.0
1,9,23.8372,90.48109,-87.0,52.0
1,9,23.8372,90.48095,-86.0,53.0
1,9,23.8372,90.4808,-82.0,53.0
1,9,23.8372,90.48065,-81.0,55.0
1,9,23.8372,90.48049,-78.0,54.0
1,9,23.8372,90.48034,-79.0,55.0
1,9,23.8372,90.48019,-81.0,56.0
1,9,23.8372,90.47988,-77.0,56.0
1,9,23.83719,90.47972,-80.0,56.0
1,9,23.83718,90.47956,-79.0,57.0
1,9,23.83718,90.47956,-81.0,57.0
1,9,23.83716,90.4794,-83.0,57.0
1,9,23.83712,90.47909,-81.0,57.0
1,9,23.83709,90.47893,-84.0,57.0
1,9,23.83709,90.47893,-85.0,56.0
1,9,23.83706,90.47879,-81.0,55.0
1,9,23.83704,90.47864,-79.0,54.0
1,9,23.83702,90.47849,-75.0,54.0
1,9,23.83696,90.47819,-81.0,56.0
1,9,23.83696,90.47819,-76.0,56.0
1,9,23.83694,90.47804,-76.0,56.0
1,9,23.8369,90.47789,-74.0,56.0
1,9,23.83684,90.4776,-75.0,55.0
1,9,23.83681,90.47746,-75.0,55.0
1,9,23.83679,90.47731,-71.0,54.0
1,9,23.83676,90.47717,-75.0,54.0
1,9,23.83676,90.47717,-79.0,54.0
1,9,23.83673,90.47702,-79.0,55.0
1,9,23.83667,90.47671,-78.0,56.0
1,9,23.83667,90.47671,-77.0,58.0
1,9,23.83663,90.47655,-78.0,60.0
1,9,23.8366,90.47639,-81.0,62.0
1,9,23.83657,90.47622,-81.0,63.0
1,9,23.83653,90.47605,-83.0,64.0
1,9,23.83649,90.47588,-82.0,65.0
1,9,23.83646,90.4757,-78.0,66.0
1,9,23.83642,90.47552,-81.0,67.0
1,9,23.83638,90.47534,-81.0,68.0
1,9,23.83634,90.47516,-76.0,68.0
1,9,23.8363,90.47498,-72.0,69.0
1,9,23.83626,90.47479,-74.0,69.0
1,9,23.83623,90.47461,-74.0,67.0
1,9,23.83619,90.47443,-76.0,66.0
1,9,23.83616,90.47425,-72.0,65.0
1,9,23.83609,90.4739,-71.0,66.0
1,9,23.83605,90.47372,-71.0,67.0
1,9,23.83602,90.47355,-81.0,67.0
1,9,23.836,90.47339,-82.0,60.0
1,9,23.83598,90.47322,-81.0,60.0
1,9,23.83596,90.47305,-80.0,62.0
1,9,23.83594,90.47288,-79.0,62.0
1,9,23.83593,90.47271,-77.0,63.0
1,9,23.83591,90.472535,-78.5,63.5
1,9,23.83589,90.47236,-80.0,64.0
1,9,23.83587,90.47218,-79.0,66.0
1,9,23.83584,90.472,-80.0,66.0
1,9,23.83581,90.47183,-81.0,66.0
1,9,23.83578,90.47165,-81.0,66.0
1,9,23.83576,90.47147,-81.0,65.0
1,9,23.83576,90.47147,-86.0,65.0
1,9,23.83573,90.47129,-86.0,68.0
1,9,23.83569,90.47111,-91.0,68.0
1,9,23.83562,90.47073,-91.0,69.0
1,9,23.83559,90.47054,-85.0,71.0
1,9,23.83559,90.47054,-85.0,71.0
1,9,23.83551,90.47017,-80.0,71.0
1,9,23.83548,90.47002,-78.0,64.0
1,9,23.83546,90.46989,-74.0,54.0
1,9,23.83546,90.46989,-74.0,47.0
1,9,23.83541,90.46969,-75.0,38.0
1,9,23.83541,90.46969,-75.0,30.0
1,9,23.83539,90.46958,-75.0,20.0
1,9,23.83539,90.46958,-77.0,15.0
1,9,23.83539,90.46954,-75.5,12.0
1,9,23.83537,90.46949,-74.0,11.0
1,9,23.83537,90.46946,-77.0,10.0
1,9,23.83537,90.46944,-77.0,11.0
1,9,23.83536,90.46941,-76.0,10.0
1,9,23.83535,90.46939,-78.0,10.0
1,9,23.83535,90.46937,-78.0,9.0
1,9,23.83534,90.46935,-77.0,10.0
1,9,23.83533,90.46933,-77.0,10.0
1,9,23.83532,90.4693,-76.0,10.0
1,9,23.83532,90.46928,-76.0,8.0
1,9,23.83531,90.46927,-76.5,8.0
1,9,23.83531,90.46926,-77.0,5.0
1,9,23.83531,90.46926,-78.0,6.0
1,9,23.8353,90.46925,-78.0,7.0
1,9,23.83529,90.46923,-74.0,7.0
1,9,23.83528,90.46919,-75.0,8.0
1,9,23.83528,90.46915,-77.0,11.0
1,9,23.83528,90.46911,-77.0,11.0
1,9,23.83527,90.46905,-80.0,15.0
1,9,23.83527,90.46905,-73.0,21.0
1,9,23.83526,90.46891,-75.0,23.0
1,9,23.83525,90.46883,-75.5,27.0
1,9,23.83525,90.46883,-76.0,30.0
1,9,23.83523,90.46875,-77.0,32.0
1,9,23.83521,90.46866,-77.0,35.0
1,9,23.83519,90.46856,-81.0,37.0
1,9,23.83517,90.46846,-77.0,37.0
1,9,23.83515,90.46835,-77.0,38.0
1,9,23.83513,90.46825,-81.0,39.0
1,9,23.83511,90.46814,-84.0,40.0
1,9,23.83509,90.46803,-82.0,41.0
1,9,23.83507,90.46791,-78.0,42.0
1,9,23.83504,90.46779,-78.0,44.0
1,9,23.83501,90.46767,-75.0,46.0
1,9,23.83498,90.46754,-78.0,48.0
1,9,23.83495,90.46741,-73.0,49.0
1,9,23.83492,90.46727,-76.0,50.0
1,9,23.83489,90.46713,-76.0,51.0
1,9,23.83486,90.46699,-76.0,53.0
1,9,23.83482,90.46684,-75.0,55.0
1,9,23.83479,90.46669,-76.0,56.0
1,9,23.83475,90.46654,-82.0,57.0
1,9,23.83471,90.46638,-83.0,57.0
1,9,23.83467,90.46623,-80.0,58.0
1,9,23.83464,90.46607,-80.0,59.0
1,9,23.8346,90.4659,-82.0,61.0
1,9,23.83456,90.46574,-82.0,61.0
1,9,23.83452,90.46558,-83.0,62.0
1,9,23.83449,90.46541,-85.0,61.0
1,9,23.83445,90.46525,-82.0,62.0
1,9,23.83441,90.46508,-80.0,63.0
1,9,23.83437,90.46491,-85.0,63.0
1,9,23.83433,90.46474,-85.0,64.0
1,9,23.83429,90.46457,-83.0,64.0
1,9,23.83425,90.4644,-84.0,65.0
1,9,23.83421,90.46423,-88.0,64.0
1,9,23.83417,90.46406,-85.0,65.0
1,9,23.83413,90.46388,-86.0,66.0
1,9,23.83409,90.46371,-88.0,66.0
1,9,23.83405,90.46353,-89.0,66.0
1,10,23.83401,90.46335,-90.0,66.0
1,10,23.83397,90.46317,-90.0,67.0
1,10,23.83392,90.46299,-86.0,68.0
1,10,23.83388,90.46281,-86.0,68.0
1,10,23.83384,90.46263,-94.0,68.0
1,10,23.83379,90.46245,-88.0,67.0
1,10,23.83375,90.46227,-81.0,67.0
1,10,23.83371,90.46209,-90.0,68.0
1,10,23.83366,90.46191,-85.0,69.0
1,10,23.83362,90.46173,-90.0,69.0
1,10,23.83357,90.46154,-85.0,69.0
1,10,23.83352,90.46136,-90.0,70.0
1,10,23.83348,90.46117,-90.0,71.0
1,10,23.83343,90.46098,-97.0,71.0
1,10,23.83338,90.46079,-91.0,73.0
1,10,23.83333,90.4606,-92.0,72.0
1,10,23.83328,90.46041,-96.0,71.0
1,10,23.83323,90.46023,-95.0,68.0
1,10,23.83319,90.46006,-94.0,66.0
1,10,23.83314,90.45989,-87.0,65.0
1,10,23.8331,90.45972,-94.0,65.0
1,10,23.83305,90.45955,-80.0,66.0
1,10,23.83301,90.45937,-92.0,68.0
1,10,23.83296,90.45919,-98.0,70.0
1,10,23.83291,90.459,-103.0,71.0
1,10,23.83287,90.45881,-101.0,72.0
1,10,23.83278,90.45842,-105.0,73.0
1,10,23.83273,90.45822,-104.0,74.0
1,10,23.83273,90.45822,-103.0,75.0
1,10,23.83265,90.45781,-104.0,76.0
1,10,23.83265,90.45781,-105.0,78.0
1,10,23.83255,90.45739,-96.0,78.0
1,10,23.8325,90.45718,-96.0,81.0
1,10,23.83243,90.45697,-99.0,79.0
1,10,23.83243,90.45697,-104.0,79.0
1,10,23.83237,90.45676,-94.0,80.0
1,10,23.8323,90.45656,-94.0,83.0
1,10,23.83225,90.45635,-93.0,79.0
1,10,23.8322,90.45615,-95.0,77.0
1,10,23.83216,90.45595,-95.0,76.0
1,10,23.83212,90.45576,-96.0,76.0
1,10,23.83208,90.45556,-96.0,75.0
1,10,23.83203,90.45536,-85.0,74.0
1,10,23.83198,90.45517,-85.0,74.0
1,10,23.83194,90.45498,-85.0,73.0
1,10,23.83189,90.45479,-95.0,72.0
1,10,23.83185,90.4546,-85.0,69.0
1,10,23.83181,90.45443,-88.0,65.0
1,10,23.83177,90.45426,-90.0,64.0
1,10,23.83173,90.45409,-91.0,65.0
1,10,23.83169,90.45392,-95.0,65.0
1,10,23.83164,90.45374,-94.0,67.0
1,10,23.8316,90.45356,-100.0,67.0
1,10,23.83156,90.45338,-97.0,68.0
1,10,23.83153,90.4532,-96.0,69.0
1,10,23.83148,90.45301,-101.0,70.0
1,10,23.83143,90.45283,-102.0,71.0
1,10,23.83139,90.45264,-103.0,73.0
1,10,23.83134,90.45244,-106.0,74.0
1,10,23.83129,90.45225,-90.0,75.0
1,10,23.83124,90.45205,-94.0,75.0
1,10,23.8312,90.45185,-94.0,75.0
1,10,23.83116,90.45165,-95.0,75.0
1,10,23.83108,90.45125,-93.0,74.0
1,10,23.83108,90.45125,-95.0,75.0
1,10,23.83104,90.45106,-99.0,72.0
1,10,23.83096,90.45071,-99.0,66.0
1,10,23.83093,90.45055,-96.0,61.0
1,10,23.83093,90.45055,-100.0,59.0
1,10,23.83085,90.45023,-99.0,60.0
1,10,23.83085,90.45023,-104.0,61.0
1,10,23.83076,90.44988,-107.0,64.0
1,10,23.83072,90.44971,-107.0,64.0
1,10,23.83072,90.44971,-104.0,66.0
1,10,23.83068,90.44953,-101.0,67.0
1,10,23.8306,90.44916,-108.0,68.0
1,10,23.83056,90.44897,-110.0,70.0
1,10,23.83056,90.44897,-109.0,71.0
1,10,23.83047,90.44858,-112.0,74.0
1,10,23.83047,90.44858,-113.0,75.0
1,10,23.83039,90.44819,-105.0,75.0
1,10,23.83039,90.44819,-105.0,75.0
1,10,23.83031,90.4478,-110.0,73.0
1,10,23.83026,90.4476,-111.0,74.0
1,10,23.83022,90.4474,-111.0,75.0
1,10,23.83018,90.4472,-110.0,75.0
1,10,23.83013,90.447,-117.0,74.0
1,10,23.83013,90.447,-117.0,76.0
1,10,23.83009,90.4468,-113.0,75.0
1,10,23.83006,90.44661,-109.0,74.0
1,10,23.83002,90.44642,-106.0,73.0
1,10,23.82998,90.44622,-106.0,72.0
1,10,23.82994,90.44603,-103.0,71.0
1,10,23.8299,90.44584,-102.0,71.0
1,10,23.82987,90.44565,-107.0,70.0
1,10,23.82983,90.44547,-103.0,69.0
1,10,23.82978,90.44529,-103.0,69.0
1,10,23.82974,90.44511,-99.0,68.0
1,10,23.8297,90.44493,-101.0,69.0
1,10,23.82966,90.44474,-102.0,69.0
1,10,23.82962,90.44456,-102.0,70.0
1,10,23.82958,90.44437,-99.0,71.0
1,10,23.82954,90.44418,-97.0,71.0
1,10,23.8295,90.44399,-85.0,71.0
1,10,23.82946,90.4438,-91.0,72.0
1,10,23.82942,90.44361,-92.0,72.0
1,10,23.82939,90.44342,-94.0,72.0
1,10,23.82935,90.44323,-92.0,72.0
1,10,23.82932,90.44303,-93.0,73.0
1,10,23.82929,90.44284,-93.0,73.0
1,10,23.82925,90.44264,-89.0,73.0
1,10,23.82922,90.44245,-95.0,72.0
1,10,23.82918,90.44225,-96.0,73.0
1,10,23.82915,90.44206,-92.0,73.0
1,10,23.82911,90.44186,-88.0,73.0
1,10,23.82908,90.44167,-97.0,74.0
1,10,23.82904,90.44147,-94.0,73.0
1,10,23.829,90.44128,-96.0,73.0
1,10,23.82896,90.44108,-97.0,74.0
1,10,23.82893,90.44088,-95.0,72.0
1,10,23.82889,90.44069,-94.0,73.0
1,10,23.82885,90.4405,-93.0,73.0
1,10,23.82882,90.4403,-90.0,73.0
1,10,23.82878,90.4401,-91.0,74.0
1,10,23.82874,90.4399,-88.0,73.0
1,10,23.8287,90.43971,-82.0,72.0
1,10,23.82867,90.43951,-84.0,72.0
1,10,23.82864,90.43932,-82.0,71.0
1,10,23.8286,90.43912,-89.0,73.0
1,10,23.82856,90.43893,-95.0,74.0
1,10,23.82853,90.43874,-97.0,73.0
1,10,23.82849,90.43854,-93.0,72.0
1,10,23.82846,90.43835,-94.0,73.0
1,10,23.82842,90.43815,-93.0,73.0
1,10,23.82839,90.43795,-92.0,74.0
1,10,23.82835,90.43775,-95.0,73.0
1,10,23.82832,90.43755,-94.0,74.0
1,10,23.82828,90.43735,-95.0,74.0
1,10,23.82824,90.43715,-97.0,75.0
1,10,23.8282,90.43695,-100.0,75.0
1,10,23.82816,90.43676,-99.0,75.0
1,10,23.82811,90.43656,-101.0,76.0
1,10,23.82806,90.43635,-100.0,76.0
1,10,23.82802,90.43615,-104.0,75.0
1,10,23.82798,90.43595,-103.0,75.0
1,10,23.82794,90.43574,-98.0,76.0
1,10,23.8279,90.43554,-90.0,77.0
1,10,23.82785,90.43533,-95.0,78.0
1,10,23.82781,90.43512,-93.0,78.0
1,10,23.82777,90.43491,-92.0,78.0
1,10,23.82772,90.4347,-96.0,77.0
1,10,23.82768,90.4345,-97.0,77.0
1,10,23.82764,90.43429,-96.0,76.0
1,10,23.82759,90.43409,-93.0,76.0
1,10,23.82754,90.43389,-95.0,76.0
1,10,23.82749,90.43369,-99.0,76.0
1,10,23.82744,90.43348,-95.0,78.0
1,10,23.82739,90.43328,-100.0,76.0
1,10,23.82734,90.43308,-90.0,76.0
1,10,23.8273,90.43288,-91.0,75.0
1,10,23.82726,90.43268,-92.0,75.0
1,10,23.82722,90.43248,-90.0,76.0
1,10,23.82716,90.43228,-89.0,75.0
1,10,23.82711,90.43208,-93.0,75.0
1,10,23.82707,90.43189,-106.0,74.0
1,10,23.82703,90.43169,-93.0,75.0
1,10,23.82699,90.43149,-96.0,76.0
1,10,23.82695,90.43129,-99.0,77.0
1,10,23.82692,90.43108,-92.0,76.0
1,10,23.82688,90.43088,-101.0,76.0
1,10,23.82683,90.43067,-101.0,75.0
1,10,23.8268,90.43047,-106.0,76.0
1,10,23.82676,90.43026,-98.0,75.0
1,10,23.82672,90.43006,-106.0,76.0
1,10,23.82663,90.42967,-107.0,74.0
1,10,23.82659,90.42947,-107.0,72.0
1,10,23.82659,90.42947,-73.0,74.0
1,10,23.82654,90.42928,-73.0,75.0
1,10,23.8265,90.42908,-78.0,75.0
1,10,23.82645,90.42887,-75.0,74.0
1,11,23.8264,90.42868,-90.0,74.0
1,11,23.82636,90.42848,-87.0,74.0
1,11,23.82631,90.42828,-82.0,74.0
1,11,23.82626,90.42808,-87.0,75.0
1,11,23.82622,90.42788,-90.0,75.0
1,11,23.82617,90.42768,-90.0,75.0
1,11,23.82613,90.42748,-91.0,76.0
1,11,23.82609,90.42728,-88.0,74.0
1,11,23.82606,90.42708,-91.0,73.0
1,11,23.82603,90.42688,-98.0,73.0
1,11,23.826,90.42668,-100.0,75.0
1,11,23.82597,90.42647,-100.0,75.0
1,11,23.82594,90.42627,-94.0,75.0
1,11,23.82591,90.42607,-99.0,75.0
1,11,23.82588,90.42586,-101.0,75.0
1,11,23.82585,90.42565,-101.0,75.0
1,11,23.82581,90.42545,-102.0,75.0
1,11,23.82577,90.42526,-101.0,73.0
1,11,23.82572,90.42507,-99.0,72.0
1,11,23.82567,90.42488,-100.0,70.0
1,11,23.82563,90.42469,-106.0,69.0
1,11,23.82558,90.42451,-102.0,66.0
1,11,23.82554,90.42434,-103.0,64.0
1,11,23.8255,90.42417,-74.0,63.0
1,11,23.82543,90.42384,-74.0,62.0
1,11,23.82539,90.42369,-88.0,57.0
1,11,23.82539,90.42369,-96.0,50.0
1,11,23.82536,90.42357,-89.0,44.0
1,11,23.82531,90.42335,-88.0,42.0
1,11,23.82531,90.42335,-75.0,42.0
1,11,23.82528,90.42325,-91.0,43.0
1,11,23.82522,90.42302,-91.0,44.0
1,11,23.82519,90.4229,-89.0,44.0
1,11,23.82517,90.42278,-83.0,45.0
1,11,23.82514,90.42266,-83.0,46.0
1,11,23.82511,90.42255,-85.0,43.0
1,11,23.82508,90.42244,-86.0,41.0
1,11,23.82506,90.42235,-90.0,39.0
1,11,23.82503,90.42226,-95.0,33.0
1,11,23.825,90.42219,-99.0,32.0
1,11,23.82496,90.42212,-87.0,29.0
1,11,23.82492,90.42205,-86.0,28.0
1,11,23.82487,90.42199,-92.0,31.0
1,11,23.82481,90.42193,-95.0,31.0
1,11,23.82481,90.42193,-94.0,32.0
1,11,23.82467,90.42181,-86.0,33.0
1,11,23.82467,90.42181,-86.0,37.0
1,11,23.82451,90.42172,-96.0,38.0
1,11,23.82441,90.42168,-92.0,39.0
1,11,23.82432,90.42166,-92.0,39.0
1,11,23.82422,90.42164,-104.0,40.0
1,11,23.82412,90.42162,-98.0,40.0
1,11,23.82401,90.42161,-99.0,42.0
1,11,23.8239,90.42161,-99.0,42.0
1,11,23.82381,90.4216,-93.0,40.0
1,11,23.82372,90.4216,-97.0,37.0
1,11,23.82364,90.42159,-94.0,32.0
1,11,23.82357,90.42159,-97.0,30.0
1,11,23.8235,90.42159,-97.0,27.0
1,11,23.82344,90.42159,-91.0,26.0
1,11,23.82337,90.42159,-87.0,26.0
1,11,23.82337,90.42159,-91.0,26.0
1,11,23.82324,90.42159,-94.0,25.0
1,11,23.82324,90.42159,-95.0,21.0
1,11,23.82314,90.42158,-90.0,20.0
1,11,23.82314,90.42158,-89.0,21.0
1,11,23.82308,90.42157,-84.0,23.0
1,11,23.82296,90.42155,-84.0,25.0
1,11,23.82289,90.42154,-83.0,25.0
1,11,23.82289,90.42154,-88.0,26.0
1,11,23.82283,90.42154,-93.0,22.0
1,11,23.82278,90.42154,-89.0,18.0
1,11,23.82271,90.42153,-87.0,14.0
1,11,23.82271,90.42153,-87.0,15.0
1,11,23.82267,90.42152,-84.0,17.0
1,11,23.82262,90.42152,-87.0,19.0
1,11,23.82257,90.42152,-84.0,16.0
1,11,23.82253,90.42152,-84.0,16.0
1,11,23.82249,90.42151,-83.0,17.0
1,11,23.82245,90.4215,-78.0,20.0
1,11,23.8224,90.42148,-79.0,22.0
1,11,23.82235,90.42145,-77.0,24.0
1,11,23.82229,90.42142,-80.0,26.0
1,11,23.82223,90.42139,-78.0,21.0
1,11,23.82218,90.42138,-82.0,18.0
1,11,23.82213,90.42136,-79.0,22.0
1,11,23.82208,90.42133,-78.0,24.0
1,11,23.82202,90.42131,-74.0,27.0
1,11,23.82195,90.42128,-75.0,31.0
1,11,23.82187,90.42125,-75.0,34.0
1,11,23.82178,90.42122,-76.0,36.0
1,11,23.8216,90.42113,-74.0,39.0
1,11,23.8216,90.42113,-74.0,38.0
1,11,23.82152,90.42109,-79.0,34.0
1,11,23.82145,90.42106,-78.0,26.0
1,11,23.8214,90.42104,-78.0,18.0
1,11,23.82136,90.42101,-80.0,16.0
1,11,23.82132,90.42099,-77.0,18.0
1,11,23.82123,90.42094,-82.0,21.0
1,11,23.82123,90.42094,-84.0,23.0
1,11,23.82117,90.42092,-85.0,25.0
1,11,23.8211,90.4209,-86.0,27.0
1,11,23.82096,90.42084,-88.0,29.0
1,11,23.82096,90.42084,-91.0,30.0
1,11,23.82089,90.42081,-91.0,27.0
1,11,23.82083,90.42077,-85.0,26.0
1,11,23.82077,90.42074,-85.0,24.0
1,11,23.82072,90.4207,-87.0,22.0
1,11,23.82068,90.42067,-85.0,18.0
1,11,23.82067,90.42064,-88.0,14.0
1,11,23.82065,90.4206,-89.0,15.0
1,11,23.82063,90.42056,-89.0,14.0
1,11,23.82061,90.42052,-89.0,16.0
1,11,23.82059,90.42048,-87.0,15.0
1,11,23.82056,90.42044,-85.0,16.0
1,11,23.82055,90.42039,-85.0,20.0
1,11,23.82056,90.42033,-83.0,19.0
1,11,23.82057,90.42028,-85.0,17.0
1,11,23.82058,90.42024,-77.0,15.0
1,11,23.82059,90.42019,-78.0,15.0
1,11,23.82059,90.42015,-73.0,15.0
1,11,23.8206,90.4201,-72.0,17.0
1,11,23.82062,90.42005,-70.0,18.0
1,11,23.82064,90.42,-73.0,17.0
1,11,23.82066,90.41996,-81.0,18.0
1,11,23.82069,90.41992,-81.0,20.0
1,11,23.82074,90.41988,-88.0,23.0
1,11,23.82078,90.41983,-87.0,22.0
1,11,23.82083,90.41978,-88.0,22.0
1,11,23.82086,90.41974,-88.0,20.0
1,11,23.82089,90.4197,-85.0,16.0
1,11,23.82092,90.41966,-86.0,15.0
1,11,23.82094,90.41962,-83.0,15.0
1,11,23.82095,90.41958,-85.0,18.0
1,11,23.82096,90.41952,-81.0,20.0
1,11,23.82097,90.41946,-80.0,22.0
1,11,23.82096,90.4194,-78.0,22.0
1,11,23.82095,90.41935,-79.0,19.0
1,11,23.82093,90.4193,-88.0,18.0
1,11,23.8209,90.41925,-92.0,20.0
1,11,23.82087,90.4192,-97.0,22.0
1,11,23.82084,90.41915,-93.0,21.0
1,11,23.82082,90.4191,-88.0,18.0
1,11,23.82079,90.41906,-88.0,20.0
1,11,23.82075,90.41902,-78.0,22.0
1,11,23.82072,90.41897,-82.0,22.0
1,11,23.82068,90.41892,-83.0,23.0
1,11,23.82064,90.41886,-81.0,26.0
1,11,23.82059,90.41879,-77.0,31.0
1,11,23.82055,90.41871,-78.0,33.0
1,11,23.8205,90.41864,-81.0,31.0
1,11,23.82046,90.41858,-81.0,26.0
1,11,23.82042,90.41852,-80.0,20.0
1,11,23.82039,90.41848,-82.0,17.0
1,11,23.82037,90.41845,-83.0,13.0
1,11,23.82036,90.41843,-83.0,8.0
1,11,23.82035,90.41841,-82.0,4.0
1,11,23.82034,90.41841,-81.0,1.0
1,11,23.82034,90.41841,-79.0,1.0
1,11,23.82034,90.41841,-78.0,1.0
1,11,23.82034,90.41841,-79.0,0.0
1,11,23.82034,90.41841,-78.0,0.0
1,11,23.82034,90.4184,-78.0,0.0
1,11,23.82034,90.4184,-77.0,0.0
1,11,23.82034,90.4184,-78.0,0.0
1,11,23.82034,90.4184,-76.0,0.0
1,11,23.82034,90.4184,-79.0,1.0
1,11,23.82034,90.4184,-81.0,1.0
1,11,23.82033,90.4184,-80.0,1.0
1,11,23.82033,90.4184,-82.0,0.0
1,11,23.82033,90.4184,-82.0,1.0
1,11,23.82033,90.4184,-83.0,1.0
1,11,23.82033,90.4184,-84.0,1.0
1,11,23.82032,90.4184,-81.0,1.0
1,11,23.82032,90.41839,-79.0,1.0
1,11,23.82032,90.41839,-80.0,3.0
1,11,23.82031,90.41838,-82.0,3.0
1,11,23.82029,90.41837,-87.0,4.0
1,11,23.82029,90.41837,-85.0,3.0
1,11,23.82028,90.41836,-87.0,4.0
1,12,23.82027,90.41835,-84.0,4.0
1,12,23.82026,90.41834,-83.0,4.0
1,12,23.82025,90.41833,-86.0,2.0
1,12,23.82025,90.41833,-85.0,2.0
1,12,23.82025,90.41833,-85.0,2.0
1,12,23.82024,90.41833,-85.0,2.0
1,12,23.82024,90.41833,-85.0,2.0
1,12,23.82024,90.41833,-86.0,2.0
1,12,23.82024,90.41832,-84.0,2.0
1,12,23.82024,90.41832,-83.0,1.0
1,12,23.82023,90.41831,-84.0,2.0
1,12,23.82023,90.41832,-85.0,1.0
1,12,23.82024,90.41834,-85.0,1.0
1,12,23.82025,90.41833,-83.0,1.0
1,12,23.82025,90.41833,-82.0,1.0
1,12,23.82026,90.41833,-83.0,1.0
1,12,23.82027,90.41833,-84.0,1.0
1,12,23.82027,90.41833,-84.0,0.0
1,12,23.82026,90.41832,-85.0,1.0
1,12,23.82026,90.41831,-85.0,4.0
1,12,23.82025,90.41831,-82.0,5.0
1,12,23.82025,90.41831,-83.0,4.0
1,12,23.82024,90.4183,-84.0,3.0
1,12,23.82024,90.41829,-84.0,2.0
1,12,23.82024,90.41829,-82.0,0.0
1,12,23.82025,90.41829,-81.0,0.0
1,12,23.82025,90.41828,-83.0,0.0
1,12,23.82025,90.41828,-82.5,1.0
1,12,23.82025,90.41828,-82.0,0.0
1,12,23.82025,90.41828,-83.0,0.0
1,12,23.82025,90.41828,-84.0,1.0
1,12,23.82025,90.41828,-80.0,3.0
1,12,23.82025,90.41827,-80.0,4.0
1,12,23.82024,90.41826,-84.0,4.0
1,12,23.82024,90.41825,-87.0,3.0
1,12,23.82024,90.41824,-84.0,3.0
1,12,23.82024,90.41824,-84.0,1.0
1,12,23.82024,90.41824,-85.0,1.0
1,12,23.82024,90.41825,-85.0,0.0
1,12,23.82024,90.41825,-85.0,1.0
1,12,23.82024,90.41826,-85.0,0.0
1,12,23.82024,90.41826,-86.0,0.0
1,12,23.82024,90.41826,-87.0,0.0
1,12,23.82025,90.41826,-83.0,0.0
1,12,23.82025,90.41826,-83.0,0.0
1,12,23.82025,90.41827,-85.0,0.0
1,12,23.82025,90.41827,-85.0,0.0
1,12,23.82025,90.41827,-87.0,0.0
1,12,23.82025,90.41827,-85.0,0.0
1,12,23.82025,90.41827,-85.0,0.0
1,12,23.82025,90.41827,-84.0,1.0
1,12,23.82025,90.41827,-87.0,1.0
1,12,23.82025,90.41827,-86.0,0.0
1,12,23.82025,90.41827,-87.0,0.0
1,12,23.82026,90.41827,-87.0,0.0
1,12,23.82026,90.41827,-86.5,0.0
1,12,23.82026,90.41827,-86.0,1.0
1,12,23.82026,90.41827,-89.0,0.0
1,12,23.82026,90.41827,-83.0,0.0
1,12,23.82026,90.41827,-83.0,0.0
1,12,23.82026,90.41827,-83.0,0.0
1,12,23.82027,90.41827,-84.0,0.0
1,12,23.82027,90.41827,-84.0,1.0
1,12,23.82026,90.41826,-81.0,4.0
1,12,23.82025,90.41823,-81.0,3.0
1,12,23.82025,90.41822,-80.0,3.0
1,12,23.82025,90.41822,-82.0,5.0
1,12,23.82025,90.41821,-85.0,6.0
1,12,23.82024,90.41819,-86.0,8.0
1,12,23.82023,90.41818,-85.0,7.0
1,12,23.82023,90.41817,-81.0,4.0
1,12,23.82022,90.41816,-85.0,4.0
1,12,23.82022,90.41816,-88.0,3.0
1,12,23.82021,90.41814,-85.0,3.0
1,12,23.8202,90.41812,-85.0,5.0
1,12,23.8202,90.41812,-84.0,7.0
1,12,23.82019,90.4181,-84.0,6.0
1,12,23.82019,90.41809,-84.0,5.0
1,12,23.82019,90.41808,-83.0,2.0
1,12,23.82019,90.41808,-82.0,0.0
1,12,23.82019,90.41807,-83.0,1.0
1,12,23.82019,90.41807,-83.0,1.0
1,12,23.82019,90.41807,-83.0,2.0
1,12,23.82019,90.41807,-80.0,3.0
1,12,23.82019,90.41807,-80.0,1.0
1,12,23.82018,90.41807,-82.0,1.0
1,12,23.82018,90.41807,-83.0,1.0
1,12,23.82016,90.41806,-84.0,2.0
1,12,23.82016,90.41806,-83.0,1.0
1,12,23.82016,90.41806,-82.0,1.0
1,12,23.82016,90.41805,-84.0,2.0
1,12,23.82015,90.41804,-82.0,3.0
1,12,23.82015,90.41803,-82.0,3.0
1,12,23.82015,90.41802,-83.0,3.0
1,12,23.82015,90.41802,-84.0,3.0
1,12,23.82014,90.41801,-84.0,2.0
1,12,23.82014,90.41801,-83.0,1.0
1,12,23.82014,90.41801,-86.0,1.0
1,12,23.82014,90.418,-87.0,1.0
1,12,23.82012,90.41798,-86.0,2.0
1,12,23.82012,90.41797,-86.0,1.0
1,12,23.82012,90.41797,-83.0,3.0
1,12,23.82011,90.41796,-81.0,2.0
1,12,23.8201,90.41794,-76.0,4.0
1,12,23.82009,90.41793,-75.0,4.0
1,12,23.82009,90.41792,-74.0,2.0
1,12,23.82008,90.41791,-73.0,3.0
1,12,23.82007,90.41791,-74.0,2.0
1,12,23.82007,90.41791,-74.0,1.0
1,12,23.82007,90.41791,-74.0,0.0
1,12,23.82007,90.41791,-74.0,0.0
1,12,23.82007,90.41791,-74.0,1.0
1,12,23.82007,90.41791,-74.0,1.0
1,12,23.82007,90.41791,-74.0,1.0
1,12,23.82007,90.41791,-76.0,1.0
1,12,23.82007,90.41791,-75.0,1.0
1,12,23.82007,90.41791,-76.0,1.0
1,12,23.82007,90.41791,-74.0,1.0
1,12,23.82007,90.41791,-74.0,1.0
1,12,23.82007,90.41791,-76.0,0.0
1,12,23.82006,90.4179,-74.0,2.0
1,12,23.82005,90.41789,-75.0,3.0
1,12,23.82005,90.41788,-75.0,2.0
1,12,23.82004,90.41787,-76.0,4.0
1,12,23.82003,90.41786,-73.0,4.0
1,12,23.82003,90.41786,-75.0,2.0
1,12,23.82003,90.41786,-72.0,1.0
1,12,23.82003,90.41786,-72.0,0.0
1,12,23.82003,90.41786,-72.0,1.0
1,12,23.82003,90.41786,-72.0,0.0
1,12,23.82003,90.41786,-72.0,0.0
1,12,23.82002,90.41786,-72.0,0.0
1,12,23.82002,90.41786,-71.0,1.0
1,12,23.82002,90.41786,-70.0,1.0
1,12,23.82002,90.41786,-69.0,1.0
1,12,23.82001,90.41786,-69.5,2.0
1,12,23.82001,90.41785,-70.0,2.0
1,12,23.82001,90.41785,-72.0,2.0
1,12,23.820005,90.417845,-72.0,2.0
1,12,23.82,90.41784,-76.0,2.0
1,12,23.82,90.41783,-82.0,1.0
1,12,23.82,90.41782,-83.0,2.0
1,12,23.82,90.41782,-83.0,1.0
1,12,23.81999,90.41781,-82.0,1.0
1,12,23.81999,90.4178,-81.0,2.0
1,12,23.81999,90.4178,-87.0,2.0
1,12,23.81998,90.41779,-80.0,3.0
1,12,23.81997,90.41778,-77.0,4.0
1,12,23.81996,90.41776,-77.0,5.0
1,12,23.81996,90.41776,-76.0,3.0
1,12,23.81995,90.41776,-76.0,2.0
1,12,23.81995,90.41776,-76.0,1.0
1,12,23.81995,90.41776,-76.0,0.0
1,12,23.81995,90.41776,-75.0,1.0
1,12,23.81994,90.41776,-75.0,1.0
1,12,23.81994,90.41776,-75.0,1.0
1,12,23.81993,90.41775,-78.0,1.0
1,12,23.81993,90.41775,-77.0,1.0
1,12,23.81993,90.41774,-76.0,1.0
1,12,23.81992,90.41774,-78.0,1.0
1,12,23.81992,90.41774,-78.0,2.0
1,12,23.819915,90.417735,-79.0,3.0
1,12,23.81991,90.41773,-79.0,4.0
1,12,23.81991,90.41772,-78.0,4.0
1,12,23.8199,90.41771,-79.0,4.0
1,12,23.8199,90.4177,-79.0,2.0
1,12,23.819895,90.41769,-79.5,2.0
1,12,23.81989,90.41768,-80.0,2.0
1,12,23.81989,90.41768,-81.0,1.0
1,12,23.81988,90.41768,-82.0,1.0
1,12,23.81988,90.41768,-82.0,1.0
1,12,23.81988,90.41766,-82.0,3.0
1,12,23.81988,90.41766,-82.0,2.0
1,12,23.81987,90.41766,-82.0,1.0
1,12,23.81987,90.41766,-80.0,1.0
1,12,23.81987,90.41765,-81.0,1.0
1,12,23.81986,90.41764,-80.0,2.0
1,12,23.81985,90.41763,-79.0,2.0
1,12,23.81985,90.41763,-79.0,3.0
1,12,23.81985,90.41762,-79.0,3.0
1,13,23.81985,90.41762,-81.0,3.0
1,13,23.81984,90.41762,-81.0,1.0
1,13,23.81984,90.41762,-81.0,2.0
1,13,23.819835,90.41762,-78.0,1.5
1,13,23.81983,90.41762,-78.0,1.0
1,13,23.81983,90.41763,-78.0,2.0
1,13,23.81982,90.41763,-80.0,3.0
1,13,23.81982,90.41763,-80.0,3.0
1,13,23.81981,90.41763,-82.0,4.0
1,13,23.81981,90.41762,-84.0,5.0
1,13,23.8198,90.41761,-78.0,5.0
1,13,23.81979,90.4176,-84.0,5.0
1,13,23.81979,90.41759,-86.0,2.0
1,13,23.81979,90.4176,-85.0,0.0
1,13,23.81979,90.41759,-85.0,0.0
1,13,23.81979,90.4176,-85.0,0.0
1,13,23.81979,90.4176,-84.0,1.0
1,13,23.81979,90.41761,-84.0,0.0
1,13,23.81979,90.41761,-82.0,1.0
1,13,23.81979,90.4176,-84.0,3.0
1,13,23.81979,90.41759,-85.0,2.0
1,13,23.81978,90.41758,-89.0,2.0
1,13,23.81978,90.41757,-84.0,2.0
1,13,23.81978,90.41756,-89.0,2.0
1,13,23.81978,90.41756,-87.0,0.0
1,13,23.81978,90.41756,-88.0,1.0
1,13,23.81977,90.41755,-88.0,1.0
1,13,23.81978,90.41755,-89.0,1.0
1,13,23.81978,90.41755,-88.0,2.0
1,13,23.81977,90.41754,-90.0,4.0
1,13,23.81977,90.41753,-90.0,4.0
1,13,23.81977,90.41753,-88.0,4.0
1,13,23.81977,90.41752,-92.0,3.0
1,13,23.81977,90.41751,-92.0,2.0
1,13,23.81977,90.4175,-93.0,1.0
1,13,23.81977,90.4175,-94.0,1.0
1,13,23.81977,90.41749,-92.0,2.0
1,13,23.81977,90.41749,-92.0,2.0
1,13,23.81978,90.41749,-92.0,1.0
1,13,23.81978,90.41749,-91.0,0.0
1,13,23.81979,90.41749,-91.0,1.0
1,13,23.81979,90.41749,-90.0,1.0
1,13,23.8198,90.41749,-87.0,2.0
1,13,23.8198,90.41748,-88.0,3.0
1,13,23.8198,90.41748,-88.0,3.0
1,13,23.8198,90.41748,-88.0,2.0
1,13,23.8198,90.41749,-90.0,3.0
1,13,23.81979,90.4175,-90.0,6.0
1,13,23.81978,90.41751,-89.0,7.0
1,13,23.81977,90.41752,-89.0,4.0
1,13,23.81978,90.41752,-89.0,4.0
1,13,23.81979,90.41752,-92.0,4.0
1,13,23.8198,90.41751,-91.0,2.0
1,13,23.81979,90.41749,-91.0,3.0
1,13,23.81979,90.41746,-89.0,7.0
1,13,23.81978,90.41745,-81.0,8.0
1,13,23.81975,90.41742,-81.0,12.0
1,13,23.81968,90.41736,-76.0,13.0
1,13,23.81968,90.41736,-81.0,13.0
1,13,23.81965,90.41733,-78.0,17.0
1,13,23.81962,90.41728,-78.0,20.0
1,13,23.81958,90.41723,-78.0,22.0
1,13,23.81955,90.41716,-82.0,25.0
1,13,23.81951,90.4171,-82.0,31.0
1,13,23.81946,90.41703,-83.0,30.0
1,13,23.81941,90.41695,-83.0,32.0
1,13,23.81937,90.41686,-83.0,33.0
1,13,23.81933,90.41677,-80.0,34.0
1,13,23.81927,90.41668,-79.0,36.0
1,13,23.81924,90.4166,-69.0,34.0
1,13,23.8192,90.41651,-69.0,33.0
1,13,23.81916,90.41643,-74.0,36.0
1,13,23.81911,90.41634,-73.0,39.0
1,13,23.81905,90.41625,-72.0,37.0
1,13,23.81901,90.41617,-71.0,33.0
1,13,23.81897,90.41611,-78.0,27.0
1,13,23.81893,90.41608,-79.0,25.0
1,13,23.81888,90.41601,-86.0,30.0
1,13,23.81883,90.41593,-86.0,36.0
1,13,23.81878,90.41583,-89.0,38.0
1,13,23.81872,90.41571,-76.0,37.0
1,13,23.81866,90.41561,-67.0,37.0
1,13,23.8186,90.4155,-79.0,38.0
1,13,23.81854,90.4154,-82.0,37.0
1,13,23.81848,90.4153,-82.0,37.0
1,13,23.81842,90.41521,-77.0,37.0
1,13,23.81836,90.41511,-79.0,38.0
1,13,23.8183,90.41503,-77.0,37.0
1,13,23.81824,90.41494,-74.0,36.0
1,13,23.81818,90.41487,-76.0,36.0
1,13,23.81811,90.4148,-80.0,36.0
1,13,23.81805,90.41473,-83.0,34.0
1,13,23.81799,90.41466,-86.0,36.0
1,13,23.81792,90.41458,-85.0,35.0
1,13,23.81786,90.41451,-93.0,36.0
1,13,23.81779,90.41443,-85.0,37.0
1,13,23.81773,90.41436,-85.0,35.0
1,13,23.81767,90.41429,-89.0,37.0
1,13,23.8176,90.41421,-88.0,38.0
1,13,23.81754,90.41414,-86.0,38.0
1,13,23.81746,90.41406,-83.0,39.0
1,13,23.81739,90.41397,-88.0,41.0
1,13,23.81732,90.41388,-93.0,42.0
1,13,23.81725,90.41378,-95.0,43.0
1,13,23.81718,90.41368,-90.0,44.0
1,13,23.81711,90.41358,-97.0,45.0
1,13,23.81704,90.41348,-86.0,46.0
1,13,23.81697,90.41338,-87.0,47.0
1,13,23.81689,90.41327,-91.0,48.0
1,13,23.81681,90.41317,-90.0,50.0
1,13,23.81673,90.41305,-88.0,51.0
1,13,23.81665,90.41293,-78.0,51.0
1,13,23.81657,90.41282,-78.0,53.0
1,13,23.81649,90.41269,-84.0,54.0
1,13,23.81641,90.41257,-90.0,55.0
1,13,23.81634,90.41244,-86.0,55.0
1,13,23.81626,90.41231,-80.0,57.0
1,13,23.81618,90.41218,-79.0,57.0
1,13,23.8161,90.41205,-78.0,57.0
1,13,23.81602,90.41192,-79.0,58.0
1,13,23.81594,90.41178,-79.0,58.0
1,13,23.81586,90.41165,-94.0,59.0
1,13,23.81578,90.41151,-97.0,59.0
1,13,23.8156,90.41123,-97.0,59.0
1,13,23.81551,90.41109,-93.0,61.0
1,13,23.81551,90.41109,-88.0,62.0
1,13,23.81543,90.41095,-88.0,62.0
1,13,23.81534,90.4108,-87.0,62.0
1,13,23.81526,90.41066,-74.0,63.0
1,13,23.81518,90.41051,-72.0,62.0
1,13,23.8151,90.41036,-76.0,63.0
1,13,23.81502,90.41021,-72.0,63.0
1,13,23.81494,90.41006,-70.0,63.0
1,13,23.81485,90.4099,-63.0,64.0
1,13,23.81477,90.40974,-63.0,64.0
1,13,23.8147,90.40958,-75.0,64.0
1,13,23.81462,90.40943,-77.0,64.0
1,13,23.81454,90.40927,-70.0,64.0
1,13,23.81446,90.40912,-75.0,64.0
1,13,23.81439,90.40896,-77.0,64.0
1,13,23.81431,90.4088,-69.0,64.0
1,13,23.81424,90.40865,-70.0,64.0
1,13,23.81416,90.40849,-68.0,65.0
1,13,23.81408,90.40833,-71.0,65.0
1,13,23.814,90.40818,-69.0,66.0
1,13,23.81392,90.40802,-71.0,67.0
1,13,23.81384,90.40786,-70.0,67.0
1,13,23.81375,90.4077,-71.0,67.0
1,13,23.81366,90.40754,-74.0,67.0
1,13,23.81358,90.40739,-75.0,65.0
1,13,23.81349,90.40725,-79.0,65.0
1,13,23.8134,90.40709,-77.0,65.0
1,13,23.81331,90.40694,-82.0,67.0
1,13,23.81321,90.40679,-80.0,67.0
1,13,23.81311,90.40664,-78.0,67.0
1,13,23.81302,90.40649,-78.0,66.0
1,13,23.81292,90.40634,-77.0,65.0
1,13,23.81283,90.40619,-77.0,65.0
1,13,23.81265,90.4059,-77.0,65.0
1,13,23.81265,90.4059,-84.0,63.0
1,13,23.81256,90.40576,-85.0,57.0
1,13,23.81248,90.40565,-82.0,49.0
1,13,23.81241,90.40555,-73.0,43.0
1,13,23.81235,90.40546,-81.0,41.0
1,13,23.81228,90.40538,-78.0,41.0
1,13,23.81222,90.4053,-77.0,40.0
1,13,23.81215,90.40522,-76.0,40.0
1,13,23.81209,90.40514,-73.0,40.0
1,13,23.81202,90.40507,-73.0,39.0
1,13,23.81195,90.405,-72.0,38.0
1,13,23.81189,90.40493,-74.0,36.0
1,13,23.81183,90.40487,-69.0,35.0
1,13,23.81177,90.40481,-74.0,35.0
1,13,23.8117,90.40474,-71.0,36.0
1,13,23.81163,90.40467,-69.0,37.0
1,13,23.81156,90.40461,-70.0,39.0
1,13,23.81148,90.40454,-71.0,40.0
1,13,23.8114,90.40447,-70.0,41.0
1,13,23.81132,90.40441,-72.0,42.0
1,13,23.81123,90.40434,-79.0,43.0
1,14,23.81114,90.40427,-83.0,44.0
1,14,23.81105,90.40421,-83.0,44.0
1,14,23.81096,90.40414,-87.0,44.0
1,14,23.81087,90.40407,-79.0,44.0
1,14,23.81077,90.404,-78.0,45.0
1,14,23.81068,90.40393,-72.0,45.0
1,14,23.81058,90.40386,-77.0,46.0
1,14,23.81047,90.40379,-80.0,47.0
1,14,23.81036,90.40373,-76.0,47.0
1,14,23.81025,90.40368,-70.0,46.0
1,14,23.81014,90.40362,-70.0,47.0
1,14,23.81002,90.40357,-67.0,49.0
1,14,23.80991,90.40351,-70.0,50.0
1,14,23.80979,90.40346,-72.0,50.0
1,14,23.80968,90.4034,-72.0,50.0
1,14,23.80956,90.40335,-74.0,50.0
1,14,23.80945,90.4033,-76.0,49.0
1,14,23.80933,90.40325,-71.0,48.0
1,14,23.80921,90.4032,-75.0,49.0
1,14,23.8091,90.40315,-70.0,48.0
1,14,23.80899,90.40311,-74.0,48.0
1,14,23.80888,90.40307,-73.0,47.0
1,14,23.80876,90.40304,-71.0,48.0
1,14,23.80865,90.40301,-71.0,49.0
1,14,23.80852,90.40298,-76.0,50.0
1,14,23.8084,90.40296,-73.0,50.0
1,14,23.80827,90.40293,-75.0,52.0
1,14,23.80814,90.40291,-74.0,52.0
1,14,23.808,90.40289,-76.0,53.0
1,14,23.80787,90.40287,-78.0,52.0
1,14,23.80773,90.40286,-78.0,54.0
1,14,23.80759,90.40284,-76.0,55.0
1,14,23.80744,90.40282,-75.0,56.0
1,14,23.8073,90.40281,-75.0,57.0
1,14,23.80716,90.40279,-77.0,57.0
1,14,23.80702,90.40277,-80.0,56.0
1,14,23.80687,90.40276,-80.0,57.0
1,14,23.80672,90.40275,-80.0,60.0
1,14,23.80657,90.40273,-79.0,60.0
1,14,23.80641,90.40272,-81.0,59.0
1,14,23.80627,90.40269,-81.0,58.0
1,14,23.80613,90.40266,-76.0,56.0
1,14,23.80598,90.40264,-76.0,58.0
1,14,23.80583,90.40262,-77.0,59.0
1,14,23.80569,90.40259,-78.0,57.0
1,14,23.80554,90.40257,-78.0,57.0
1,14,23.80539,90.40254,-75.0,60.0
1,14,23.80523,90.40252,-82.0,62.0
1,14,23.80506,90.40251,-71.0,64.0
1,14,23.80491,90.40248,-81.0,62.0
1,14,23.80477,90.40246,-77.0,60.0
1,14,23.80462,90.40245,-82.0,60.0
1,14,23.80446,90.40244,-81.0,60.0
1,14,23.80429,90.40245,-86.0,61.0
1,14,23.80413,90.40245,-83.0,59.0
1,14,23.80398,90.40244,-89.0,62.0
1,14,23.80386,90.40243,-91.0,59.0
1,14,23.80377,90.40243,-92.0,58.0
1,14,23.80365,90.40242,-98.0,57.0
1,14,23.80354,90.40239,-99.0,53.0
1,14,23.80341,90.40236,-97.0,56.0
1,14,23.80328,90.40233,-85.0,55.0
1,14,23.80318,90.4023,-79.0,51.0
1,14,23.80306,90.40227,-77.0,48.0
1,14,23.80294,90.40224,-76.0,49.0
1,14,23.8028,90.40223,-77.0,49.0
1,14,23.80266,90.40221,-86.0,50.0
1,14,23.80255,90.40218,-78.0,50.0
1,14,23.80242,90.40216,-76.0,51.0
1,14,23.8023,90.40214,-74.0,51.0
1,14,23.80217,90.40212,-75.0,51.0
1,14,23.80204,90.40209,-83.0,50.0
1,14,23.80191,90.40207,-76.0,51.0
1,14,23.80178,90.40205,-70.0,51.0
1,14,23.80166,90.40202,-68.0,49.0
1,14,23.80155,90.40199,-66.0,48.0
1,14,23.80144,90.40196,-69.0,47.0
1,14,23.80133,90.40193,-70.0,48.0
1,14,23.80121,90.40191,-73.0,48.0
1,14,23.80109,90.4019,-72.0,49.0
1,14,23.80097,90.40188,-79.0,48.0
1,14,23.80085,90.40186,-87.0,48.0
1,14,23.80061,90.40181,-86.0,47.0
1,14,23.80061,90.40181,-92.0,48.0
1,14,23.80037,90.40178,-89.0,49.0
1,14,23.80037,90.40178,-89.0,49.0
1,14,23.80025,90.40176,-87.0,49.0
1,14,23.80013,90.40174,-91.0,48.0
1,14,23.80001,90.40171,-96.0,48.0
1,14,23.7999,90.40169,-90.0,49.0
1,14,23.79977,90.40166,-89.0,49.0
1,14,23.79964,90.40165,-92.0,50.0
1,14,23.79952,90.40163,-89.0,51.0
1,14,23.79939,90.40161,-89.0,52.0
1,14,23.79926,90.40159,-86.0,52.0
1,14,23.79913,90.40156,-78.0,52.0
1,14,23.799,90.40154,-70.0,54.0
1,14,23.79887,90.40152,-67.0,54.0
1,14,23.79873,90.4015,-66.0,55.0
1,14,23.79859,90.40148,-63.0,54.0
1,14,23.79845,90.40146,-70.0,55.0
1,14,23.79832,90.40143,-67.0,55.0
1,14,23.79819,90.4014,-69.0,56.0
1,14,23.79791,90.40133,-69.0,57.0
1,14,23.79791,90.40133,-70.0,57.0
1,14,23.79777,90.4013,-70.0,56.0
1,14,23.79763,90.40127,-69.0,57.0
1,14,23.79748,90.40123,-69.0,59.0
1,14,23.79733,90.4012,-74.0,61.0
1,14,23.79718,90.40116,-72.0,61.0
1,14,23.79703,90.40113,-76.0,62.0
1,14,23.79687,90.40109,-76.0,63.0
1,14,23.79672,90.40105,-84.0,63.0
1,14,23.79656,90.40101,-84.0,64.0
1,14,23.79641,90.40097,-87.0,63.0
1,14,23.79626,90.40093,-86.0,63.0
1,14,23.7961,90.40089,-89.0,63.0
1,14,23.79595,90.40085,-87.0,63.0
1,14,23.79579,90.40081,-82.0,63.0
1,14,23.79564,90.40077,-82.0,64.0
1,14,23.79548,90.40074,-81.0,63.0
1,14,23.79533,90.4007,-83.0,63.0
1,14,23.79517,90.40067,-82.0,63.0
1,14,23.79502,90.40063,-74.0,63.0
1,14,23.79486,90.40059,-78.0,63.0
1,14,23.79471,90.40055,-75.0,63.0
1,14,23.79455,90.40052,-78.0,63.0
1,14,23.7944,90.40049,-79.0,64.0
1,14,23.79424,90.40047,-78.0,64.0
1,14,23.79407,90.40044,-66.0,64.0
1,14,23.79392,90.40042,-66.0,64.0
1,14,23.79376,90.40039,-71.0,63.0
1,14,23.7936,90.40038,-70.0,63.0
1,14,23.79344,90.40035,-70.0,64.0
1,14,23.79328,90.40033,-67.0,65.0
1,14,23.79312,90.4003,-60.0,65.0
1,14,23.79296,90.40028,-63.0,65.0
1,14,23.79279,90.40025,-61.0,65.0
1,14,23.79263,90.40022,-66.5,65.0
1,14,23.79247,90.40019,-72.0,66.0
1,14,23.79231,90.40016,-60.0,65.0
1,14,23.79215,90.40013,-73.0,65.0
1,14,23.79198,90.40011,-70.0,63.0
1,14,23.79182,90.40009,-67.0,64.0
1,14,23.79166,90.40007,-66.0,60.0
1,14,23.79152,90.40006,-70.0,54.0
1,14,23.7914,90.40004,-73.0,48.0
1,14,23.79129,90.40002,-76.0,44.0
1,14,23.79118,90.39999,-79.0,43.0
1,14,23.79108,90.39997,-82.0,43.0
1,14,23.79097,90.39995,-82.0,43.0
1,14,23.79086,90.39993,-83.0,44.0
1,14,23.79075,90.39991,-84.0,45.0
1,14,23.79064,90.39989,-84.0,46.0
1,14,23.79053,90.39987,-83.0,47.0
1,14,23.79041,90.39985,-84.0,50.0
1,14,23.79028,90.39982,-82.0,50.0
1,14,23.79016,90.3998,-85.0,52.0
1,14,23.79003,90.39977,-79.0,54.0
1,14,23.78989,90.39975,-59.0,55.0
1,14,23.78975,90.39972,-67.0,57.0
1,14,23.78961,90.3997,-84.0,58.0
1,14,23.78946,90.39968,-76.0,59.0
1,14,23.78931,90.39965,-72.0,60.0
1,14,23.78916,90.39963,-75.0,61.0
1,14,23.78901,90.3996,-80.0,62.0
1,14,23.78885,90.39958,-77.0,63.0
1,14,23.78869,90.39955,-81.0,64.0
1,14,23.78837,90.3995,-80.0,63.0
1,14,23.78837,90.3995,-88.0,63.0
1,14,23.78821,90.39948,-76.0,64.0
1,14,23.78805,90.39945,-89.0,64.0
1,14,23.78789,90.39943,-89.0,65.0
1,14,23.78773,90.3994,-93.0,65.0
1,14,23.78757,90.39938,-81.0,65.0
1,14,23.78724,90.39932,-79.5,65.0
1,14,23.78708,90.39929,-78.0,66.0
1,14,23.78692,90.39926,-71.0,67.0
1,14,23.78676,90.39924,-71.0,65.0
1,14,23.7866,90.39921,-71.0,64.0
1,15,23.7866,90.39921,-76.0,63.0
1,15,23.78645,90.39918,-73.0,62.0
1,15,23.78629,90.39916,-72.0,62.0
1,15,23.78614,90.39913,-68.0,61.0
1,15,23.78599,90.39911,-61.0,59.0
1,15,23.78571,90.39907,-63.0,57.0
1,15,23.78571,90.39907,-70.0,56.0
1,15,23.78557,90.39905,-78.0,56.0
1,15,23.78543,90.39903,-78.0,58.0
1,15,23.78528,90.39901,-76.0,59.0
1,15,23.78514,90.39899,-68.0,60.0
1,15,23.78499,90.39897,-71.0,60.0
1,15,23.78483,90.39894,-69.0,63.0
1,15,23.78467,90.39892,-73.0,64.0
1,15,23.78451,90.39889,-68.0,65.0
1,15,23.78435,90.39886,-74.0,65.0
1,15,23.78419,90.39883,-68.0,64.0
1,15,23.78403,90.3988,-65.0,63.0
1,15,23.78387,90.39877,-66.0,59.0
1,15,23.78373,90.39875,-61.0,54.0
1,15,23.78346,90.3987,-64.0,53.0
1,15,23.78346,90.3987,-69.0,52.0
1,15,23.78333,90.39868,-70.0,49.0
1,15,23.78321,90.39866,-70.0,46.0
1,15,23.7831,90.39864,-74.0,45.0
1,15,23.78299,90.39863,-69.0,40.0
1,15,23.7829,90.39861,-57.0,38.0
1,15,23.78281,90.3986,-65.0,38.0
1,15,23.78272,90.39858,-71.0,38.0
1,15,23.78262,90.39857,-68.0,41.0
1,15,23.78251,90.39856,-73.0,43.0
1,15,23.7824,90.39855,-74.0,44.0
1,15,23.78229,90.39854,-69.0,46.0
1,15,23.78217,90.39852,-74.0,47.0
1,15,23.78205,90.39851,-71.0,49.0
1,15,23.78193,90.39849,-73.0,50.0
1,15,23.78181,90.39847,-78.0,51.0
1,15,23.78168,90.39844,-81.0,52.0
1,15,23.78155,90.39843,-82.0,52.0
1,15,23.78142,90.39841,-80.0,54.0
1,15,23.78128,90.39838,-80.0,55.0
1,15,23.78114,90.39836,-76.0,55.0
1,15,23.78101,90.39834,-83.0,54.0
1,15,23.78074,90.39831,-75.0,53.0
1,15,23.78061,90.3983,-63.0,53.0
1,15,23.78061,90.3983,-65.0,53.0
1,15,23.78047,90.39828,-66.0,55.0
1,15,23.78034,90.39826,-72.0,52.0
1,15,23.78022,90.39824,-69.0,51.0
1,15,23.78009,90.39822,-72.0,50.0
1,15,23.77997,90.3982,-69.0,49.0
1,15,23.77985,90.39818,-73.0,48.0
1,15,23.77974,90.39816,-77.0,47.0
1,15,23.77962,90.39814,-80.0,46.0
1,15,23.77952,90.39812,-77.0,45.0
1,15,23.77941,90.39809,-73.0,45.0
1,15,23.7793,90.39807,-73.0,45.0
1,15,23.77908,90.39803,-77.0,45.0
1,15,23.77897,90.39801,-76.0,45.0
1,15,23.77887,90.39798,-76.0,45.0
1,15,23.77876,90.39796,-85.0,45.0
1,15,23.77864,90.39794,-82.0,45.0
1,15,23.77853,90.39793,-84.0,46.0
1,15,23.77841,90.39791,-87.0,47.0
1,15,23.77829,90.39789,-83.0,47.0
1,15,23.77818,90.39787,-93.0,46.0
1,15,23.77806,90.39785,-93.0,47.0
1,15,23.77794,90.39783,-92.0,48.0
1,15,23.77782,90.39781,-92.0,49.0
1,15,23.77769,90.39779,-82.0,50.0
1,15,23.77769,90.39779,-82.0,50.0
1,15,23.77744,90.39776,-83.0,50.0
1,15,23.77744,90.39776,-84.0,51.0
1,15,23.77718,90.39772,-80.0,51.0
1,15,23.77705,90.3977,-75.0,52.0
1,15,23.77691,90.39768,-83.0,53.0
1,15,23.77678,90.39766,-71.0,53.0
1,15,23.77664,90.39764,-84.0,55.0
1,15,23.7765,90.39761,-72.0,55.0
1,15,23.77636,90.39758,-72.0,56.0
1,15,23.77622,90.39756,-76.0,57.0
1,15,23.77607,90.39753,-70.0,58.0
1,15,23.77592,90.39751,-78.0,59.0
1,15,23.77577,90.39749,-77.0,59.0
1,15,23.77563,90.39747,-78.0,59.0
1,15,23.77548,90.39745,-81.0,59.0
1,15,23.77533,90.39743,-81.0,59.0
1,15,23.77519,90.39741,-85.0,59.0
1,15,23.77519,90.39741,-88.0,58.0
1,15,23.7749,90.39736,-88.0,59.0
1,15,23.77475,90.39733,-90.0,59.0
1,15,23.7746,90.39731,-94.0,59.0
1,15,23.77445,90.39728,-89.0,60.0
1,15,23.7743,90.39725,-89.0,60.0
1,15,23.77415,90.39723,-81.0,61.0
1,15,23.77415,90.39723,-81.0,61.0
1,15,23.774,90.39721,-82.0,62.0
1,15,23.77385,90.39718,-88.0,62.0
1,15,23.77369,90.39715,-77.0,63.0
1,15,23.77354,90.39712,-77.0,63.0
1,15,23.77338,90.39709,-77.0,63.0
1,15,23.77322,90.39707,-67.0,64.0
1,15,23.77306,90.39704,-70.0,64.0
1,15,23.7729,90.39701,-71.0,64.0
1,15,23.77274,90.39699,-61.0,64.0
1,15,23.77258,90.39696,-68.0,64.0
1,15,23.77242,90.39694,-80.0,65.0
1,15,23.77226,90.39691,-87.0,65.0
1,15,23.7721,90.39688,-75.0,65.0
1,15,23.77194,90.39685,-75.0,65.0
1,15,23.77177,90.39683,-69.0,65.0
1,15,23.77161,90.3968,-73.0,65.0
1,15,23.77145,90.39677,-73.0,65.0
1,15,23.77129,90.39675,-71.0,65.0
1,15,23.77097,90.3967,-70.0,65.0
1,15,23.7708,90.39667,-83.0,65.0
1,15,23.7708,90.39667,-85.0,64.0
1,15,23.77064,90.39665,-84.0,64.0
1,15,23.77048,90.39662,-84.0,64.0
1,15,23.77032,90.3966,-81.0,64.0
1,15,23.77016,90.39657,-90.0,64.0
1,15,23.77,90.39655,-87.0,65.0
1,15,23.76984,90.39652,-86.0,65.0
1,15,23.76968,90.39649,-85.0,64.0
1,15,23.76952,90.39647,-77.0,64.0
1,15,23.76936,90.39644,-67.0,63.0
1,15,23.76921,90.39641,-67.0,64.0
1,15,23.76905,90.39639,-71.0,62.0
1,15,23.7689,90.39636,-88.0,61.0
1,15,23.76875,90.39633,-88.0,61.0
1,15,23.7686,90.39628,-76.0,61.0
1,15,23.76845,90.39625,-76.0,61.0
1,15,23.7683,90.39621,-73.0,62.0
1,15,23.76814,90.39617,-74.0,63.0
1,15,23.76799,90.39614,-66.0,63.0
1,15,23.76783,90.3961,-66.0,62.0
1,15,23.76769,90.39607,-51.0,57.0
1,15,23.76743,90.39599,-61.0,54.0
1,15,23.76743,90.39599,-57.0,51.0
1,15,23.76731,90.39596,-57.0,48.0
1,15,23.76719,90.39594,-53.0,49.0
1,15,23.76708,90.39591,-50.0,45.0
1,15,23.76697,90.39589,-61.0,43.0
1,15,23.76678,90.39584,-59.0,41.0
1,15,23.7667,90.39581,-67.0,36.0
1,15,23.76662,90.39579,-72.0,34.0
1,15,23.76655,90.39577,-73.0,32.0
1,15,23.76655,90.39577,-77.0,30.0
1,15,23.76648,90.39575,-73.0,28.0
1,15,23.76642,90.39573,-77.0,27.0
1,15,23.76636,90.39571,-79.0,27.0
1,15,23.76629,90.39569,-92.0,28.0
1,15,23.76622,90.39567,-83.0,29.0
1,15,23.76615,90.39566,-84.0,30.0
1,15,23.76608,90.39564,-90.0,31.0
1,15,23.766,90.39562,-88.0,32.0
1,15,23.76593,90.3956,-89.0,32.0
1,15,23.76585,90.39558,-90.0,32.0
1,15,23.76577,90.39556,-87.0,32.0
1,15,23.76569,90.39554,-88.0,33.0
1,15,23.76561,90.39552,-96.0,33.0
1,15,23.76553,90.3955,-92.0,34.0
1,15,23.76545,90.39548,-91.0,35.0
1,15,23.76536,90.39545,-95.0,36.0
1,15,23.76527,90.39543,-104.0,36.0
1,15,23.76519,90.39541,-89.0,37.0
1,15,23.7651,90.39539,-89.0,38.0
1,15,23.765,90.39537,-89.0,39.0
1,15,23.7649,90.39535,-89.0,39.0
1,15,23.7648,90.39533,-88.0,40.0
1,15,23.76471,90.39531,-89.0,39.0
1,15,23.76461,90.39529,-89.0,37.0
1,15,23.76452,90.39527,-87.0,36.0
1,15,23.76435,90.39523,-87.0,35.0
1,15,23.76426,90.39522,-89.0,36.0
1,15,23.76416,90.39521,-97.0,38.0
1,15,23.76416,90.39521,-91.0,38.0
1,15,23.76396,90.39519,-89.0,39.0
1,15,23.76386,90.39518,-87.0,40.0
1,15,23.76376,90.39516,-85.0,41.0
2,16,23.83833,90.36397,-99.0,35.0
2,16,23.83833,90.36397,-99.0,35.0
2,16,23.83833,90.36397,-98.0,35.0
2,16,23.83833,90.36397,-102.0,35.0
2,16,23.83833,90.36397,-107.0,35.0
2,16,23.83833,90.36397,-103.0,35.0
2,16,23.83833,90.36397,-108.0,35.0
2,16,23.83833,90.36397,-110.0,35.0
2,16,23.83833,90.36397,-111.0,35.0
2,16,23.83833,90.36397,-110.0,35.0
2,16,23.83833,90.36397,-110.0,35.0
2,16,23.83833,90.36397,-111.0,35.0
2,16,23.83833,90.36397,-109.0,35.0
2,16,23.83833,90.36397,-76.0,35.0
2,16,23.83833,90.36397,-75.0,35.0
2,16,23.83833,90.36397,-83.0,35.0
2,16,23.83833,90.36397,-83.0,35.0
2,16,23.83833,90.36397,-82.0,35.0
2,16,23.83833,90.36397,-84.0,35.0
2,16,23.83833,90.36397,-81.0,35.0
2,16,23.83833,90.36397,-80.0,35.0
2,16,23.83833,90.36397,-80.0,35.0
2,16,23.83833,90.36397,-84.0,35.0
2,16,23.83833,90.36397,-83.0,35.0
2,16,23.83833,90.36397,-84.0,35.0
2,16,23.83833,90.36397,-83.89473684210526,35.0
2,16,23.83833,90.36397,-83.78947368421052,35.0
2,16,23.83833,90.36397,-83.6842105263158,35.0
2,16,23.83833,90.36397,-83.57894736842105,35.0
2,16,23.83833,90.36397,-83.47368421052632,35.0
2,16,23.83833,90.36397,-83.36842105263158,35.0
2,16,23.83833,90.36397,-83.26315789473684,35.0
2,16,23.83833,90.36397,-83.15789473684211,35.0
2,16,23.83833,90.36397,-83.05263157894737,35.0
2,16,23.83833,90.36397,-82.94736842105263,35.0
2,16,23.83833,90.36397,-82.84210526315789,35.0
2,16,23.83833,90.36397,-82.73684210526316,35.0
2,16,23.83833,90.36397,-82.63157894736842,35.0
2,16,23.83833,90.36397,-82.52631578947368,35.0
2,16,23.83833,90.36397,-82.42105263157895,35.0
2,16,23.83833,90.36397,-82.3157894736842,35.0
2,16,23.83833,90.36397,-82.21052631578948,35.0
2,16,23.83833,90.36397,-82.10526315789474,35.0
2,16,23.83833,90.36397,-82.0,35.0
2,16,23.83833,90.36397,-84.0,35.0
2,16,23.83833,90.36397,-83.0,35.0
2,16,23.83833,90.36397,-84.0,35.0
2,16,23.83833,90.36397,-82.0,35.0
2,16,23.83833,90.36397,-82.0,35.0
2,16,23.83833,90.36397,-84.0,35.0
2,16,23.83833,90.36397,-86.0,35.0
2,16,23.83833,90.36397,-86.0,35.0
2,16,23.83833,90.36397,-84.0,35.0
2,16,23.83833,90.36397,-88.0,35.0
2,16,23.83833,90.36397,-87.0,35.0
2,16,23.83833,90.36397,-89.0,35.0
2,16,23.83833,90.36397,-90.0,35.0
2,16,23.83833,90.36397,-86.0,35.0
2,16,23.83833,90.36397,-88.0,35.0
2,16,23.83833,90.36397,-90.0,35.0
2,16,23.83833,90.36397,-88.0,35.0
2,16,23.83833,90.36397,-91.0,35.0
2,16,23.83833,90.36397,-91.0,35.0
2,16,23.83833,90.36397,-76.0,35.0
2,16,23.83833,90.36397,-84.0,35.0
2,16,23.83833,90.36397,-90.0,35.0
2,16,23.83833,90.36397,-89.0,35.0
2,16,23.83833,90.36397,-89.0,35.0
2,16,23.83833,90.36397,-96.0,35.0
2,16,23.83833,90.36397,-102.0,35.0
2,16,23.83833,90.36397,-100.0,35.0
2,16,23.83833,90.36397,-96.0,35.0
2,16,23.83833,90.36397,-98.0,35.0
2,16,23.83833,90.36397,-98.0,35.0
2,16,23.83833,90.36397,-99.0,35.0
2,16,23.83833,90.36397,-97.0,35.0
2,16,23.83833,90.36397,-99.0,35.0
2,16,23.83833,90.36397,-101.0,35.0
2,16,23.83833,90.36397,-100.0,35.0
2,16,23.83833,90.36397,-100.0,35.0
2,16,23.83833,90.36397,-100.0,35.0
2,16,23.83833,90.36397,-97.0,35.0
2,16,23.83833,90.36397,-97.0,35.0
2,16,23.83833,90.36397,-99.0,35.0
2,16,23.83833,90.36397,-98.0,35.0
2,16,23.83833,90.36397,-97.0,35.0
2,16,23.83833,90.36397,-98.0,35.0
2,16,23.83833,90.36397,-99.0,35.0
2,16,23.83833,90.36397,-98.0,35.0
2,16,23.83833,90.36397,-97.0,35.0
2,16,23.83833,90.36397,-99.0,35.0
2,16,23.83833,90.36397,-99.0,35.0
2,16,23.83833,90.36397,-99.0,35.0
2,16,23.83833,90.36397,-99.0,35.0
2,16,23.83833,90.36397,-99.0,35.0
2,16,23.83833,90.36397,-98.5,35.0
2,16,23.83833,90.36397,-98.0,35.0
2,16,23.83833,90.36397,-93.0,35.0
2,16,23.83833,90.36397,-98.0,35.0
2,16,23.83833,90.36397,-98.0,35.0
2,16,23.83833,90.36397,-97.5,35.0
2,16,23.83833,90.36397,-97.0,35.0
2,16,23.83833,90.36397,-92.0,35.0
2,16,23.83833,90.36397,-92.0,35.0
2,16,23.83833,90.36397,-95.0,35.0
2,16,23.83833,90.36397,-94.0,35.0
2,16,23.83833,90.36397,-98.0,35.0
2,16,23.83833,90.36397,-98.0,35.0
2,16,23.83833,90.36397,-96.0,35.0
2,16,23.83833,90.36397,-98.0,35.0
2,16,23.83833,90.36397,-96.0,35.0
2,16,23.83833,90.36397,-93.0,35.0
2,16,23.83833,90.36397,-95.0,35.0
2,16,23.83833,90.36397,-96.0,35.0
2,16,23.83833,90.36397,-93.0,35.0
2,16,23.83833,90.36397,-94.0,35.0
2,16,23.83833,90.36397,-96.0,35.0
2,16,23.83833,90.36397,-97.0,35.0
2,16,23.83833,90.36397,-97.0,35.0
2,16,23.83833,90.36397,-99.0,35.0
2,16,23.83833,90.36397,-97.0,35.0
2,16,23.83833,90.36397,-97.0,35.0
2,16,23.83833,90.36397,-97.0,35.0
2,16,23.83833,90.36397,-99.0,35.0
2,16,23.83833,90.36397,-98.0,35.0
2,16,23.83833,90.36397,-101.0,35.0
2,16,23.83833,90.36397,-96.0,35.0
2,16,23.83833,90.36397,-99.0,35.0
2,16,23.83833,90.36397,-101.0,35.0
2,16,23.83833,90.36397,-101.0,35.0
2,16,23.83833,90.36397,-101.0,35.0
2,16,23.83833,90.36397,-99.0,35.0
2,16,23.83833,90.36397,-98.0,35.0
2,16,23.83833,90.36397,-97.0,35.0
2,16,23.83833,90.36397,-97.0,35.0
2,16,23.83833,90.36397,-99.0,35.0
2,16,23.83833,90.36397,-99.0,35.0
2,16,23.83833,90.36397,-93.0,35.0
2,16,23.83833,90.36397,-92.8181818181818,35.0
2,16,23.83833,90.36397,-92.63636363636364,35.0
2,16,23.83833,90.36397,-92.45454545454544,35.0
2,16,23.83833,90.36397,-92.27272727272728,35.0
2,16,23.83833,90.36397,-92.0909090909091,35.0
2,16,23.83833,90.36397,-91.9090909090909,35.0
2,16,23.83833,90.36397,-91.72727272727272,35.0
2,16,23.83833,90.36397,-91.54545454545456,35.0
2,16,23.83833,90.36397,-91.36363636363636,35.0
2,16,23.83833,90.36397,-91.1818181818182,35.0
2,16,23.83833,90.36397,-91.0,35.0
2,16,23.83833,90.36397,-103.0,35.0
2,16,23.83833,90.36397,-105.0,35.0
2,16,23.83833,90.36397,-102.0,35.0
2,16,23.83833,90.36397,-102.0,35.0
2,16,23.83833,90.36397,-101.0,35.0
2,16,23.83833,90.36397,-102.0,35.0
2,16,23.83833,90.36397,-99.0,35.0
2,16,23.83833,90.36397,-96.0,35.0
2,16,23.83833,90.36397,-96.0,35.0
2,16,23.83833,90.36397,-95.0,35.0
2,16,23.83833,90.36397,-95.0,35.0
2,16,23.83833,90.36397,-93.0,35.0
2,16,23.83833,90.36397,-99.0,35.0
2,16,23.83833,90.36397,-101.0,35.0
2,16,23.83833,90.36397,-99.0,35.0
2,16,23.83833,90.36397,-95.0,35.0
2,16,23.83833,90.36397,-95.0,35.0
2,16,23.83833,90.36397,-95.0,35.0
2,16,23.83833,90.36397,-98.0,35.0
2,16,23.83833,90.36397,-95.0,35.0
2,16,23.83833,90.36397,-96.0,35.0
2,16,23.83833,90.36397,-93.0,35.0
2,16,23.83833,90.36397,-96.0,35.0
2,16,23.8384,90.36406,-96.0,30.5
2,16,23.83847,90.36415,-91.0,26.0
2,16,23.83858,90.36425,-87.0,22.0
2,16,23.83862,90.36429,-87.0,22.0
2,16,23.83865,90.36423,-90.0,25.0
2,16,23.83871,90.36414,-97.0,25.0
2,16,23.83876,90.36417,-110.0,26.0
2,16,23.83885,90.36421,-107.0,23.0
2,17,23.83889,90.36417,-104.0,23.0
2,17,23.83905,90.36431,-104.0,25.0
2,17,23.83916,90.36439,-103.0,0.0
2,17,23.83921,90.3644,-99.0,26.0
2,17,23.83927,90.36428,-102.0,27.0
2,17,23.83936,90.3643,-102.0,27.0
2,17,23.83939,90.36421,-98.0,27.0
2,17,23.83941,90.36413,-100.0,23.0
2,17,23.83953,90.36433,-98.0,24.0
2,17,23.83958,90.36433,-99.0,24.0
2,17,23.83965,90.36431,-99.0,24.0
2,17,23.83964,90.36417,-100.0,25.0
2,17,23.83979,90.36428,-102.0,30.0
2,17,23.83987,90.36435,-105.0,27.0
2,17,23.83989,90.36427,-107.0,25.0
2,17,23.84003,90.36419,-102.0,25.0
2,17,23.84001,90.36438,-103.0,25.0
2,17,23.84,90.36434,-104.0,25.0
2,17,23.84017,90.36438,-103.0,24.0
2,17,23.84033,90.36446,-105.0,25.0
2,17,23.84041,90.36427,-105.0,25.0
2,17,23.8404,90.36433,-105.0,16.0
2,17,23.84043,90.36435,-106.0,15.0
2,17,23.84048,90.36435,-110.0,16.0
2,17,23.8405,90.36438,-109.0,16.0
2,17,23.84055,90.36438,-109.0,16.0
2,17,23.8407,90.36421,-109.0,25.0
2,17,23.84078,90.36417,-107.0,28.0
2,17,23.84086,90.36413,-108.0,28.0
2,17,23.84095,90.36409,-108.0,28.0
2,17,23.84105,90.36403,-92.0,28.0
2,17,23.84111,90.364,-94.0,26.0
2,17,23.84117,90.36397,-94.0,25.0
2,17,23.84123,90.36395,-88.0,25.0
2,17,23.84129,90.36394,-89.0,24.0
2,17,23.84134,90.36392,-88.0,22.0
2,17,23.84139,90.36391,-87.0,22.0
2,17,23.84144,90.3639,-85.0,21.0
2,17,23.84149,90.36388,-98.0,19.0
2,17,23.84156,90.36385,-85.0,18.0
2,17,23.84162,90.36383,-82.0,16.0
2,17,23.84166,90.36382,-89.0,15.0
2,17,23.8417,90.36382,-89.0,15.0
2,17,23.84174,90.3638,-90.0,15.0
2,17,23.84179,90.36379,-100.0,15.0
2,17,23.84184,90.36377,-98.0,16.0
2,17,23.8419,90.36376,-94.0,16.0
2,17,23.84196,90.36374,-94.0,18.0
2,17,23.84202,90.36373,-93.0,18.0
2,17,23.84213,90.36367,-91.0,19.0
2,17,23.84221,90.36364,-85.0,26.0
2,17,23.84228,90.36361,-92.0,28.0
2,17,23.84236,90.36359,-85.0,29.0
2,17,23.84243,90.36357,-79.0,29.0
2,17,23.84251,90.36355,-86.0,30.0
2,17,23.84259,90.36354,-90.0,31.0
2,17,23.84267,90.36352,-90.0,31.0
2,17,23.84274,90.36351,-91.0,30.0
2,17,23.84282,90.3635,-94.0,29.0
2,17,23.8429,90.36349,-93.0,29.0
2,17,23.84298,90.36348,-93.0,29.0
2,17,23.84305,90.36348,-91.0,30.0
2,17,23.84313,90.36347,-93.0,31.0
2,17,23.84321,90.36347,-91.0,30.0
2,17,23.8433,90.36346,-86.0,30.0
2,17,23.84338,90.36345,-87.0,29.0
2,17,23.84347,90.36343,-79.0,29.0
2,17,23.84356,90.36342,-79.0,29.0
2,17,23.84365,90.36341,-78.0,30.0
2,17,23.84373,90.36339,-82.0,30.0
2,17,23.84382,90.36338,-77.0,30.0
2,17,23.8439,90.36337,-75.0,30.0
2,17,23.84398,90.36336,-83.0,29.0
2,17,23.84405,90.36336,-74.0,28.0
2,17,23.84412,90.36336,-73.0,27.0
2,17,23.84418,90.36336,-78.0,26.0
2,17,23.84424,90.36335,-73.0,25.0
2,17,23.84431,90.36335,-74.0,25.0
2,17,23.84437,90.36333,-68.0,24.0
2,17,23.84444,90.36329,-69.0,25.0
2,17,23.84452,90.36326,-82.0,26.0
2,17,23.84459,90.36323,-82.0,27.0
2,17,23.84467,90.36321,-71.0,27.0
2,17,23.84475,90.36319,-68.0,28.0
2,17,23.84482,90.36318,-66.0,28.0
2,17,23.84489,90.36317,-65.0,27.0
2,17,23.84496,90.36315,-78.0,26.0
2,17,23.84503,90.36313,-70.0,28.0
2,17,23.84511,90.36311,-72.0,30.0
2,17,23.84517,90.36311,-80.0,30.0
2,17,23.84523,90.36312,-82.0,29.0
2,17,23.84528,90.36312,-81.0,26.0
2,17,23.8453,90.36315,-82.0,24.0
2,17,23.84532,90.36318,-72.0,20.0
2,17,23.84533,90.36322,-83.0,18.0
2,17,23.84534,90.36326,-69.0,16.0
2,17,23.84535,90.36331,-70.0,16.0
2,17,23.84536,90.36335,-68.0,16.0
2,17,23.84536,90.3634,-81.0,15.0
2,17,23.84537,90.36345,-80.0,15.0
2,17,23.84535,90.3635,-71.0,14.0
2,17,23.84536,90.36354,-62.0,14.0
2,17,23.84537,90.36358,-68.0,14.0
2,17,23.84537,90.36361,-64.0,14.0
2,17,23.84538,90.36365,-69.0,14.0
2,17,23.84565,90.3635,-64.0,14.0
2,17,23.84583,90.36343,-69.0,20.0
2,17,23.84613,90.36326,-81.0,27.0
2,17,23.84632,90.36319,-86.0,37.0
2,17,23.84651,90.36313,-89.0,33.0
2,17,23.84664,90.36311,-91.0,30.0
2,17,23.84674,90.36311,-83.0,30.0
2,17,23.84684,90.36311,-80.0,30.0
2,17,23.84693,90.36312,-70.0,30.0
2,17,23.84702,90.36313,-70.0,30.0
2,17,23.8471,90.36313,-80.0,30.0
2,17,23.84718,90.36314,-72.0,30.0
2,17,23.84726,90.36316,-78.0,29.0
2,17,23.84734,90.36317,-76.0,29.0
2,17,23.84741,90.36318,-83.0,29.0
2,17,23.84748,90.36319,-83.0,28.0
2,17,23.84755,90.3632,-85.0,27.0
2,17,23.84761,90.36321,-75.0,26.0
2,17,23.84767,90.36322,-77.0,24.0
2,17,23.84773,90.36323,-75.0,23.0
2,17,23.84779,90.36323,-76.0,22.0
2,17,23.84784,90.36324,-74.0,22.0
2,17,23.8479,90.36325,-78.0,22.0
2,17,23.84796,90.36325,-82.0,23.0
2,17,23.84802,90.36326,-88.0,23.0
2,17,23.84808,90.36327,-92.0,24.0
2,17,23.84815,90.36328,-95.0,25.0
2,17,23.84822,90.36329,-90.0,26.0
2,17,23.84829,90.3633,-88.0,28.0
2,17,23.84837,90.36331,-88.0,29.0
2,17,23.84844,90.36333,-93.0,30.0
2,17,23.84852,90.36334,-89.0,30.0
2,17,23.84859,90.36335,-92.0,31.0
2,17,23.84867,90.36336,-92.0,30.0
2,17,23.84875,90.36337,-92.0,30.0
2,17,23.84882,90.36338,-91.0,30.0
2,17,23.8489,90.36339,-93.0,30.0
2,17,23.84898,90.3634,-90.0,30.0
2,17,23.84905,90.36341,-87.0,30.0
2,17,23.84913,90.36342,-89.0,30.0
2,17,23.8492,90.36343,-89.0,30.0
2,17,23.84928,90.36345,-82.0,30.0
2,17,23.84935,90.36346,-82.0,29.0
2,17,23.84943,90.36347,-86.0,28.0
2,17,23.8495,90.36348,-86.0,29.0
2,17,23.84957,90.36349,-86.0,29.0
2,17,23.84965,90.3635,-101.0,29.0
2,17,23.84972,90.36351,-109.0,29.0
2,17,23.84979,90.36352,-112.0,29.0
2,17,23.84987,90.36353,-108.0,29.0
2,17,23.84994,90.36354,-112.0,29.0
2,17,23.85002,90.36355,-110.0,29.0
2,17,23.85009,90.36356,-107.0,30.0
2,17,23.85017,90.36358,-110.0,30.0
2,17,23.85024,90.36359,-108.0,30.0
2,17,23.85032,90.3636,-110.0,30.0
2,17,23.85039,90.36361,-113.0,30.0
2,17,23.85047,90.36362,-112.0,31.0
2,17,23.85055,90.36363,-112.0,31.0
2,17,23.85063,90.36364,-113.0,31.0
2,17,23.8507,90.36366,-109.0,31.0
2,17,23.85078,90.36367,-112.0,31.0
2,17,23.85086,90.36368,-106.0,31.0
2,17,23.85094,90.36369,-113.0,31.0
2,17,23.85101,90.36371,-112.0,31.0
2,17,23.85109,90.36372,-113.0,31.0
2,17,23.85117,90.36373,-105.0,31.0
2,17,23.85124,90.36374,-115.0,31.0
2,17,23.85132,90.36375,-115.0,31.0
2,17,23.85139,90.36376,-108.0,30.0
2,17,23.85147,90.36377,-112.0,29.0
2,17,23.85153,90.36378,-113.0,28.0
2,17,23.8516,90.36379,-113.0,27.0
2,17,23.85167,90.3638,-111.0,27.0
2,17,23.85174,90.36381,-114.0,28.0
2,18,23.85181,90.36383,-119.0,28.0
2,18,23.85188,90.36384,-119.0,29.0
2,18,23.85195,90.36385,-119.0,29.0
2,18,23.85202,90.36386,-118.0,29.0
2,18,23.8521,90.36387,-115.0,29.0
2,18,23.85217,90.36389,-117.0,29.0
2,18,23.85225,90.3639,-111.0,29.0
2,18,23.85232,90.36391,-115.0,29.0
2,18,23.85239,90.36392,-94.0,29.0
2,18,23.85247,90.36394,-89.0,29.0
2,18,23.85254,90.36395,-90.0,30.0
2,18,23.85262,90.36395,-91.0,30.0
2,18,23.85269,90.36397,-91.0,30.0
2,18,23.85277,90.36398,-92.0,30.0
2,18,23.85284,90.36399,-89.0,30.0
2,18,23.85292,90.364,-93.0,30.0
2,18,23.85299,90.36401,-94.0,30.0
2,18,23.85307,90.36402,-93.0,30.0
2,18,23.85315,90.36404,-90.0,30.0
2,18,23.85322,90.36405,-93.0,30.0
2,18,23.8533,90.36406,-92.0,30.0
2,18,23.85337,90.36407,-89.0,29.0
2,18,23.85344,90.36408,-87.0,28.0
2,18,23.85351,90.36409,-87.0,28.0
2,18,23.85358,90.3641,-89.0,28.0
2,18,23.85365,90.36411,-107.0,28.0
2,18,23.85372,90.36412,-113.0,28.0
2,18,23.85379,90.36414,-117.0,29.0
2,18,23.85387,90.36415,-109.0,29.0
2,18,23.85394,90.36416,-112.0,29.0
2,18,23.85402,90.36417,-110.0,29.0
2,18,23.85409,90.36418,-110.0,30.0
2,18,23.85417,90.36419,-111.0,30.0
2,18,23.85424,90.36421,-110.0,30.0
2,18,23.85432,90.36422,-113.0,30.0
2,18,23.85439,90.36423,-108.0,30.0
2,18,23.85447,90.36424,-115.0,30.0
2,18,23.85455,90.36426,-115.0,30.0
2,18,23.85462,90.36426,-107.0,30.0
2,18,23.8547,90.36427,-114.0,30.0
2,18,23.85478,90.36428,-110.0,31.0
2,18,23.85486,90.3643,-107.0,31.0
2,18,23.85493,90.36431,-112.0,31.0
2,18,23.85501,90.36432,-110.0,31.0
2,18,23.85509,90.36433,-111.0,30.0
2,18,23.85517,90.36434,-109.0,30.0
2,18,23.85524,90.36435,-109.0,30.0
2,18,23.85532,90.36436,-109.0,31.0
2,18,23.8554,90.36437,-110.0,30.0
2,18,23.85548,90.36438,-107.0,30.0
2,18,23.85555,90.3644,-106.0,31.0
2,18,23.85563,90.36441,-109.0,31.0
2,18,23.85571,90.36442,-110.0,31.0
2,18,23.85578,90.36443,-110.0,30.0
2,18,23.85586,90.36444,-108.0,30.0
2,18,23.85593,90.36445,-109.0,30.0
2,18,23.856,90.36446,-98.0,29.0
2,18,23.85607,90.36447,-98.0,29.0
2,18,23.85615,90.36449,-94.0,29.0
2,18,23.85621,90.3645,-102.0,28.0
2,18,23.85628,90.36452,-94.0,27.0
2,18,23.85634,90.36453,-94.0,26.0
2,18,23.8564,90.36454,-94.0,25.0
2,18,23.85646,90.36455,-98.0,24.0
2,18,23.85652,90.36456,-98.0,24.0
2,18,23.85658,90.36456,-102.0,25.0
2,18,23.85665,90.36457,-99.0,25.0
2,18,23.85671,90.36458,-101.0,25.0
2,18,23.85677,90.3646,-96.0,25.0
2,18,23.85684,90.36461,-92.0,25.0
2,18,23.8569,90.36462,-94.0,25.0
2,18,23.85696,90.36463,-94.0,25.0
2,18,23.85702,90.36464,-91.0,24.0
2,18,23.85708,90.36464,-91.0,25.0
2,18,23.85714,90.36465,-91.0,24.0
2,18,23.8572,90.36466,-91.0,23.0
2,18,23.85725,90.36467,-95.0,22.0
2,18,23.8573,90.36468,-89.0,20.0
2,18,23.85734,90.36468,-89.0,18.0
2,18,23.85737,90.36469,-80.0,16.0
2,18,23.85741,90.36469,-80.0,14.0
2,18,23.85744,90.3647,-81.0,12.0
2,18,23.85747,90.3647,-80.0,12.0
2,18,23.8575,90.36471,-80.0,14.0
2,18,23.85754,90.36472,-80.0,14.0
2,18,23.85758,90.36472,-84.0,15.0
2,18,23.85762,90.36473,-84.0,16.0
2,18,23.85766,90.36474,-89.0,17.0
2,18,23.85771,90.36475,-85.0,18.0
2,18,23.85776,90.36475,-73.0,19.0
2,18,23.85781,90.36476,-72.0,20.0
2,18,23.85786,90.36477,-81.0,21.0
2,18,23.85792,90.36478,-68.0,22.0
2,18,23.85798,90.36479,-69.0,22.0
2,18,23.85803,90.3648,-68.0,23.0
2,18,23.85809,90.36481,-68.0,23.0
2,18,23.85815,90.36482,-82.0,24.0
2,18,23.85822,90.36483,-67.0,25.0
2,18,23.85828,90.36483,-68.0,25.0
2,18,23.85834,90.36484,-68.0,26.0
2,18,23.85841,90.36485,-76.0,27.0
2,18,23.85848,90.36486,-69.0,27.0
2,18,23.85854,90.36487,-70.0,27.0
2,18,23.85861,90.36488,-70.0,27.0
2,18,23.85868,90.36489,-76.0,28.0
2,18,23.85876,90.36489,-82.0,28.0
2,18,23.85883,90.36491,-84.0,28.0
2,18,23.8589,90.36491,-87.0,28.0
2,18,23.85897,90.36491,-92.0,28.0
2,18,23.85905,90.36491,-99.0,29.0
2,18,23.85912,90.3649,-101.0,30.0
2,18,23.8592,90.3649,-87.0,30.0
2,18,23.85928,90.36489,-92.0,32.0
2,18,23.85937,90.36488,-79.0,32.0
2,18,23.85946,90.36487,-79.0,33.0
2,18,23.85955,90.36484,-88.0,34.0
2,18,23.85965,90.36482,-91.0,37.0
2,18,23.85974,90.3648,-91.0,38.0
2,18,23.85982,90.36478,-85.0,38.0
2,18,23.8599,90.36479,-90.0,36.0
2,18,23.85996,90.36481,-90.0,33.0
2,18,23.86003,90.36483,-85.0,30.0
2,18,23.8601,90.36484,-85.0,30.0
2,18,23.86018,90.36484,-84.0,31.0
2,18,23.86024,90.36485,-87.0,30.0
2,18,23.86031,90.36486,-89.0,27.0
2,18,23.86038,90.36488,-89.0,27.0
2,18,23.86045,90.36489,-93.0,27.0
2,18,23.8605,90.36489,-93.0,25.0
2,18,23.86056,90.3649,-96.0,24.0
2,18,23.86061,90.3649,-96.0,23.0
2,18,23.86065,90.36496,-94.0,22.0
2,18,23.86068,90.36502,-99.0,20.0
2,18,23.86072,90.36506,-94.0,18.0
2,18,23.86077,90.36509,-92.0,19.0
2,18,23.86081,90.36511,-97.0,19.0
2,18,23.86086,90.36512,-97.0,18.0
2,18,23.8609,90.36513,-91.0,16.0
2,18,23.86094,90.36514,-99.0,17.0
2,18,23.86098,90.36516,-92.0,16.0
2,18,23.86101,90.36517,-88.0,16.0
2,18,23.86105,90.36519,-87.0,15.0
2,18,23.86108,90.36521,-86.0,16.0
2,18,23.86113,90.36523,-83.0,17.0
2,18,23.86117,90.36525,-86.0,19.0
2,18,23.86122,90.36527,-92.0,20.0
2,18,23.86128,90.36528,-91.0,21.0
2,18,23.86133,90.36529,-91.0,22.0
2,18,23.86139,90.36531,-93.0,22.0
2,18,23.86144,90.36532,-102.0,22.0
2,18,23.8615,90.36533,-94.0,23.0
2,18,23.86157,90.36534,-95.0,24.0
2,18,23.86163,90.36535,-96.0,25.0
2,18,23.86169,90.36536,-100.0,25.0
2,18,23.86176,90.36538,-100.0,26.0
2,18,23.86182,90.36539,-94.0,26.0
2,18,23.86189,90.3654,-99.0,27.0
2,18,23.86196,90.36541,-102.0,27.0
2,18,23.86203,90.36542,-103.0,27.0
2,18,23.8621,90.36543,-96.0,28.0
2,18,23.86217,90.36544,-102.0,28.0
2,18,23.86225,90.36545,-102.0,29.0
2,18,23.86232,90.36546,-99.0,29.0
2,18,23.86239,90.36547,-97.0,29.0
2,18,23.86246,90.36548,-93.0,29.0
2,18,23.86253,90.3655,-83.0,28.0
2,18,23.86261,90.3655,-82.0,29.0
2,18,23.86268,90.36552,-81.0,29.0
2,18,23.86276,90.36553,-75.0,30.0
2,18,23.86283,90.36554,-83.0,30.0
2,18,23.86291,90.36555,-86.0,30.0
2,18,23.86298,90.36556,-82.0,30.0
2,18,23.86306,90.36557,-92.0,30.0
2,18,23.86314,90.36559,-96.0,31.0
2,18,23.86321,90.3656,-96.0,31.0
2,18,23.86329,90.36561,-98.0,31.0
2,18,23.86337,90.36562,-103.0,31.0
2,18,23.86344,90.36563,-104.0,31.0
2,18,23.86352,90.36565,-105.0,31.0
2,18,23.8636,90.36566,-103.0,30.0
2,19,23.86367,90.36567,-106.0,30.0
2,19,23.86375,90.36569,-104.0,30.0
2,19,23.86383,90.3657,-98.0,31.0
2,19,23.8639,90.36571,-105.0,30.0
2,19,23.86398,90.36573,-105.0,30.0
2,19,23.86406,90.36574,-103.0,31.0
2,19,23.86413,90.36575,-103.0,30.0
2,19,23.86421,90.36576,-111.0,30.0
2,19,23.86428,90.36578,-104.0,30.0
2,19,23.86436,90.36579,-102.0,30.0
2,19,23.86443,90.3658,-104.0,30.0
2,19,23.8645,90.36581,-103.0,29.0
2,19,23.86458,90.36582,-104.0,29.0
2,19,23.86465,90.36582,-100.0,29.0
2,19,23.86471,90.36582,-100.0,27.0
2,19,23.86477,90.36583,-90.0,24.0
2,19,23.86482,90.36583,-93.0,21.0
2,19,23.86487,90.36583,-89.0,20.0
2,19,23.86491,90.36583,-92.0,18.0
2,19,23.86495,90.36582,-89.0,18.0
2,19,23.86499,90.36582,-91.0,16.0
2,19,23.86502,90.36582,-87.0,13.0
2,19,23.86505,90.36582,-91.0,11.0
2,19,23.86507,90.36582,-92.0,10.0
2,19,23.86509,90.36583,-86.0,9.0
2,19,23.86511,90.36584,-91.0,8.0
2,19,23.86513,90.36585,-95.0,9.0
2,19,23.86515,90.36586,-95.0,10.0
2,19,23.86518,90.36587,-101.0,12.0
2,19,23.86522,90.36589,-91.0,15.0
2,19,23.86527,90.3659,-82.0,17.0
2,19,23.86532,90.36593,-89.0,19.0
2,19,23.86537,90.36594,-91.0,21.0
2,19,23.86542,90.36596,-93.0,23.0
2,19,23.86549,90.36598,-96.0,24.0
2,19,23.86555,90.36599,-95.0,25.0
2,19,23.86562,90.36601,-103.0,26.0
2,19,23.86568,90.36602,-104.0,27.0
2,19,23.86575,90.36604,-100.0,27.0
2,19,23.86582,90.36607,-87.0,27.0
2,19,23.86589,90.36609,-87.0,28.0
2,19,23.86595,90.36612,-93.0,27.0
2,19,23.86602,90.36615,-103.0,28.0
2,19,23.86608,90.36619,-101.0,28.0
2,19,23.86614,90.36622,-99.0,28.0
2,19,23.8662,90.36626,-105.0,27.0
2,19,23.86627,90.3663,-105.0,28.0
2,19,23.86633,90.36634,-103.0,28.0
2,19,23.86639,90.36638,-103.0,28.0
2,19,23.86644,90.36643,-92.0,28.0
2,19,23.8665,90.36646,-96.0,28.0
2,19,23.86656,90.3665,-96.0,28.0
2,19,23.86662,90.36654,-103.0,28.0
2,19,23.86667,90.36658,-95.0,28.0
2,19,23.86673,90.36662,-88.0,28.0
2,19,23.86678,90.36665,-92.0,27.0
2,19,23.86684,90.36669,-96.0,27.0
2,19,23.8669,90.36672,-96.0,28.0
2,19,23.86696,90.36676,-94.0,27.0
2,19,23.86701,90.36679,-95.0,25.0
2,19,23.86707,90.36681,-93.0,24.0
2,19,23.86712,90.36684,-94.0,24.0
2,19,23.86718,90.36688,-93.0,27.0
2,19,23.86724,90.36691,-92.0,26.0
2,19,23.86731,90.36694,-89.0,25.0
2,19,23.86737,90.36697,-95.0,26.0
2,19,23.86743,90.36699,-95.0,25.0
2,19,23.86749,90.36702,-92.0,24.0
2,19,23.86755,90.36705,-91.0,24.0
2,19,23.8676,90.36707,-89.0,21.0
2,19,23.86765,90.36709,-93.0,21.0
2,19,23.86769,90.36711,-91.0,19.0
2,19,23.86773,90.36712,-89.0,17.0
2,19,23.86775,90.36713,-90.0,12.0
2,19,23.86777,90.36714,-73.0,9.0
2,19,23.86778,90.36714,-77.0,4.0
2,19,23.86779,90.36715,-80.0,1.0
2,19,23.8678,90.36716,-79.0,3.0
2,19,23.86781,90.36716,-78.0,4.0
2,19,23.86782,90.36717,-76.0,2.0
2,19,23.86783,90.36718,-74.0,2.0
2,19,23.86784,90.36719,-77.0,3.0
2,19,23.86786,90.36719,-75.0,4.0
2,19,23.86787,90.36719,-72.0,5.0
2,19,23.86789,90.3672,-72.0,5.0
2,19,23.86791,90.3672,-73.0,6.0
2,19,23.86793,90.3672,-80.0,7.0
2,19,23.86794,90.3672,-79.0,8.0
2,19,23.86796,90.36721,-80.0,5.0
2,19,23.86798,90.36721,-72.0,5.0
2,19,23.868,90.36722,-68.0,7.0
2,19,23.86802,90.36723,-72.0,7.0
2,19,23.86805,90.36723,-75.0,8.0
2,19,23.86807,90.36724,-76.0,8.0
2,19,23.86809,90.36725,-77.0,7.0
2,19,23.86812,90.36725,-80.0,8.0
2,19,23.86815,90.36726,-81.0,11.0
2,19,23.86818,90.36726,-80.0,13.0
2,19,23.86821,90.36726,-80.0,11.0
2,19,23.86823,90.36726,-77.0,7.0
2,19,23.86827,90.36727,-81.0,11.0
2,19,23.86831,90.36727,-80.0,14.0
2,19,23.86835,90.36728,-78.0,16.0
2,19,23.8684,90.36729,-80.0,16.0
2,19,23.86846,90.3673,-79.0,19.0
2,19,23.86852,90.36732,-83.0,22.0
2,19,23.86858,90.36734,-88.0,23.0
2,19,23.86864,90.36736,-88.0,22.0
2,19,23.86869,90.36739,-87.0,25.0
2,19,23.86874,90.36741,-87.0,23.0
2,19,23.86879,90.36744,-89.0,21.0
2,19,23.86885,90.36745,-91.0,20.0
2,19,23.86894,90.36745,-91.0,21.0
2,19,23.86903,90.36746,-91.0,25.0
2,19,23.86913,90.36747,-93.0,28.0
2,19,23.86921,90.36748,-95.0,32.0
2,19,23.86928,90.36749,-92.0,31.0
2,19,23.86936,90.3675,-94.0,30.0
2,19,23.86944,90.36752,-92.0,29.0
2,19,23.86954,90.36753,-93.0,28.0
2,19,23.86962,90.36754,-93.0,32.0
2,19,23.86971,90.36755,-95.0,31.0
2,19,23.86978,90.36756,-94.0,30.0
2,19,23.86985,90.36757,-96.0,29.0
2,19,23.86992,90.36758,-100.0,29.0
2,19,23.86997,90.36758,-98.0,25.0
2,19,23.87003,90.36758,-97.0,20.0
2,19,23.8701,90.36759,-97.0,20.0
2,19,23.87018,90.3676,-99.0,25.0
2,19,23.87026,90.36761,-98.0,27.0
2,19,23.87033,90.36762,-97.0,28.0
2,19,23.87041,90.36763,-99.0,28.0
2,19,23.87049,90.36764,-100.0,29.0
2,19,23.87056,90.36766,-99.0,29.0
2,19,23.87063,90.36768,-98.0,29.0
2,19,23.87071,90.36769,-98.0,27.0
2,19,23.87078,90.36771,-99.0,28.0
2,19,23.87085,90.36773,-98.0,30.0
2,19,23.87092,90.36775,-99.0,27.0
2,19,23.87097,90.36776,-97.0,25.0
2,19,23.87103,90.36778,-98.0,23.0
2,19,23.87109,90.36779,-97.0,23.0
2,19,23.87114,90.3678,-98.0,22.0
2,19,23.8712,90.36782,-99.0,21.0
2,19,23.87127,90.36784,-96.0,24.0
2,19,23.87133,90.36787,-97.0,27.0
2,19,23.87139,90.3679,-95.0,25.0
2,19,23.87145,90.36792,-100.0,23.0
2,19,23.87152,90.36793,-100.0,22.0
2,19,23.87158,90.36794,-102.0,22.0
2,19,23.87164,90.36795,-103.0,22.0
2,19,23.8717,90.36796,-101.0,24.0
2,19,23.87177,90.36798,-105.0,24.0
2,19,23.87184,90.368,-103.0,25.0
2,19,23.87191,90.36802,-105.0,26.0
2,19,23.872,90.36804,-103.0,27.0
2,19,23.87209,90.36806,-103.0,31.0
2,19,23.87215,90.36808,-108.0,32.0
2,19,23.87224,90.3681,-103.0,30.0
2,19,23.87231,90.36813,-107.0,31.0
2,19,23.87236,90.36814,-111.0,33.0
2,19,23.87239,90.36817,-94.0,32.0
2,19,23.87242,90.3682,-92.0,31.0
2,19,23.87245,90.36823,-98.0,28.0
2,19,23.87245,90.36824,-100.0,26.0
2,19,23.87242,90.36824,-100.0,17.0
2,19,23.8724,90.36824,-100.0,6.0
2,19,23.87237,90.36823,-102.0,6.0
2,19,23.87225,90.36819,-103.0,6.0
2,19,23.87217,90.36816,-99.0,9.0
2,19,23.8721,90.36812,-96.0,11.0
2,19,23.87207,90.36809,-96.0,11.0
2,19,23.87202,90.36806,-98.0,13.0
2,19,23.87198,90.36803,-99.0,15.0
2,19,23.87194,90.36801,-99.0,15.0
2,19,23.87191,90.36798,-99.0,14.0
2,19,23.87188,90.36796,-99.0,12.0
2,19,23.87184,90.36794,-97.0,13.0
2,19,23.87179,90.36792,-97.0,13.0
2,19,23.87173,90.3679,-97.0,14.0
2,20,23.87167,90.36789,-95.0,17.0
2,20,23.87159,90.36788,-90.0,19.0
2,20,23.87152,90.36787,-99.0,20.0
2,20,23.87145,90.36786,-95.0,23.0
2,20,23.87137,90.36785,-97.0,23.0
2,20,23.87129,90.36785,-97.0,24.0
2,20,23.87121,90.36785,-95.0,25.0
2,20,23.87112,90.36785,-96.0,26.0
2,20,23.87102,90.36785,-95.0,26.0
2,20,23.87092,90.36784,-98.0,27.0
2,20,23.87081,90.36783,-100.0,27.0
2,20,23.87071,90.36783,-99.0,26.0
2,20,23.87061,90.36782,-93.0,27.0
2,20,23.87052,90.36781,-100.0,26.0
2,20,23.87044,90.3678,-95.0,27.0
2,20,23.87036,90.36779,-94.0,27.0
2,20,23.87027,90.36779,-99.0,28.0
2,20,23.87018,90.36778,-95.0,29.0
2,20,23.87011,90.36777,-97.0,26.0
2,20,23.87005,90.36776,-95.0,26.0
2,20,23.86998,90.36775,-94.0,25.0
2,20,23.86991,90.36775,-95.0,24.0
2,20,23.86985,90.36775,-93.0,25.0
2,20,23.86978,90.36774,-92.0,25.0
2,20,23.86971,90.36774,-94.0,26.0
2,20,23.86964,90.36774,-93.0,27.0
2,20,23.86956,90.36775,-94.0,28.0
2,20,23.86949,90.36776,-91.0,27.0
2,20,23.86942,90.36777,-91.0,27.0
2,20,23.86935,90.36778,-90.0,28.0
2,20,23.86928,90.3678,-91.0,27.0
2,20,23.86921,90.36782,-93.0,26.0
2,20,23.86913,90.36784,-87.0,28.0
2,20,23.86904,90.36786,-88.0,30.0
2,20,23.86896,90.36789,-89.0,32.0
2,20,23.86887,90.36792,-88.0,34.0
2,20,23.86878,90.36795,-84.0,34.0
2,20,23.8687,90.36797,-87.0,34.0
2,20,23.86861,90.36799,-84.0,35.0
2,20,23.86854,90.368,-84.0,34.0
2,20,23.86847,90.36801,-81.0,32.0
2,20,23.86841,90.36802,-79.0,30.0
2,20,23.86836,90.36801,-82.0,27.0
2,20,23.86832,90.368,-81.0,23.0
2,20,23.86829,90.36798,-78.0,19.0
2,20,23.86826,90.36795,-81.0,17.0
2,20,23.86825,90.3679,-81.0,14.0
2,20,23.86824,90.36783,-84.0,13.0
2,20,23.86826,90.36772,-84.0,12.0
2,20,23.86825,90.36765,-80.0,10.0
2,20,23.86823,90.36761,-86.0,10.0
2,20,23.8682,90.36756,-85.0,12.0
2,20,23.86816,90.36753,-82.0,10.0
2,20,23.86813,90.36752,-85.0,9.0
2,20,23.86809,90.36751,-86.0,7.0
2,20,23.86805,90.3675,-90.0,6.0
2,20,23.86802,90.3675,-88.0,6.0
2,20,23.86802,90.36749,-85.0,4.0
2,20,23.86801,90.36748,-85.0,2.0
2,20,23.868,90.36747,-90.0,2.0
2,20,23.86799,90.36746,-90.0,2.0
2,20,23.86797,90.36746,-89.0,4.0
2,20,23.86794,90.36745,-87.0,5.0
2,20,23.86792,90.36745,-86.0,6.0
2,20,23.8679,90.36744,-88.0,5.0
2,20,23.86789,90.36743,-88.0,4.0
2,20,23.86787,90.36742,-88.0,6.0
2,20,23.86784,90.3674,-90.0,8.0
2,20,23.86781,90.36739,-89.0,9.0
2,20,23.86778,90.36738,-91.0,10.0
2,20,23.86775,90.36738,-93.0,10.0
2,20,23.86772,90.36737,-93.0,10.0
2,20,23.86769,90.36737,-94.0,11.0
2,20,23.86766,90.36736,-96.0,12.0
2,20,23.86762,90.36735,-94.0,14.0
2,20,23.86757,90.36733,-92.0,16.0
2,20,23.86753,90.36732,-94.0,16.0
2,20,23.86748,90.36729,-93.0,17.0
2,20,23.86743,90.36727,-91.0,19.0
2,20,23.86739,90.36724,-90.0,20.0
2,20,23.86733,90.36722,-92.0,21.0
2,20,23.86728,90.36719,-87.0,22.0
2,20,23.86723,90.36716,-89.0,22.0
2,20,23.86718,90.36713,-89.0,23.0
2,20,23.86713,90.36711,-91.0,23.0
2,20,23.86708,90.36709,-95.0,19.0
2,20,23.86703,90.36706,-96.0,21.0
2,20,23.86698,90.36703,-95.0,22.0
2,20,23.86693,90.367,-92.0,22.0
2,20,23.86688,90.36697,-90.0,23.0
2,20,23.86682,90.36694,-88.0,23.0
2,20,23.86677,90.3669,-87.0,24.0
2,20,23.86671,90.36686,-91.0,25.0
2,20,23.86666,90.36683,-94.0,24.0
2,20,23.86661,90.3668,-97.0,24.0
2,20,23.86655,90.36677,-97.0,25.0
2,20,23.86649,90.36673,-102.0,25.0
2,20,23.86644,90.36669,-101.0,26.0
2,20,23.86638,90.36666,-102.0,27.0
2,20,23.86631,90.36663,-103.0,27.0
2,20,23.86625,90.36659,-100.0,27.0
2,20,23.86619,90.36655,-97.0,26.0
2,20,23.86613,90.36651,-96.5,27.0
2,20,23.86608,90.36647,-96.0,26.0
2,20,23.86602,90.36644,-88.0,26.0
2,20,23.86595,90.36641,-89.5,27.0
2,20,23.86588,90.36638,-91.0,28.0
2,20,23.86581,90.36636,-90.0,28.0
2,20,23.86575,90.36633,-91.0,28.0
2,20,23.86568,90.36631,-93.0,28.0
2,20,23.86561,90.36628,-89.0,29.0
2,20,23.86554,90.36626,-89.0,28.0
2,20,23.86547,90.36624,-93.0,27.0
2,20,23.8654,90.36623,-92.0,27.0
2,20,23.86534,90.36621,-88.0,27.0
2,20,23.86528,90.3662,-93.0,26.0
2,20,23.86522,90.36619,-98.0,24.0
2,20,23.86516,90.36619,-94.0,24.0
2,20,23.8651,90.36619,-93.0,23.0
2,20,23.86505,90.36618,-91.0,21.0
2,20,23.865,90.36617,-91.0,20.0
2,20,23.86495,90.36616,-89.0,20.0
2,20,23.8649,90.36614,-87.0,21.0
2,20,23.86485,90.36613,-87.0,21.0
2,20,23.8648,90.36612,-86.0,21.0
2,20,23.86474,90.36611,-89.0,21.0
2,20,23.86469,90.36609,-91.0,22.0
2,20,23.86463,90.36607,-89.0,22.0
2,20,23.86457,90.36606,-88.0,23.0
2,20,23.86451,90.36604,-88.0,24.0
2,20,23.86445,90.36602,-90.0,26.0
2,20,23.86438,90.36601,-93.0,27.0
2,20,23.86431,90.36599,-98.0,27.0
2,20,23.86424,90.36597,-97.0,28.0
2,20,23.86416,90.36596,-94.0,29.0
2,20,23.86408,90.36594,-93.0,30.0
2,20,23.86401,90.36593,-95.0,30.0
2,20,23.86394,90.36591,-97.0,30.0
2,20,23.86386,90.3659,-98.0,30.0
2,20,23.86379,90.36589,-97.0,30.0
2,20,23.86371,90.36588,-100.0,30.0
2,20,23.86364,90.36587,-98.0,30.0
2,20,23.86356,90.36585,-100.0,30.0
2,20,23.86349,90.36584,-98.0,30.0
2,20,23.86342,90.36582,-95.0,30.0
2,20,23.86334,90.3658,-97.0,30.0
2,20,23.86327,90.36579,-95.0,30.0
2,20,23.86319,90.36578,-96.0,30.0
2,20,23.86312,90.36577,-93.0,30.0
2,20,23.86304,90.36576,-87.0,30.0
2,20,23.86297,90.36575,-85.0,30.0
2,20,23.8629,90.36574,-89.0,30.0
2,20,23.86283,90.36573,-84.0,30.0
2,20,23.86275,90.36571,-83.0,30.0
2,20,23.86268,90.3657,-85.0,30.0
2,20,23.8626,90.36569,-87.0,30.0
2,20,23.86253,90.36567,-89.0,30.0
2,20,23.86245,90.36565,-90.0,30.0
2,20,23.86238,90.36564,-93.0,29.0
2,20,23.86231,90.36562,-97.0,29.0
2,20,23.86224,90.36561,-99.0,29.0
2,20,23.86217,90.3656,-94.0,28.0
2,20,23.8621,90.36558,-91.0,29.0
2,20,23.86202,90.36557,-90.0,29.0
2,20,23.86195,90.36556,-89.0,29.0
2,20,23.86188,90.36555,-94.0,30.0
2,20,23.8618,90.36554,-95.0,30.0
2,20,23.86173,90.36553,-94.0,29.0
2,20,23.86166,90.36552,-92.0,29.0
2,20,23.86158,90.36551,-91.0,30.0
2,20,23.86151,90.3655,-90.0,30.0
2,20,23.86144,90.36549,-84.0,29.0
2,20,23.86137,90.36548,-95.0,29.0
2,20,23.8613,90.36547,-87.0,28.0
2,20,23.86123,90.36546,-85.0,27.0
2,20,23.86117,90.36546,-91.0,25.0
2,20,23.86112,90.36546,-80.0,24.0
2,20,23.86106,90.36546,-89.0,22.0
2,20,23.86101,90.36547,-91.0,21.0
2,20,23.86097,90.36547,-88.0,19.0
2,21,23.86092,90.36547,-86.0,18.0
2,21,23.86088,90.36546,-86.0,18.0
2,21,23.86083,90.36545,-87.0,18.0
2,21,23.86079,90.36543,-94.0,19.0
2,21,23.86073,90.36541,-90.0,20.0
2,21,23.86068,90.36539,-94.0,22.0
2,21,23.86063,90.36537,-91.0,23.0
2,21,23.86057,90.36535,-93.0,22.0
2,21,23.86051,90.36534,-94.0,23.0
2,21,23.86046,90.36533,-91.0,24.0
2,21,23.8604,90.36532,-101.0,23.0
2,21,23.86034,90.36531,-100.0,24.0
2,21,23.86028,90.3653,-100.0,23.0
2,21,23.86022,90.3653,-98.0,24.0
2,21,23.86016,90.3653,-100.0,25.0
2,21,23.86009,90.3653,-92.0,25.0
2,21,23.86003,90.3653,-95.0,24.0
2,21,23.85996,90.36529,-93.0,26.0
2,21,23.85989,90.36528,-87.0,28.0
2,21,23.85982,90.36527,-88.0,28.0
2,21,23.85976,90.36524,-87.0,27.0
2,21,23.85971,90.36521,-90.0,27.0
2,21,23.85965,90.36519,-90.0,24.0
2,21,23.85958,90.36518,-90.0,25.0
2,21,23.85951,90.36517,-94.0,26.0
2,21,23.85944,90.36516,-96.0,25.0
2,21,23.85937,90.36514,-80.0,26.0
2,21,23.85931,90.36513,-81.0,24.0
2,21,23.85924,90.36512,-83.0,23.0
2,21,23.85917,90.36512,-91.0,24.0
2,21,23.8591,90.36511,-83.0,25.0
2,21,23.85902,90.36511,-84.0,25.0
2,21,23.85894,90.3651,-84.0,25.0
2,21,23.85886,90.36509,-83.0,27.0
2,21,23.85877,90.36508,-80.0,28.0
2,21,23.85869,90.36507,-78.0,28.0
2,21,23.85861,90.36506,-76.0,29.0
2,21,23.85853,90.36505,-77.0,29.0
2,21,23.85845,90.36503,-75.0,29.0
2,21,23.85837,90.36502,-73.0,29.0
2,21,23.8583,90.36501,-79.0,29.0
2,21,23.85822,90.365,-77.0,29.0
2,21,23.85815,90.36499,-74.0,29.0
2,21,23.85807,90.36497,-74.0,29.0
2,21,23.85799,90.36496,-76.0,29.0
2,21,23.85792,90.36496,-78.0,29.0
2,21,23.85786,90.36495,-80.0,27.0
2,21,23.85779,90.36494,-83.0,27.0
2,21,23.85773,90.36493,-87.0,25.0
2,21,23.85766,90.36492,-87.0,25.0
2,21,23.8576,90.36491,-90.0,25.0
2,21,23.85754,90.3649,-88.0,25.0
2,21,23.85749,90.36489,-91.0,24.0
2,21,23.85743,90.36489,-92.0,23.0
2,21,23.85737,90.36488,-91.0,22.0
2,21,23.85732,90.36487,-97.0,23.0
2,21,23.85726,90.36486,-94.0,23.0
2,21,23.8572,90.36485,-95.0,24.0
2,21,23.85714,90.36484,-93.0,24.0
2,21,23.85708,90.36483,-95.0,24.0
2,21,23.85702,90.36482,-95.0,24.0
2,21,23.85696,90.36481,-90.0,25.0
2,21,23.85689,90.3648,-90.0,25.0
2,21,23.85683,90.36479,-90.0,25.0
2,21,23.85676,90.36478,-95.0,26.0
2,21,23.8567,90.36477,-95.0,26.0
2,21,23.85663,90.36476,-91.0,26.0
2,21,23.85657,90.36475,-91.0,26.0
2,21,23.8565,90.36474,-92.0,26.0
2,21,23.85644,90.36473,-92.0,26.0
2,21,23.85637,90.36472,-94.0,26.0
2,21,23.8563,90.36471,-92.0,27.0
2,21,23.85624,90.3647,-92.0,27.0
2,21,23.85617,90.36469,-93.0,27.0
2,21,23.8561,90.36467,-91.0,27.0
2,21,23.85604,90.36467,-91.0,27.0
2,21,23.85597,90.36466,-93.0,28.0
2,21,23.8559,90.36465,-94.0,27.0
2,21,23.85583,90.36464,-94.0,27.0
2,21,23.85576,90.36462,-92.0,28.0
2,21,23.85569,90.36461,-88.0,28.0
2,21,23.85562,90.3646,-90.0,28.0
2,21,23.85555,90.36459,-90.0,28.0
2,21,23.85548,90.36458,-91.0,28.0
2,21,23.85541,90.36457,-91.0,28.0
2,21,23.85534,90.36457,-91.0,28.0
2,21,23.85527,90.36456,-90.0,28.0
2,21,23.8552,90.36455,-88.0,28.0
2,21,23.85513,90.36454,-91.0,28.0
2,21,23.85506,90.36452,-94.0,27.0
2,21,23.85499,90.36451,-91.0,28.0
2,21,23.85492,90.3645,-91.0,28.0
2,21,23.85485,90.36449,-92.0,28.0
2,21,23.85479,90.36448,-91.0,28.0
2,21,23.85472,90.36447,-91.0,28.0
2,21,23.85465,90.36446,-86.0,28.0
2,21,23.85458,90.36444,-84.0,27.0
2,21,23.85451,90.36443,-85.0,28.0
2,21,23.85444,90.36442,-84.0,27.0
2,21,23.85437,90.36441,-86.0,28.0
2,21,23.8543,90.36439,-89.0,28.0
2,21,23.85423,90.36438,-89.0,28.0
2,21,23.85416,90.36437,-88.0,28.0
2,21,23.85408,90.36436,-88.0,28.0
2,21,23.85402,90.36435,-88.0,28.0
2,21,23.85395,90.36434,-87.0,27.0
2,21,23.85388,90.36433,-86.0,28.0
2,21,23.85381,90.36432,-87.0,28.0
2,21,23.85374,90.36431,-88.0,29.0
2,21,23.85367,90.3643,-88.0,29.0
2,21,23.8536,90.3643,-90.0,29.0
2,21,23.85352,90.36429,-87.0,29.0
2,21,23.85345,90.36428,-90.0,29.0
2,21,23.85338,90.36427,-91.0,30.0
2,21,23.8533,90.36426,-94.0,30.0
2,21,23.85323,90.36425,-90.0,30.0
2,21,23.85316,90.36424,-90.0,29.0
2,21,23.85309,90.36423,-93.0,29.0
2,21,23.85301,90.36422,-87.0,30.0
2,21,23.85294,90.36421,-87.0,30.0
2,21,23.85286,90.3642,-84.0,30.0
2,21,23.85279,90.36419,-86.0,30.0
2,21,23.85271,90.36418,-87.0,30.0
2,21,23.85264,90.36417,-85.0,30.0
2,21,23.85256,90.36416,-87.0,31.0
2,21,23.85248,90.36415,-83.0,31.0
2,21,23.85241,90.36413,-82.0,30.0
2,21,23.85233,90.36412,-82.0,30.0
2,21,23.85226,90.36411,-92.0,30.0
2,21,23.85218,90.36409,-85.0,30.0
2,21,23.85211,90.36408,-83.0,30.0
2,21,23.85203,90.36407,-82.0,30.0
2,21,23.85196,90.36405,-84.0,29.0
2,21,23.85189,90.36404,-86.0,29.0
2,21,23.85181,90.36403,-83.0,29.0
2,21,23.85174,90.36402,-85.0,29.0
2,21,23.85166,90.36401,-86.0,30.0
2,21,23.85159,90.364,-86.0,30.0
2,21,23.85151,90.36398,-85.0,29.0
2,21,23.85144,90.36397,-83.0,30.0
2,21,23.85136,90.36396,-82.0,29.0
2,21,23.85129,90.36395,-79.0,30.0
2,21,23.85121,90.36394,-80.0,29.0
2,21,23.85114,90.36392,-89.0,30.0
2,21,23.85106,90.36391,-89.0,30.0
2,21,23.85099,90.3639,-89.0,30.0
2,21,23.85092,90.36389,-86.0,30.0
2,21,23.85084,90.36388,-85.0,30.0
2,21,23.85077,90.36386,-81.0,30.0
2,21,23.8507,90.36385,-81.0,30.0
2,21,23.85062,90.36384,-84.0,29.0
2,21,23.85056,90.36383,-85.0,27.0
2,21,23.85049,90.36382,-85.0,27.0
2,21,23.85043,90.36381,-88.0,24.0
2,21,23.85038,90.3638,-85.0,23.0
2,21,23.85032,90.36379,-81.0,23.0
2,21,23.85026,90.36378,-82.0,23.0
2,21,23.8502,90.36378,-80.0,24.0
2,21,23.85014,90.36377,-85.0,24.0
2,21,23.85008,90.36376,-84.0,25.0
2,21,23.85002,90.36374,-82.0,25.0
2,21,23.84995,90.36373,-84.0,26.0
2,21,23.84989,90.36372,-84.0,26.0
2,21,23.84982,90.3637,-84.0,26.0
2,21,23.84976,90.36369,-81.0,27.0
2,21,23.84969,90.36368,-82.0,27.0
2,21,23.84962,90.36367,-82.0,28.0
2,21,23.84955,90.36365,-80.0,28.0
2,21,23.84948,90.36364,-87.0,28.0
2,21,23.84941,90.36362,-90.0,29.0
2,21,23.84934,90.36361,-84.0,29.0
2,21,23.84927,90.3636,-87.0,29.0
2,21,23.8492,90.36359,-92.0,29.0
2,21,23.84912,90.36358,-85.0,29.0
2,21,23.84905,90.36357,-87.0,29.0
2,21,23.84897,90.36356,-89.0,30.0
2,21,23.8489,90.36356,-89.0,29.0
2,21,23.84883,90.36355,-90.0,29.0
2,21,23.84876,90.36354,-92.0,30.0
2,21,23.84868,90.36353,-92.0,29.0
2,22,23.84861,90.36352,-91.0,29.0
2,22,23.84853,90.36351,-97.0,29.0
2,22,23.84846,90.3635,-96.0,29.0
2,22,23.84838,90.36349,-102.0,30.0
2,22,23.84831,90.36348,-92.0,29.0
2,22,23.84824,90.36347,-92.0,29.0
2,22,23.84818,90.36347,-92.0,27.0
2,22,23.84812,90.36346,-97.0,26.0
2,22,23.84806,90.36345,-97.0,24.0
2,22,23.84801,90.36344,-82.0,22.0
2,22,23.84796,90.36344,-82.0,20.0
2,22,23.84792,90.36343,-89.0,18.0
2,22,23.84787,90.36342,-84.0,18.0
2,22,23.84783,90.36342,-82.0,18.0
2,22,23.84778,90.36341,-84.0,19.0
2,22,23.84774,90.3634,-81.0,19.0
2,22,23.84769,90.36339,-85.0,20.0
2,22,23.84764,90.36339,-85.0,20.0
2,22,23.8476,90.36338,-84.0,19.0
2,22,23.84755,90.36337,-80.0,18.0
2,22,23.8475,90.36336,-79.0,19.0
2,22,23.84745,90.36335,-78.0,21.0
2,22,23.8474,90.36334,-82.0,21.0
2,22,23.84734,90.36333,-82.0,22.0
2,22,23.84728,90.36332,-80.5,23.0
2,22,23.84722,90.36331,-79.0,23.0
2,22,23.84717,90.3633,-82.0,23.0
2,22,23.84711,90.36329,-81.0,23.0
2,22,23.84705,90.36328,-77.0,24.0
2,22,23.84699,90.36328,-77.5,24.0
2,22,23.84692,90.36327,-78.0,25.0
2,22,23.84686,90.36326,-76.0,25.0
2,22,23.8468,90.36325,-71.0,26.0
2,22,23.84673,90.36324,-74.0,26.0
2,22,23.84666,90.36323,-76.0,26.0
2,22,23.8466,90.36322,-76.0,27.0
2,22,23.84653,90.36322,-76.0,27.0
2,22,23.84646,90.36321,-77.0,28.0
2,22,23.84639,90.36321,-71.0,28.0
2,22,23.84632,90.36321,-67.0,29.0
2,22,23.84625,90.36321,-69.0,28.0
2,22,23.84618,90.36321,-70.0,28.0
2,22,23.84611,90.36321,-65.0,28.0
2,22,23.84604,90.36321,-72.0,27.0
2,22,23.84596,90.36321,-68.0,28.0
2,22,23.84589,90.3632,-69.0,28.0
2,22,23.84581,90.3632,-68.0,29.0
2,22,23.84574,90.36319,-72.0,29.0
2,22,23.84566,90.36319,-73.0,29.0
2,22,23.84558,90.36319,-73.0,30.0
2,22,23.84551,90.36319,-86.0,31.0
2,22,23.84544,90.36319,-86.0,31.0
2,22,23.84536,90.36319,-85.0,28.0
2,22,23.84527,90.3632,-85.0,31.0
2,22,23.84519,90.36319,-88.0,30.0
2,22,23.84512,90.36319,-84.0,29.0
2,22,23.84506,90.36318,-79.0,25.0
2,22,23.84501,90.36318,-81.0,24.0
2,22,23.84495,90.36318,-73.0,25.0
2,22,23.84488,90.36319,-73.0,25.0
2,22,23.84482,90.36319,-90.0,24.0
2,22,23.84475,90.3632,-86.0,25.0
2,22,23.84469,90.3632,-94.0,26.0
2,22,23.84461,90.36321,-90.0,27.0
2,22,23.84454,90.36321,-88.0,28.0
2,22,23.84447,90.36322,-92.0,29.0
2,22,23.84439,90.36323,-85.0,29.0
2,22,23.84432,90.36324,-87.0,29.0
2,22,23.84425,90.36326,-96.0,29.0
2,22,23.84418,90.36327,-102.0,28.0
2,22,23.84412,90.36329,-101.0,28.0
2,22,23.84404,90.36329,-105.0,28.0
2,22,23.84397,90.3633,-105.0,29.0
2,22,23.8439,90.36331,-102.0,29.0
2,22,23.84383,90.36332,-106.0,29.0
2,22,23.84376,90.36333,-103.0,29.0
2,22,23.84369,90.36334,-103.0,29.0
2,22,23.84361,90.36334,-102.0,29.0
2,22,23.84354,90.36334,-102.0,29.0
2,22,23.84347,90.36335,-103.0,30.0
2,22,23.84339,90.36336,-102.0,30.0
2,22,23.84332,90.36337,-102.0,30.0
2,22,23.84324,90.36337,-100.0,30.0
2,22,23.84317,90.36338,-103.0,31.0
2,22,23.84309,90.36339,-101.0,30.0
2,22,23.84302,90.36339,-104.0,30.0
2,22,23.84294,90.3634,-102.0,30.0
2,22,23.84287,90.36342,-100.0,29.0
2,22,23.8428,90.36343,-102.0,29.0
2,22,23.84273,90.36344,-105.0,29.0
2,22,23.84265,90.36346,-106.0,29.0
2,22,23.84258,90.36347,-100.0,28.0
2,22,23.84251,90.36349,-104.0,29.0
2,22,23.84244,90.36351,-102.0,29.0
2,22,23.84237,90.36353,-102.0,29.0
2,22,23.8423,90.36356,-104.0,29.0
2,22,23.84223,90.36359,-106.0,29.0
2,22,23.84217,90.36362,-104.0,29.0
2,22,23.8421,90.36364,-106.0,29.0
2,22,23.84203,90.36367,-104.0,29.0
2,22,23.84196,90.3637,-93.0,29.0
2,22,23.84189,90.36372,-96.0,29.0
2,22,23.84182,90.36374,-87.0,29.0
2,22,23.84175,90.36377,-94.0,29.0
2,22,23.84168,90.36379,-87.0,29.0
2,22,23.84161,90.36381,-92.0,30.0
2,22,23.84153,90.36384,-94.0,30.0
2,22,23.84146,90.36386,-92.0,31.0
2,22,23.84139,90.36389,-101.0,30.0
2,22,23.84132,90.36392,-106.0,30.0
2,22,23.84125,90.36395,-107.0,30.0
2,22,23.84117,90.36397,-107.0,30.0
2,22,23.8411,90.364,-109.0,30.0
2,22,23.84103,90.36403,-109.0,30.0
2,22,23.84096,90.36405,-105.0,30.0
2,22,23.84089,90.36407,-107.0,30.0
2,22,23.84082,90.36409,-108.0,29.0
2,22,23.84075,90.36411,-106.0,29.0
2,22,23.84067,90.36413,-100.0,29.0
2,22,23.8406,90.36415,-101.0,29.0
2,22,23.84053,90.36416,-107.0,28.0
2,22,23.84047,90.36418,-103.0,28.0
2,22,23.8404,90.36419,-101.0,28.0
2,22,23.84033,90.3642,-96.0,28.0
2,22,23.84026,90.36421,-95.0,28.0
2,22,23.84019,90.36423,-95.0,28.0
2,22,23.84012,90.36423,-92.0,27.0
2,22,23.84006,90.36425,-97.0,27.0
2,22,23.83999,90.36425,-100.0,27.0
2,22,23.83992,90.36425,-105.0,27.0
2,22,23.83985,90.36426,-99.0,27.0
2,22,23.83978,90.36426,-98.0,27.0
2,22,23.83971,90.36426,-102.0,28.0
2,22,23.83964,90.36426,-105.0,28.0
2,22,23.83957,90.36425,-101.0,27.0
2,22,23.8395,90.36424,-100.0,26.0
2,22,23.83943,90.36423,-100.0,27.0
2,22,23.83936,90.36422,-101.0,28.0
2,22,23.83928,90.36421,-99.0,28.0
2,22,23.83921,90.3642,-103.0,28.0
2,22,23.83914,90.36419,-102.0,28.0
2,22,23.83907,90.36417,-107.0,28.0
2,22,23.839,90.36416,-107.0,28.0
2,22,23.83892,90.36414,-101.0,28.0
2,22,23.83885,90.36412,-93.0,28.0
2,22,23.83878,90.3641,-94.0,28.0
2,22,23.83872,90.36408,-94.0,27.0
2,22,23.83865,90.36406,-100.0,28.0
2,22,23.83858,90.36404,-98.0,27.0
2,22,23.83852,90.36402,-100.0,26.0
2,22,23.83846,90.364,-104.0,25.0
2,22,23.8384,90.36398,-107.0,24.0
2,22,23.83834,90.36397,-111.0,23.0
2,22,23.83829,90.36395,-114.0,23.0
2,22,23.83824,90.36394,-115.0,21.0
2,22,23.83819,90.36393,-115.0,20.0
2,22,23.83814,90.36391,-115.0,19.0
2,22,23.8381,90.3639,-117.0,19.0
2,22,23.83806,90.36389,-116.0,18.0
2,22,23.83801,90.36387,-98.0,17.0
2,22,23.83797,90.36386,-98.0,17.0
2,22,23.83793,90.36384,-101.0,17.0
2,22,23.83789,90.36382,-99.0,16.0
2,22,23.83785,90.36381,-99.0,16.0
2,22,23.83781,90.36379,-96.0,16.0
2,22,23.83777,90.36377,-100.0,16.0
2,22,23.83773,90.36376,-100.0,16.0
2,22,23.8377,90.36374,-100.0,15.0
2,22,23.83766,90.36373,-96.0,15.0
2,22,23.83762,90.36372,-101.0,15.0
2,22,23.83758,90.36371,-103.0,15.0
2,22,23.83754,90.3637,-104.0,15.0
2,22,23.8375,90.36368,-107.0,16.0
2,22,23.83746,90.36367,-104.0,17.0
2,22,23.83742,90.36366,-103.0,16.0
2,22,23.83738,90.36365,-100.0,16.0
2,22,23.83734,90.36364,-100.0,15.0
2,22,23.8373,90.36363,-97.0,14.0
2,22,23.83727,90.36363,-96.0,15.0
2,22,23.83724,90.36363,-98.0,13.0
2,23,23.83722,90.36363,-93.0,9.0
2,23,23.8372,90.36364,-95.0,7.0
2,23,23.83719,90.36363,-97.0,6.0
2,23,23.83717,90.36363,-97.0,7.0
2,23,23.83715,90.36362,-97.0,7.0
2,23,23.83712,90.36362,-92.0,10.0
2,23,23.83709,90.36363,-91.0,11.0
2,23,23.83706,90.36363,-89.0,12.0
2,23,23.83702,90.36363,-89.0,13.0
2,23,23.83699,90.36363,-94.0,13.0
2,23,23.83695,90.36364,-88.0,14.0
2,23,23.83692,90.36364,-84.0,15.0
2,23,23.83687,90.36364,-88.0,16.0
2,23,23.83683,90.36364,-87.0,16.0
2,23,23.8368,90.36364,-87.0,14.0
2,23,23.83677,90.36365,-84.0,12.0
2,23,23.83674,90.36365,-84.0,12.0
2,23,23.83671,90.36365,-82.0,12.0
2,23,23.83667,90.36365,-84.0,11.0
2,23,23.83663,90.36365,-85.0,15.0
2,23,23.83659,90.36366,-84.0,16.0
2,23,23.83655,90.36367,-84.0,16.0
2,23,23.8365,90.36368,-84.0,17.0
2,23,23.83646,90.36368,-82.0,17.0
2,23,23.83641,90.36369,-83.0,17.0
2,23,23.83636,90.36369,-84.0,16.0
2,23,23.83631,90.36369,-78.0,19.0
2,23,23.83626,90.3637,-74.0,19.0
2,23,23.83622,90.3637,-79.0,16.0
2,23,23.83618,90.36371,-78.0,14.0
2,23,23.83615,90.36372,-73.0,11.0
2,23,23.83612,90.36372,-74.0,11.0
2,23,23.83609,90.36373,-73.0,11.0
2,23,23.83605,90.36373,-75.0,13.0
2,23,23.83601,90.36373,-74.0,14.0
2,23,23.83596,90.36372,-76.0,15.0
2,23,23.83592,90.36372,-79.0,16.0
2,23,23.83588,90.36371,-79.0,15.0
2,23,23.83583,90.36371,-79.0,15.0
2,23,23.83579,90.36371,-79.0,16.0
2,23,23.83575,90.36371,-79.0,17.0
2,23,23.83571,90.36371,-81.0,16.0
2,23,23.83567,90.36372,-85.0,16.0
2,23,23.83563,90.36373,-84.0,14.0
2,23,23.83561,90.36373,-83.0,12.0
2,23,23.83559,90.36373,-83.0,9.0
2,23,23.83556,90.36374,-82.0,8.0
2,23,23.83554,90.36374,-85.0,9.0
2,23,23.83551,90.36374,-81.0,11.0
2,23,23.83548,90.36375,-80.0,12.0
2,23,23.83544,90.36376,-83.0,13.0
2,23,23.8354,90.36377,-79.0,15.0
2,23,23.83535,90.36377,-77.0,15.0
2,23,23.8353,90.36377,-77.0,17.0
2,23,23.83526,90.36378,-81.0,17.0
2,23,23.83521,90.36377,-81.0,17.0
2,23,23.83516,90.36377,-78.0,16.0
2,23,23.83512,90.36377,-78.0,16.0
2,23,23.83508,90.36376,-79.0,14.0
2,23,23.83504,90.36376,-79.0,14.0
2,23,23.835,90.36376,-81.0,14.0
2,23,23.83497,90.36376,-79.0,13.0
2,23,23.83494,90.36377,-79.0,10.0
2,23,23.83492,90.36378,-83.0,7.0
2,23,23.83489,90.36378,-79.0,9.0
2,23,23.83486,90.36378,-82.0,10.0
2,23,23.83482,90.36379,-77.0,12.0
2,23,23.83478,90.36379,-78.0,13.0
2,23,23.83474,90.3638,-82.0,15.0
2,23,23.8347,90.36382,-82.0,12.0
2,23,23.83466,90.36383,-87.0,13.0
2,23,23.83461,90.36382,-84.0,17.0
2,23,23.83456,90.36382,-90.0,19.0
2,23,23.83452,90.36381,-94.0,13.0
2,23,23.83447,90.3638,-92.0,15.0
2,23,23.83441,90.3638,-97.0,20.0
2,23,23.83434,90.3638,-98.0,24.0
2,23,23.83428,90.3638,-101.0,24.0
2,23,23.83421,90.36381,-101.0,23.0
2,23,23.83415,90.36381,-100.0,23.0
2,23,23.83409,90.36381,-100.0,22.0
2,23,23.83403,90.36381,-98.0,23.0
2,23,23.83397,90.36381,-100.0,22.0
2,23,23.83391,90.3638,-99.0,22.0
2,23,23.83385,90.36381,-97.0,21.0
2,23,23.8338,90.36382,-100.0,20.0
2,23,23.83376,90.36382,-101.0,18.0
2,23,23.83371,90.36382,-101.0,16.0
2,23,23.83366,90.36382,-95.0,18.0
2,23,23.83361,90.36382,-93.0,18.0
2,23,23.83355,90.36382,-94.0,20.0
2,23,23.8335,90.36382,-88.0,20.0
2,23,23.83344,90.36382,-89.0,21.0
2,23,23.83338,90.36382,-91.0,22.0
2,23,23.83333,90.36382,-91.0,22.0
2,23,23.83327,90.36383,-92.0,21.0
2,23,23.83321,90.36383,-96.0,23.0
2,23,23.83315,90.36384,-95.0,23.0
2,23,23.83309,90.36385,-97.0,24.0
2,23,23.83303,90.36386,-95.0,23.0
2,23,23.83296,90.36386,-93.0,23.0
2,23,23.83291,90.36386,-92.0,22.0
2,23,23.83285,90.36386,-92.0,22.0
2,23,23.8328,90.36386,-89.0,21.0
2,23,23.83274,90.36386,-89.0,22.0
2,23,23.83268,90.36387,-92.0,21.0
2,23,23.83263,90.36386,-89.0,21.0
2,23,23.83257,90.36387,-89.0,19.0
2,23,23.83252,90.36387,-89.0,20.0
2,23,23.83247,90.36387,-87.0,19.0
2,23,23.83243,90.36387,-89.0,18.0
2,23,23.83239,90.36387,-87.0,16.0
2,23,23.83235,90.36387,-87.0,14.0
2,23,23.83232,90.36387,-87.0,12.0
2,23,23.8323,90.36387,-85.0,7.0
2,23,23.83228,90.36387,-85.0,5.0
2,23,23.83226,90.36387,-84.0,7.0
2,23,23.83223,90.36386,-83.0,10.0
2,23,23.83219,90.36386,-85.0,12.0
2,23,23.83215,90.36385,-80.0,14.0
2,23,23.8321,90.36385,-78.0,15.0
2,23,23.83206,90.36384,-79.0,17.0
2,23,23.83201,90.36384,-85.0,18.0
2,23,23.83196,90.36384,-78.0,18.0
2,23,23.83192,90.36385,-79.0,17.0
2,23,23.83187,90.36385,-85.0,16.0
2,23,23.83182,90.36385,-81.0,16.0
2,23,23.83177,90.36385,-78.0,18.0
2,23,23.83172,90.36386,-79.0,19.0
2,23,23.83167,90.36387,-76.0,19.0
2,23,23.83162,90.36387,-82.0,20.0
2,23,23.83157,90.36388,-78.0,20.0
2,23,23.83151,90.36387,-72.0,21.0
2,23,23.83145,90.36387,-75.0,21.0
2,23,23.83139,90.36387,-74.0,23.0
2,23,23.83133,90.36388,-75.0,23.0
2,23,23.83126,90.36388,-73.0,24.0
2,23,23.8312,90.36389,-69.0,24.0
2,23,23.83114,90.3639,-73.0,25.0
2,23,23.83107,90.3639,-81.0,25.0
2,23,23.831,90.3639,-77.0,26.0
2,23,23.83093,90.3639,-71.0,27.0
2,23,23.83086,90.3639,-74.0,27.0
2,23,23.83079,90.3639,-101.0,27.0
2,23,23.83072,90.3639,-98.0,27.0
2,23,23.83065,90.3639,-94.0,27.0
2,23,23.83058,90.36389,-90.0,28.0
2,23,23.8305,90.3639,-94.0,28.0
2,23,23.83043,90.3639,-78.0,28.0
2,23,23.83036,90.3639,-87.0,28.0
2,23,23.83029,90.3639,-92.0,28.0
2,23,23.83022,90.3639,-95.0,27.0
2,23,23.83015,90.3639,-81.0,26.0
2,23,23.83009,90.36391,-81.0,24.0
2,23,23.83003,90.36391,-88.0,24.0
2,23,23.82998,90.36392,-85.0,23.0
2,23,23.82992,90.36392,-82.0,21.0
2,23,23.82986,90.36392,-82.0,22.0
2,23,23.82981,90.36392,-82.0,21.0
2,23,23.82975,90.36393,-84.0,21.0
2,23,23.8297,90.36393,-83.0,21.0
2,23,23.82964,90.36394,-83.0,21.0
2,23,23.82958,90.36394,-103.0,21.0
2,23,23.82953,90.36394,-111.0,19.0
2,23,23.82949,90.36394,-115.0,16.0
2,23,23.82946,90.36395,-119.0,13.0
2,23,23.82943,90.36395,-72.0,12.0
2,23,23.8294,90.36397,-75.0,12.0
2,23,23.82938,90.36398,-77.0,11.0
2,23,23.82935,90.36399,-78.0,11.0
2,23,23.82933,90.36401,-80.0,11.0
2,23,23.82931,90.36403,-78.0,11.0
2,23,23.82928,90.36404,-78.0,9.0
2,23,23.82926,90.36404,-78.0,9.0
2,23,23.82923,90.36405,-76.0,10.0
2,23,23.82921,90.36405,-77.0,10.0
2,23,23.82918,90.36406,-77.0,10.0
2,23,23.82915,90.36406,-77.0,12.0
2,23,23.82911,90.36406,-74.0,13.0
2,23,23.82907,90.36406,-74.0,15.0
3,24,23.75034,90.39487,-85.0,3.0
3,24,23.75034,90.39487,-85.0,3.0
3,24,23.75034,90.39488,-86.0,4.0
3,24,23.75035,90.39489,-84.0,6.0
3,24,23.75037,90.39491,-81.0,9.0
3,24,23.75039,90.39494,-81.0,9.0
3,24,23.75041,90.39498,-78.0,15.0
3,24,23.75043,90.39503,-79.0,20.0
3,24,23.75045,90.39508,-73.0,19.0
3,24,23.75047,90.39514,-76.0,19.0
3,24,23.75051,90.39519,-77.0,19.0
3,24,23.75054,90.39523,-76.0,18.0
3,24,23.75057,90.39527,-75.0,14.0
3,24,23.75058,90.39531,-73.0,14.0
3,24,23.7506,90.39534,-72.0,10.0
3,24,23.75061,90.39537,-75.0,10.0
3,24,23.75062,90.3954,-76.0,10.0
3,24,23.75064,90.39544,-77.0,15.0
3,24,23.75066,90.39548,-80.0,16.0
3,24,23.75068,90.39552,-78.0,16.0
3,24,23.75069,90.39556,-79.0,16.0
3,24,23.7507,90.3956,-76.0,12.0
3,24,23.75071,90.39563,-74.0,10.0
3,24,23.75072,90.39566,-74.0,10.0
3,24,23.75073,90.39569,-77.0,12.0
3,24,23.75074,90.39573,-77.0,12.0
3,24,23.75076,90.39576,-80.0,11.0
3,24,23.75077,90.39578,-80.0,11.0
3,24,23.75078,90.39581,-83.0,11.0
3,24,23.75079,90.39585,-81.0,13.0
3,24,23.7508,90.39588,-79.0,13.0
3,24,23.75081,90.39591,-82.0,12.0
3,24,23.75082,90.39595,-82.0,12.0
3,24,23.75084,90.39598,-82.0,12.0
3,24,23.75086,90.396,-82.0,10.0
3,24,23.75088,90.39603,-82.0,10.0
3,24,23.7509,90.39606,-84.0,13.0
3,24,23.75092,90.3961,-82.0,13.0
3,24,23.75093,90.39613,-82.0,11.0
3,24,23.75095,90.39616,-81.0,12.0
3,24,23.75095,90.3962,-80.0,12.0
3,24,23.75097,90.39624,-81.0,13.0
3,24,23.751,90.39627,-83.0,16.0
3,24,23.75104,90.39632,-82.0,20.0
3,24,23.75106,90.39638,-81.0,22.0
3,24,23.75108,90.39643,-81.0,22.0
3,24,23.7511,90.39649,-77.0,18.0
3,24,23.75111,90.39653,-78.0,12.0
3,24,23.75112,90.39657,-77.0,10.0
3,24,23.7511,90.3966,-80.0,7.0
3,24,23.7511,90.39662,-78.0,7.0
3,24,23.75109,90.39664,-75.0,8.0
3,24,23.75108,90.39667,-73.0,9.0
3,24,23.75108,90.39669,-71.0,6.0
3,24,23.75107,90.39671,-75.0,5.0
3,24,23.75106,90.39672,-76.0,5.0
3,24,23.75105,90.39674,-80.0,8.0
3,24,23.75106,90.39677,-77.0,11.0
3,24,23.75108,90.39681,-80.0,12.0
3,24,23.75111,90.39685,-79.0,17.0
3,24,23.75114,90.39689,-78.0,17.0
3,24,23.75117,90.39692,-77.0,9.0
3,24,23.75117,90.39696,-77.0,7.0
3,24,23.75118,90.39699,-77.0,4.0
3,24,23.75119,90.39701,-79.0,2.0
3,24,23.75119,90.39702,-80.0,2.0
3,24,23.7512,90.39703,-74.0,1.0
3,24,23.75122,90.39704,-83.0,2.0
3,24,23.75123,90.39705,-82.0,2.0
3,24,23.75124,90.39705,-80.0,1.0
3,24,23.75126,90.39705,-81.0,1.0
3,24,23.75129,90.39705,-78.0,0.0
3,24,23.75132,90.39704,-79.0,0.0
3,24,23.75135,90.39704,-83.0,1.0
3,24,23.75137,90.39704,-79.0,1.0
3,24,23.75139,90.39704,-79.0,1.0
3,24,23.75141,90.39703,-80.0,1.0
3,24,23.75142,90.39703,-77.0,2.0
3,24,23.75143,90.39704,-79.0,2.0
3,24,23.75145,90.39704,-79.0,4.0
3,24,23.75146,90.39704,-80.0,4.0
3,24,23.75148,90.39704,-81.0,5.0
3,24,23.75149,90.39704,-83.0,5.0
3,24,23.7515,90.39704,-83.0,3.0
3,24,23.7515,90.39705,-83.0,2.0
3,24,23.75152,90.39706,-83.0,2.0
3,24,23.75154,90.39707,-83.0,7.0
3,24,23.75157,90.39707,-85.0,6.0
3,24,23.75159,90.39708,-80.0,6.0
3,24,23.75162,90.39708,-73.0,6.0
3,24,23.75164,90.39709,-76.0,6.0
3,24,23.75166,90.3971,-78.0,7.0
3,24,23.75166,90.3971,-77.0,6.0
3,24,23.75165,90.39711,-77.0,4.0
3,24,23.75164,90.39712,-78.0,3.0
3,24,23.75159,90.39712,-78.0,3.0
3,24,23.75155,90.39711,-75.0,2.0
3,24,23.7515,90.39711,-75.0,0.0
3,24,23.75149,90.39711,-75.0,0.0
3,24,23.75147,90.39712,-78.0,1.0
3,24,23.75146,90.39713,-73.0,1.0
3,24,23.75146,90.39713,-75.0,1.0
3,24,23.75146,90.39712,-76.0,1.0
3,24,23.75146,90.39712,-77.0,1.0
3,24,23.75145,90.39711,-77.0,1.0
3,24,23.75145,90.3971,-77.0,1.0
3,24,23.75145,90.3971,-75.0,1.0
3,24,23.75145,90.3971,-76.0,0.0
3,24,23.75145,90.3971,-76.0,1.0
3,24,23.75145,90.3971,-76.0,0.0
3,24,23.75144,90.3971,-76.0,0.0
3,24,23.75144,90.3971,-76.0,1.0
3,24,23.75144,90.3971,-75.0,1.0
3,24,23.75144,90.3971,-76.0,0.0
3,24,23.75144,90.3971,-76.0,1.0
3,24,23.75143,90.39712,-74.0,1.0
3,24,23.75143,90.39712,-72.0,1.0
3,24,23.75143,90.39713,-74.0,1.0
3,24,23.75143,90.39713,-74.0,1.0
3,24,23.75142,90.39712,-74.0,0.0
3,24,23.75142,90.39712,-74.0,0.0
3,24,23.75141,90.39712,-74.0,2.0
3,24,23.75141,90.39713,-76.0,1.0
3,24,23.75141,90.39713,-76.0,0.0
3,24,23.75142,90.39713,-76.0,1.0
3,24,23.75142,90.39713,-75.0,1.0
3,24,23.75142,90.39714,-76.0,2.0
3,24,23.75142,90.39715,-76.0,2.0
3,24,23.75142,90.39715,-75.0,1.0
3,24,23.75142,90.39715,-75.0,1.0
3,24,23.75143,90.39715,-75.0,1.0
3,24,23.75143,90.39716,-77.0,1.0
3,24,23.75143,90.39717,-75.0,1.0
3,24,23.75143,90.39718,-74.0,0.0
3,24,23.75143,90.39718,-76.0,1.0
3,24,23.75143,90.39719,-75.0,1.0
3,24,23.75143,90.3972,-76.0,0.0
3,24,23.75143,90.3972,-74.0,2.0
3,24,23.75144,90.39721,-74.0,6.0
3,24,23.75144,90.39723,-77.0,6.0
3,24,23.75144,90.39725,-76.0,6.0
3,24,23.75144,90.39726,-76.0,2.0
3,24,23.75144,90.39727,-82.0,3.0
3,24,23.75145,90.39728,-82.0,4.0
3,24,23.75145,90.3973,-83.0,4.0
3,24,23.75145,90.39731,-84.0,4.0
3,24,23.75146,90.39732,-80.0,5.0
3,24,23.75147,90.39734,-81.0,5.0
3,24,23.75147,90.39735,-83.0,3.0
3,24,23.75148,90.39736,-83.0,2.0
3,24,23.75148,90.39736,-80.0,2.0
3,24,23.75148,90.39736,-82.0,1.0
3,24,23.75149,90.39737,-85.0,4.0
3,24,23.7515,90.39738,-85.0,4.0
3,24,23.75151,90.3974,-83.0,5.0
3,24,23.75152,90.39741,-84.0,5.0
3,24,23.75152,90.39743,-84.0,6.0
3,24,23.75153,90.39745,-86.0,7.0
3,24,23.75154,90.39747,-82.0,9.0
3,24,23.75154,90.39749,-82.0,8.0
3,24,23.75155,90.3975,-79.0,8.0
3,24,23.75155,90.3975,-76.0,4.0
3,24,23.75156,90.39751,-70.0,5.0
3,24,23.75157,90.39753,-77.0,6.0
3,24,23.75158,90.39755,-80.0,8.0
3,24,23.75158,90.39757,-74.0,8.0
3,24,23.75159,90.39759,-73.0,7.0
3,24,23.7516,90.39761,-70.0,5.0
3,24,23.7516,90.39763,-80.0,5.0
3,24,23.75161,90.39764,-83.0,5.0
3,24,23.75162,90.39766,-80.0,5.0
3,24,23.75162,90.39769,-79.0,5.0
3,24,23.75163,90.39771,-74.0,5.0
3,24,23.75164,90.39774,-74.0,4.0
3,24,23.75165,90.39775,-76.0,3.0
3,24,23.75166,90.39777,-72.0,3.0
3,24,23.75167,90.39779,-73.0,3.0
3,24,23.75168,90.3978,-71.0,4.0
3,24,23.75169,90.39781,-70.0,4.0
3,24,23.75171,90.39783,-69.0,3.0
3,25,23.75172,90.39784,-75.0,3.0
3,25,23.75173,90.39785,-68.0,3.0
3,25,23.75174,90.39786,-69.0,5.0
3,25,23.75176,90.39788,-66.0,7.0
3,25,23.75177,90.39789,-71.0,7.0
3,25,23.75179,90.39791,-71.0,7.0
3,25,23.7518,90.39793,-73.0,8.0
3,25,23.75182,90.39795,-74.0,9.0
3,25,23.75183,90.39798,-78.0,13.0
3,25,23.75185,90.39801,-82.0,17.0
3,25,23.75188,90.39806,-81.0,17.0
3,25,23.75191,90.3981,-84.0,17.0
3,25,23.75193,90.39814,-87.0,17.0
3,25,23.75196,90.39818,-83.0,16.0
3,25,23.75199,90.39822,-90.0,16.0
3,25,23.75201,90.39825,-91.0,16.0
3,25,23.75203,90.39829,-86.0,17.0
3,25,23.75205,90.39833,-86.0,19.0
3,25,23.75207,90.39838,-88.0,21.0
3,25,23.7521,90.39843,-81.0,23.0
3,25,23.75213,90.39848,-90.0,23.0
3,25,23.75215,90.39853,-82.0,22.0
3,25,23.75218,90.39857,-83.0,23.0
3,25,23.75222,90.39862,-83.0,23.0
3,25,23.75225,90.39868,-80.0,25.0
3,25,23.75228,90.39874,-81.0,25.0
3,25,23.75232,90.39881,-83.0,33.0
3,25,23.75236,90.39889,-80.0,34.0
3,25,23.75242,90.39896,-84.0,33.0
3,25,23.75247,90.39903,-86.0,32.0
3,25,23.75252,90.3991,-74.0,32.0
3,25,23.75256,90.39917,-74.0,30.0
3,25,23.75262,90.39924,-75.0,30.0
3,25,23.75267,90.3993,-78.0,29.0
3,25,23.75271,90.39937,-85.0,28.0
3,25,23.75276,90.39943,-76.0,28.0
3,25,23.7528,90.39949,-76.0,26.0
3,25,23.75284,90.39954,-82.0,25.0
3,25,23.75287,90.3996,-81.0,23.0
3,25,23.7529,90.39965,-86.0,23.0
3,25,23.75294,90.3997,-87.0,23.0
3,25,23.75298,90.39974,-86.0,21.0
3,25,23.75301,90.39978,-85.0,20.0
3,25,23.75305,90.39982,-86.0,20.0
3,25,23.75308,90.39986,-83.0,21.0
3,25,23.75311,90.39991,-86.0,21.0
3,25,23.75315,90.39996,-87.0,23.0
3,25,23.75318,90.40001,-86.0,21.0
3,25,23.75321,90.40005,-90.0,20.0
3,25,23.75325,90.4001,-89.0,20.0
3,25,23.75328,90.40014,-91.0,20.0
3,25,23.7533,90.40018,-90.0,17.0
3,25,23.75333,90.40022,-92.0,14.0
3,25,23.75335,90.40025,-95.0,11.0
3,25,23.75336,90.40027,-93.0,9.0
3,25,23.75338,90.40029,-93.0,9.0
3,25,23.75339,90.40031,-100.0,5.0
3,25,23.7534,90.40032,-95.0,3.0
3,25,23.75341,90.40032,-96.0,2.0
3,25,23.75342,90.40032,-90.0,1.0
3,25,23.75343,90.40033,-92.0,1.0
3,25,23.75344,90.40033,-92.0,1.0
3,25,23.75344,90.40033,-92.0,1.0
3,25,23.75344,90.40034,-98.0,1.0
3,25,23.75345,90.40034,-95.0,0.0
3,25,23.75345,90.40034,-96.0,0.0
3,25,23.75345,90.40035,-97.0,1.0
3,25,23.75346,90.40035,-100.0,1.0
3,25,23.75346,90.40035,-100.0,0.0
3,25,23.75346,90.40035,-99.0,0.0
3,25,23.75347,90.40035,-98.0,0.0
3,25,23.75347,90.40035,-98.0,0.0
3,25,23.75347,90.40035,-100.0,0.0
3,25,23.75348,90.40035,-99.0,0.0
3,25,23.75348,90.40034,-101.0,0.0
3,25,23.75349,90.40034,-102.0,0.0
3,25,23.75349,90.40033,-102.0,0.0
3,25,23.75349,90.40033,-97.0,1.0
3,25,23.7535,90.40033,-98.0,1.0
3,25,23.7535,90.40033,-98.0,1.0
3,25,23.7535,90.40033,-93.0,1.0
3,25,23.7535,90.40033,-94.0,1.0
3,25,23.7535,90.40033,-90.0,0.0
3,25,23.75351,90.40033,-93.0,0.0
3,25,23.75351,90.40033,-96.0,0.0
3,25,23.75351,90.40033,-97.0,0.0
3,25,23.75351,90.40033,-97.0,0.0
3,25,23.75351,90.40033,-95.0,1.0
3,25,23.75352,90.40033,-97.0,0.0
3,25,23.75352,90.40033,-94.0,1.0
3,25,23.75352,90.40033,-99.0,1.0
3,25,23.75352,90.40033,-100.0,1.0
3,25,23.75352,90.40032,-100.0,1.0
3,25,23.75352,90.40032,-99.0,0.0
3,25,23.75352,90.40033,-98.0,1.0
3,25,23.75352,90.40033,-100.0,1.0
3,25,23.75352,90.40033,-97.0,0.0
3,25,23.75352,90.40033,-97.0,1.0
3,25,23.75352,90.40034,-99.0,1.0
3,25,23.75352,90.40034,-98.0,0.0
3,25,23.75351,90.40034,-98.0,0.0
3,25,23.75351,90.40034,-97.0,1.0
3,25,23.75351,90.40034,-96.0,0.0
3,25,23.75351,90.40034,-100.0,1.0
3,25,23.75351,90.40035,-97.0,1.0
3,25,23.7535,90.40036,-98.0,1.0
3,25,23.7535,90.40036,-96.0,1.0
3,25,23.7535,90.40037,-99.0,0.0
3,25,23.7535,90.40037,-99.0,0.0
3,25,23.7535,90.40037,-96.0,1.0
3,25,23.75351,90.40037,-97.0,1.0
3,25,23.75351,90.40037,-98.0,0.0
3,25,23.75351,90.40037,-99.0,1.0
3,25,23.75352,90.40037,-98.0,1.0
3,25,23.75352,90.40036,-99.0,1.0
3,25,23.75352,90.40036,-99.0,1.0
3,25,23.75352,90.40037,-98.0,0.0
3,25,23.75352,90.40037,-99.0,1.0
3,25,23.75352,90.40036,-98.0,0.0
3,25,23.75351,90.40036,-98.0,0.0
3,25,23.75351,90.40036,-98.0,0.0
3,25,23.7535,90.40036,-97.0,1.0
3,25,23.7535,90.40036,-97.0,1.0
3,25,23.7535,90.40036,-97.0,1.0
3,25,23.75349,90.40036,-96.0,1.0
3,25,23.75349,90.40036,-96.0,1.0
3,25,23.75349,90.40036,-98.0,1.0
3,25,23.75349,90.40036,-98.0,1.0
3,25,23.7535,90.40037,-97.0,0.0
3,25,23.75349,90.40037,-96.0,1.0
3,25,23.75349,90.40037,-96.0,1.0
3,25,23.75349,90.40037,-97.0,0.0
3,25,23.75349,90.40037,-98.0,1.0
3,25,23.75349,90.40037,-97.0,0.0
3,25,23.7535,90.40038,-97.0,0.0
3,25,23.7535,90.40038,-98.0,0.0
3,25,23.75351,90.40038,-95.0,1.0
3,25,23.75351,90.40038,-95.0,0.0
3,25,23.75351,90.40038,-97.0,0.0
3,25,23.75351,90.40038,-99.0,0.0
3,25,23.75351,90.40038,-97.0,0.0
3,25,23.75351,90.40038,-97.0,0.0
3,25,23.75352,90.40038,-100.0,1.0
3,25,23.75352,90.40039,-95.0,2.0
3,25,23.75353,90.40039,-98.0,2.0
3,25,23.75353,90.4004,-97.0,2.0
3,25,23.75353,90.4004,-97.0,0.0
3,25,23.75353,90.4004,-99.0,0.0
3,25,23.75353,90.4004,-96.0,0.0
3,25,23.75354,90.4004,-98.0,0.0
3,25,23.75354,90.4004,-97.0,0.0
3,25,23.75354,90.40039,-99.0,0.0
3,25,23.75354,90.40039,-99.0,0.0
3,25,23.75355,90.40039,-97.0,1.0
3,25,23.75355,90.40039,-97.0,1.0
3,25,23.75355,90.4004,-96.0,1.0
3,25,23.75356,90.40039,-94.0,1.0
3,25,23.75356,90.40039,-96.0,2.0
3,25,23.75356,90.40039,-94.0,1.0
3,25,23.75356,90.40039,-94.0,1.0
3,25,23.75357,90.40039,-96.0,1.0
3,25,23.75357,90.40039,-94.0,2.0
3,25,23.75358,90.40039,-95.0,1.0
3,25,23.75358,90.4004,-93.0,2.0
3,25,23.75359,90.4004,-90.0,3.0
3,25,23.7536,90.4004,-93.0,3.0
3,25,23.7536,90.40042,-91.0,5.0
3,25,23.75361,90.40043,-92.0,6.0
3,25,23.75362,90.40044,-90.0,4.0
3,25,23.75362,90.40046,-88.0,4.0
3,25,23.75363,90.40048,-89.0,4.0
3,25,23.75363,90.4005,-90.0,6.0
3,25,23.75364,90.40052,-85.0,7.0
3,25,23.75364,90.40054,-88.0,8.0
3,25,23.75365,90.40055,-87.0,7.0
3,25,23.75365,90.40056,-83.0,7.0
3,25,23.75365,90.40057,-87.0,9.0
3,25,23.75366,90.4006,-82.0,13.0
3,25,23.75368,90.40064,-85.0,12.0
3,25,23.7537,90.40067,-90.0,12.0
3,26,23.75372,90.40069,-89.0,12.0
3,26,23.75371,90.40072,-89.0,5.0
3,26,23.7537,90.40074,-86.0,4.0
3,26,23.7537,90.40076,-89.0,5.0
3,26,23.7537,90.40079,-89.0,7.0
3,26,23.75371,90.40082,-88.0,7.0
3,26,23.75372,90.40086,-88.0,14.0
3,26,23.75374,90.40091,-78.0,21.0
3,26,23.75377,90.40098,-89.0,26.0
3,26,23.7538,90.40104,-94.0,25.0
3,26,23.75383,90.40112,-96.0,25.0
3,26,23.75386,90.4012,-96.0,25.0
3,26,23.75388,90.40127,-99.0,26.0
3,26,23.75391,90.40135,-101.0,25.0
3,26,23.75394,90.40142,-97.0,26.0
3,26,23.75398,90.40148,-94.0,26.0
3,26,23.75402,90.40155,-94.0,29.0
3,26,23.75406,90.40162,-94.0,28.0
3,26,23.75411,90.40169,-92.0,29.0
3,26,23.75417,90.40175,-89.0,29.0
3,26,23.75423,90.4018,-86.0,29.0
3,26,23.7543,90.40184,-83.0,32.0
3,26,23.75437,90.40188,-85.0,25.0
3,26,23.75442,90.40191,-85.0,18.0
3,26,23.75445,90.40194,-78.0,16.0
3,26,23.75448,90.40196,-80.0,16.0
3,26,23.75449,90.40197,-79.0,7.0
3,26,23.75451,90.40197,-91.0,6.0
3,26,23.75452,90.40199,-95.0,6.0
3,26,23.75454,90.402,-88.0,5.0
3,26,23.75456,90.40201,-92.0,5.0
3,26,23.75457,90.40202,-92.0,6.0
3,26,23.75459,90.40201,-91.0,6.0
3,26,23.75461,90.402,-93.0,7.0
3,26,23.75463,90.40201,-93.0,8.0
3,26,23.75467,90.40202,-94.0,8.0
3,26,23.75471,90.40203,-95.0,17.0
3,26,23.75477,90.40204,-98.0,20.0
3,26,23.75483,90.40205,-98.0,22.0
3,26,23.75489,90.40205,-93.0,22.0
3,26,23.75495,90.40205,-96.0,22.0
3,26,23.75502,90.40207,-65.0,26.0
3,26,23.7551,90.40208,-74.0,33.0
3,26,23.75519,90.40211,-72.0,35.0
3,26,23.75528,90.40214,-66.0,35.0
3,26,23.75537,90.40217,-68.0,35.0
3,26,23.75546,90.40218,-67.0,31.0
3,26,23.75554,90.4022,-69.0,29.0
3,26,23.75561,90.40222,-68.0,31.0
3,26,23.7557,90.40225,-73.0,32.0
3,26,23.75577,90.40227,-72.0,32.0
3,26,23.75585,90.4023,-74.0,31.0
3,26,23.75593,90.40233,-74.0,31.0
3,26,23.75599,90.40237,-71.0,31.0
3,26,23.75605,90.40242,-72.0,28.0
3,26,23.75611,90.40248,-74.0,28.0
3,26,23.75617,90.40256,-77.0,35.0
3,26,23.75623,90.40264,-80.0,35.0
3,26,23.75627,90.40272,-78.0,31.0
3,26,23.75631,90.40277,-78.0,23.0
3,26,23.75634,90.40281,-91.0,23.0
3,26,23.75638,90.40286,-82.0,17.0
3,26,23.75641,90.4029,-83.0,15.0
3,26,23.75645,90.40293,-84.0,19.0
3,26,23.75649,90.40297,-88.0,22.0
3,26,23.75655,90.40301,-92.0,22.0
3,26,23.75661,90.40304,-88.0,28.0
3,26,23.75668,90.40306,-94.0,28.0
3,26,23.75675,90.40309,-94.0,30.0
3,26,23.75683,90.40311,-95.0,31.0
3,26,23.75691,90.40314,-90.0,31.0
3,26,23.757,90.40316,-92.0,34.0
3,26,23.75709,90.40318,-93.0,33.0
3,26,23.75717,90.4032,-101.0,32.0
3,26,23.75726,90.40322,-98.0,31.0
3,26,23.75735,90.40324,-97.0,31.0
3,26,23.75745,90.40327,-94.0,36.0
3,26,23.75754,90.40331,-92.0,37.0
3,26,23.75763,90.40335,-101.0,36.0
3,26,23.75771,90.40338,-103.0,36.0
3,26,23.7578,90.40343,-105.0,36.0
3,26,23.75789,90.40348,-109.0,38.0
3,26,23.75798,90.40354,-107.0,40.0
3,26,23.75807,90.40362,-91.0,43.0
3,26,23.75815,90.4037,-88.0,41.0
3,26,23.75823,90.40377,-84.0,41.0
3,26,23.75831,90.40385,-84.0,41.0
3,26,23.7584,90.40394,-86.0,44.0
3,26,23.75848,90.40403,-79.0,41.0
3,26,23.75855,90.40411,-79.0,40.0
3,26,23.75862,90.4042,-84.0,40.0
3,26,23.75868,90.40429,-85.0,38.0
3,26,23.75874,90.40438,-82.0,38.0
3,26,23.75881,90.40447,-82.0,37.0
3,26,23.75888,90.40455,-80.0,41.0
3,26,23.75895,90.40465,-76.0,41.0
3,26,23.75903,90.40475,-76.0,45.0
3,26,23.75911,90.40485,-74.0,44.0
3,26,23.75919,90.40494,-75.0,46.0
3,26,23.75928,90.40505,-74.0,45.0
3,26,23.75935,90.40515,-68.0,45.0
3,26,23.75943,90.40526,-76.0,48.0
3,26,23.75951,90.40538,-105.0,47.0
3,26,23.75958,90.40549,-106.0,47.0
3,26,23.75964,90.4056,-108.0,44.0
3,26,23.75971,90.40571,-69.0,44.0
3,26,23.75977,90.40581,-74.0,40.0
3,26,23.75982,90.4059,-75.0,34.0
3,26,23.75987,90.40597,-74.0,30.0
3,26,23.75991,90.40604,-77.0,25.0
3,26,23.75995,90.4061,-82.0,25.0
3,26,23.75998,90.40615,-79.0,20.0
3,26,23.76002,90.4062,-77.0,24.0
3,26,23.76006,90.40626,-82.0,27.0
3,26,23.7601,90.40633,-81.0,30.0
3,26,23.76014,90.4064,-83.0,30.0
3,26,23.76018,90.40648,-85.0,32.0
3,26,23.76024,90.40656,-83.0,37.0
3,26,23.7603,90.40665,-84.0,39.0
3,26,23.76037,90.40673,-84.0,40.0
3,26,23.76044,90.40681,-90.0,40.0
3,26,23.76051,90.4069,-94.0,44.0
3,26,23.76059,90.407,-90.0,46.0
3,26,23.76066,90.4071,-93.0,48.0
3,26,23.76075,90.40721,-93.0,49.0
3,26,23.76084,90.40732,-93.0,49.0
3,26,23.76094,90.40742,-87.0,54.0
3,26,23.76104,90.40753,-87.0,55.0
3,26,23.76114,90.40763,-82.0,52.0
3,26,23.76124,90.40773,-73.0,51.0
3,26,23.76134,90.40782,-74.0,51.0
3,26,23.76143,90.40791,-72.0,49.0
3,26,23.76153,90.408,-73.0,49.0
3,26,23.76162,90.40809,-72.0,47.0
3,26,23.76171,90.40817,-72.0,47.0
3,26,23.7618,90.40826,-66.0,47.0
3,26,23.76187,90.40833,-68.0,38.0
3,26,23.76194,90.40839,-69.0,33.0
3,26,23.762,90.40845,-71.0,35.0
3,26,23.76206,90.40852,-66.0,38.0
3,26,23.76214,90.4086,-75.0,38.0
3,26,23.76222,90.40868,-81.0,45.0
3,26,23.7623,90.40878,-77.0,48.0
3,26,23.76239,90.40887,-83.0,51.0
3,26,23.76249,90.40897,-83.0,52.0
3,26,23.76259,90.40907,-82.0,52.0
3,26,23.76268,90.40917,-75.0,53.0
3,26,23.76278,90.40926,-69.0,52.0
3,26,23.76288,90.40936,-68.0,51.0
3,26,23.76299,90.40945,-60.0,51.0
3,26,23.76309,90.40953,-65.0,51.0
3,26,23.76318,90.4096,-69.0,47.0
3,26,23.76327,90.40967,-77.0,42.0
3,26,23.76336,90.40973,-77.0,38.0
3,26,23.76343,90.40977,-81.0,31.0
3,26,23.76349,90.40981,-81.0,31.0
3,26,23.76353,90.40983,-83.0,15.0
3,26,23.76356,90.40985,-78.0,15.0
3,26,23.7636,90.40987,-79.0,18.0
3,26,23.76364,90.4099,-82.0,22.0
3,26,23.7637,90.40994,-84.0,22.0
3,26,23.76375,90.40998,-81.0,27.0
3,26,23.76381,90.41003,-81.0,30.0
3,26,23.76387,90.41008,-81.0,32.0
3,26,23.76394,90.41014,-82.0,33.0
3,26,23.76401,90.4102,-82.0,33.0
3,26,23.76408,90.41027,-70.0,36.0
3,26,23.76415,90.41033,-72.0,33.0
3,26,23.76422,90.41039,-79.0,34.0
3,26,23.76428,90.41045,-73.0,33.0
3,26,23.76435,90.41052,-72.0,33.0
3,26,23.76443,90.41059,-75.0,40.0
3,26,23.76451,90.41066,-72.0,40.0
3,26,23.7646,90.41073,-76.0,42.0
3,26,23.76469,90.41078,-74.0,41.0
3,26,23.76479,90.41083,-70.0,41.0
3,26,23.76491,90.41088,-76.0,45.0
3,26,23.76502,90.41093,-82.0,43.0
3,26,23.76512,90.41096,-81.0,34.0
3,26,23.76519,90.41099,-87.0,23.0
3,27,23.76524,90.411,-89.0,23.0
3,27,23.76528,90.411,-86.0,15.0
3,27,23.76533,90.41101,-87.0,16.0
3,27,23.76538,90.41103,-89.0,19.0
3,27,23.76545,90.41104,-88.0,25.0
3,27,23.76552,90.41105,-88.0,25.0
3,27,23.76559,90.41104,-86.0,27.0
3,27,23.76566,90.41103,-84.0,30.0
3,27,23.76574,90.41099,-87.0,36.0
3,27,23.76583,90.41094,-88.0,39.0
3,27,23.76592,90.41086,-97.0,39.0
3,27,23.76601,90.41078,-96.0,44.0
3,27,23.76611,90.4107,-105.0,47.0
3,27,23.7662,90.4106,-99.0,48.0
3,27,23.76629,90.41051,-103.0,48.0
3,27,23.76638,90.41041,-101.0,48.0
3,27,23.76646,90.41032,-95.0,46.0
3,27,23.76653,90.41021,-81.0,48.0
3,27,23.76661,90.41011,-82.0,48.0
3,27,23.76668,90.41,-87.0,47.0
3,27,23.76675,90.40991,-91.0,47.0
3,27,23.76682,90.40982,-95.0,42.0
3,27,23.76689,90.40973,-93.0,43.0
3,27,23.76697,90.40964,-101.0,42.0
3,27,23.76705,90.40955,-99.0,43.0
3,27,23.76712,90.40946,-99.0,43.0
3,27,23.7672,90.40938,-98.0,40.0
3,27,23.76727,90.40929,-95.0,40.0
3,27,23.76735,90.40921,-96.0,38.0
3,27,23.76742,90.40913,-93.0,38.0
3,27,23.76748,90.40906,-94.0,38.0
3,27,23.76754,90.409,-90.0,25.0
3,27,23.76758,90.40895,-87.0,19.0
3,27,23.76761,90.40891,-85.0,15.0
3,27,23.76765,90.40888,-83.0,20.0
3,27,23.7677,90.40885,-75.0,20.0
3,27,23.76775,90.40882,-77.0,24.0
3,27,23.76782,90.40878,-87.0,25.0
3,27,23.76788,90.40875,-83.0,26.0
3,27,23.76794,90.4087,-76.0,26.0
3,27,23.768,90.40868,-75.0,26.0
3,27,23.76807,90.40866,-77.0,25.0
3,27,23.76814,90.40866,-80.0,20.0
3,27,23.76822,90.40868,-76.0,27.0
3,27,23.7683,90.40871,-75.0,31.0
3,27,23.7684,90.40876,-100.0,31.0
3,27,23.7685,90.40883,-101.0,39.0
3,27,23.7686,90.40891,-98.0,39.0
3,27,23.76867,90.409,-106.0,38.0
3,27,23.76873,90.40909,-106.0,35.0
3,27,23.76877,90.40918,-110.0,35.0
3,27,23.76881,90.40928,-75.0,37.0
3,27,23.76884,90.40941,-86.0,40.0
3,27,23.76887,90.40954,-85.0,41.0
3,27,23.76888,90.40965,-81.0,34.0
3,27,23.76888,90.40974,-87.0,34.0
3,27,23.76888,90.40982,-88.0,23.0
3,27,23.76888,90.40989,-86.0,25.0
3,27,23.76887,90.40996,-88.0,27.0
3,27,23.76886,90.41004,-92.0,28.0
3,27,23.76884,90.41012,-92.0,28.0
3,27,23.76882,90.41021,-91.0,33.0
3,27,23.76878,90.41031,-93.0,35.0
3,27,23.76874,90.4104,-92.0,37.0
3,27,23.76869,90.41049,-97.0,39.0
3,27,23.76864,90.41059,-101.0,39.0
3,27,23.76859,90.41069,-101.0,42.0
3,27,23.76855,90.41081,-101.0,44.0
3,27,23.76852,90.41093,-100.0,46.0
3,27,23.7685,90.41106,-103.0,48.0
3,27,23.76848,90.4112,-100.0,48.0
3,27,23.76848,90.41133,-95.0,47.0
3,27,23.76848,90.41145,-98.0,45.0
3,27,23.76849,90.41157,-103.0,44.0
3,27,23.7685,90.41169,-103.0,45.0
3,27,23.76853,90.41181,-103.0,45.0
3,27,23.76857,90.41193,-103.0,44.0
3,27,23.76863,90.41203,-103.0,45.0
3,27,23.7687,90.41213,-100.0,45.0
3,27,23.76878,90.41223,-94.0,46.0
3,27,23.76886,90.41231,-92.0,46.0
3,27,23.76896,90.41239,-92.0,49.0
3,27,23.76907,90.41246,-100.0,49.0
3,27,23.76919,90.41251,-96.0,48.0
3,27,23.7693,90.41256,-96.0,48.0
3,27,23.76942,90.4126,-97.0,48.0
3,27,23.76954,90.41264,-94.0,49.0
3,27,23.76966,90.41268,-93.0,49.0
3,27,23.76978,90.41272,-96.0,50.0
3,27,23.7699,90.41275,-93.0,49.0
3,27,23.77003,90.41278,-92.0,49.0
3,27,23.77015,90.4128,-90.0,49.0
3,27,23.77028,90.41282,-89.0,48.0
3,27,23.7704,90.41283,-84.0,47.0
3,27,23.77051,90.41284,-83.0,46.0
3,27,23.77063,90.41285,-68.0,46.0
3,27,23.77074,90.41285,-77.0,43.0
3,27,23.77085,90.41285,-75.0,42.0
3,27,23.77096,90.41285,-76.0,37.0
3,27,23.77104,90.41285,-89.0,31.0
3,27,23.77111,90.41286,-78.0,31.0
3,27,23.77116,90.41287,-84.0,17.0
3,27,23.7712,90.41288,-89.0,14.0
3,27,23.77123,90.41289,-82.0,15.0
3,27,23.77127,90.41291,-91.0,18.0
3,27,23.77132,90.41294,-83.0,18.0
3,27,23.77137,90.41297,-85.0,24.0
3,27,23.77143,90.41302,-87.0,32.0
3,27,23.7715,90.41309,-87.0,35.0
3,27,23.77156,90.41318,-89.0,42.0
3,27,23.77163,90.41328,-87.0,42.0
3,27,23.77169,90.41338,-88.0,43.0
3,27,23.77174,90.41348,-88.0,44.0
3,27,23.7718,90.41359,-87.0,45.0
3,27,23.77185,90.41371,-82.0,48.0
3,27,23.77191,90.41383,-88.0,48.0
3,27,23.77196,90.41396,-89.0,50.0
3,27,23.77202,90.41408,-93.0,49.0
3,27,23.77207,90.4142,-96.0,48.0
3,27,23.77212,90.41433,-100.0,48.0
3,27,23.77217,90.41446,-99.0,48.0
3,27,23.77223,90.41458,-89.0,48.0
3,27,23.77228,90.4147,-93.0,48.0
3,27,23.77233,90.41482,-90.0,46.0
3,27,23.77238,90.41494,-96.0,44.0
3,27,23.77243,90.41505,-94.0,44.0
3,27,23.77247,90.41515,-99.0,40.0
3,27,23.77251,90.41525,-99.0,38.0
3,27,23.77255,90.41535,-98.0,36.0
3,27,23.77257,90.41543,-97.0,31.0
3,27,23.77259,90.41551,-97.0,31.0
3,27,23.7726,90.41556,-101.0,16.0
3,27,23.77262,90.4156,-79.0,15.0
3,27,23.77262,90.41564,-80.0,15.0
3,27,23.77263,90.41568,-80.0,16.0
3,27,23.77263,90.41573,-83.0,16.0
3,27,23.77263,90.41577,-79.0,14.0
3,27,23.77262,90.41582,-87.0,23.0
3,27,23.7726,90.41588,-86.0,25.0
3,27,23.77257,90.41595,-88.0,28.0
3,27,23.77256,90.41605,-89.0,28.0
3,27,23.77255,90.41615,-85.0,28.0
3,27,23.77254,90.41623,-88.0,27.0
3,27,23.77253,90.41631,-90.0,24.0
3,27,23.77253,90.41638,-89.0,24.0
3,27,23.77254,90.41643,-93.0,24.0
3,27,23.77259,90.41649,-94.0,32.0
3,27,23.77264,90.41654,-88.0,32.0
3,27,23.7727,90.41663,-89.0,36.0
3,27,23.77276,90.41671,-86.0,32.0
3,27,23.77281,90.41679,-86.0,32.0
3,27,23.77285,90.41687,-87.0,28.0
3,27,23.77289,90.41694,-94.0,28.0
3,27,23.77292,90.41703,-84.0,31.0
3,27,23.77295,90.41713,-86.0,32.0
3,27,23.77297,90.41723,-77.0,32.0
3,27,23.77298,90.41733,-83.0,33.0
3,27,23.77299,90.41743,-81.0,32.0
3,27,23.77298,90.41752,-89.0,32.0
3,27,23.77297,90.41761,-86.0,33.0
3,27,23.77295,90.4177,-86.0,33.0
3,27,23.77292,90.41779,-82.0,33.0
3,27,23.77287,90.41787,-90.0,32.0
3,27,23.77283,90.41794,-87.0,31.0
3,27,23.77278,90.41801,-84.0,30.0
3,27,23.77272,90.41806,-89.0,30.0
3,27,23.77266,90.41811,-88.0,30.0
3,27,23.77259,90.41816,-96.0,32.0
3,27,23.77252,90.41819,-91.0,33.0
3,27,23.77244,90.41823,-95.0,32.0
3,27,23.77236,90.41826,-103.0,32.0
3,27,23.77229,90.4183,-98.0,30.0
3,27,23.77222,90.41833,-103.0,29.0
3,27,23.77216,90.41836,-102.0,24.0
3,27,23.77211,90.41839,-101.0,22.0
3,27,23.77206,90.41841,-100.0,21.0
3,27,23.77201,90.41843,-98.0,19.0
3,27,23.77197,90.41844,-88.0,20.0
3,27,23.77191,90.41846,-82.0,23.0
3,27,23.77185,90.41849,-91.0,26.0
3,28,23.77179,90.41851,-89.0,26.0
3,28,23.77171,90.41854,-108.0,31.0
3,28,23.77163,90.41857,-97.0,34.0
3,28,23.77155,90.41861,-92.0,35.0
3,28,23.77148,90.41866,-96.0,36.0
3,28,23.7714,90.41872,-89.0,36.0
3,28,23.77133,90.4188,-91.0,42.0
3,28,23.77126,90.41889,-93.0,44.0
3,28,23.77119,90.41899,-84.0,44.0
3,28,23.77112,90.41909,-86.0,44.0
3,28,23.77105,90.41919,-89.0,44.0
3,28,23.77099,90.41929,-84.0,41.0
3,28,23.77094,90.41939,-85.0,35.0
3,28,23.7709,90.41949,-85.0,38.0
3,28,23.77087,90.4196,-87.0,38.0
3,28,23.77085,90.41971,-88.0,38.0
3,28,23.77083,90.41982,-86.0,41.0
3,28,23.7708,90.41994,-85.0,42.0
3,28,23.77078,90.42005,-84.0,42.0
3,28,23.77076,90.42016,-82.0,40.0
3,28,23.77076,90.42028,-83.0,40.0
3,28,23.77076,90.42039,-87.0,44.0
3,28,23.77077,90.42052,-86.0,44.0
3,28,23.77079,90.42063,-84.0,40.0
3,28,23.77081,90.42074,-83.0,35.0
3,28,23.77083,90.42082,-90.0,35.0
3,28,23.77085,90.42089,-89.0,22.0
3,28,23.77087,90.42095,-88.0,19.0
3,28,23.77089,90.421,-86.0,17.0
3,28,23.77093,90.42105,-88.0,23.0
3,28,23.77097,90.42109,-93.0,23.0
3,28,23.77102,90.42114,-94.0,27.0
3,28,23.77108,90.42119,-86.0,24.0
3,28,23.77114,90.42122,-91.0,25.0
3,28,23.77119,90.42127,-97.0,24.0
3,28,23.77123,90.42131,-95.0,24.0
3,28,23.77128,90.42137,-96.0,25.0
3,28,23.77131,90.42144,-99.0,29.0
3,28,23.77134,90.42151,-95.0,25.0
3,28,23.77136,90.42159,-92.0,28.0
3,28,23.77136,90.42167,-96.0,28.0
3,28,23.77135,90.42175,-94.0,28.0
3,28,23.77132,90.42183,-89.0,31.0
3,28,23.77127,90.4219,-92.0,33.0
3,28,23.77121,90.42197,-89.0,34.0
3,28,23.77115,90.42203,-93.0,34.0
3,28,23.77108,90.4221,-90.0,38.0
3,28,23.77101,90.42218,-92.0,37.0
3,28,23.77094,90.42224,-96.0,37.0
3,28,23.77087,90.42231,-93.0,35.0
3,28,23.7708,90.42237,-91.0,35.0
3,28,23.77073,90.42244,-88.0,36.0
3,28,23.77066,90.42251,-82.0,36.0
3,28,23.7706,90.42258,-82.0,35.0
3,28,23.77054,90.42265,-80.0,33.0
3,28,23.77048,90.42271,-80.0,33.0
3,28,23.77042,90.42277,-68.0,29.0
3,28,23.77037,90.42283,-68.0,26.0
3,28,23.77032,90.42287,-66.0,23.0
3,28,23.77028,90.4229,-74.0,22.0
3,28,23.77022,90.42293,-68.0,22.0
3,28,23.77015,90.42295,-69.0,28.0
3,28,23.77008,90.42296,-72.0,29.0
3,28,23.77,90.42298,-76.0,31.0
3,28,23.76991,90.42298,-77.0,30.0
3,28,23.76984,90.42295,-81.0,30.0
3,28,23.76976,90.42291,-81.0,30.0
3,28,23.76967,90.42288,-82.0,33.0
3,28,23.76959,90.42285,-84.0,34.0
3,28,23.7695,90.42281,-85.0,38.0
3,28,23.7694,90.42278,-85.0,38.0
3,28,23.76931,90.42275,-85.0,35.0
3,28,23.76923,90.42271,-86.0,32.0
3,28,23.76916,90.42268,-84.0,24.0
3,28,23.76911,90.42266,-87.0,21.0
3,28,23.76905,90.42263,-85.0,21.0
3,28,23.769,90.4226,-88.0,23.0
3,28,23.76893,90.42257,-80.0,25.0
3,28,23.76887,90.42254,-85.0,27.0
3,28,23.7688,90.42251,-79.0,28.0
3,28,23.76873,90.42248,-78.0,28.0
3,28,23.76866,90.42245,-78.0,33.0
3,28,23.76858,90.42241,-75.0,32.0
3,28,23.7685,90.42239,-71.0,32.0
3,28,23.76843,90.42236,-73.0,30.0
3,28,23.76836,90.42233,-72.0,30.0
3,28,23.76829,90.4223,-72.0,26.0
3,28,23.76823,90.42227,-75.0,26.0
3,28,23.76817,90.42224,-78.0,25.0
3,28,23.76812,90.42219,-75.0,23.0
3,28,23.76809,90.42214,-80.5,23.0
3,28,23.76807,90.42209,-86.0,19.0
3,28,23.76807,90.42202,-81.0,25.0
3,28,23.76808,90.42194,-85.0,31.0
3,28,23.76809,90.42185,-80.0,32.0
3,28,23.7681,90.42176,-86.0,32.0
3,28,23.76811,90.42168,-77.0,28.0
3,28,23.76812,90.42161,-76.0,22.0
3,28,23.76812,90.42153,-87.0,23.0
3,28,23.76812,90.42145,-91.0,26.0
3,28,23.76812,90.42136,-90.0,26.0
3,28,23.76812,90.42125,-90.0,35.0
3,28,23.76812,90.42115,-89.0,38.0
3,28,23.76813,90.42103,-89.0,38.0
3,28,23.76813,90.42091,-90.0,41.0
3,28,23.76814,90.42079,-87.0,41.0
3,28,23.76814,90.42068,-89.0,41.0
3,28,23.76814,90.42055,-88.0,43.0
3,28,23.76814,90.42043,-88.0,44.0
3,28,23.76815,90.42031,-83.0,43.0
3,28,23.76815,90.42018,-81.0,43.0
3,28,23.76816,90.42006,-82.0,45.0
3,28,23.76818,90.41993,-81.0,45.0
3,28,23.76819,90.4198,-81.0,44.0
3,28,23.76821,90.41968,-82.0,44.0
3,28,23.76823,90.41955,-81.0,44.0
3,28,23.76824,90.41943,-86.0,41.0
3,28,23.76827,90.41933,-85.0,42.0
3,28,23.76829,90.41921,-85.0,40.0
3,28,23.76832,90.41909,-86.0,39.0
3,28,23.76835,90.41899,-85.0,39.0
3,28,23.76836,90.41889,-86.5,35.0
3,28,23.76838,90.4188,-88.0,30.0
3,28,23.7684,90.4187,-87.0,35.0
3,28,23.76842,90.41859,-86.0,36.0
3,28,23.76843,90.41848,-87.0,36.0
3,28,23.76845,90.41838,-83.0,36.0
3,28,23.76846,90.41826,-75.0,37.0
3,28,23.76847,90.41814,-74.0,38.0
3,28,23.76848,90.41802,-81.0,35.0
3,28,23.76849,90.41791,-85.0,35.0
3,28,23.7685,90.41783,-86.0,24.0
3,28,23.7685,90.41776,-86.0,19.0
3,28,23.76851,90.4177,-83.0,17.0
3,28,23.76852,90.41764,-89.0,20.0
3,28,23.76854,90.41758,-93.0,20.0
3,28,23.76854,90.41752,-91.0,24.0
3,28,23.76856,90.41745,-84.0,27.0
3,28,23.76857,90.41736,-84.0,30.0
3,28,23.76859,90.41727,-83.0,34.0
3,28,23.76861,90.41717,-74.0,34.0
3,28,23.76863,90.41706,-80.0,37.0
3,28,23.76864,90.41695,-73.0,35.0
3,28,23.76865,90.41684,-67.0,39.0
3,28,23.76866,90.41673,-73.0,40.0
3,28,23.76866,90.41661,-82.0,40.0
3,28,23.76866,90.41649,-79.0,41.0
3,28,23.76864,90.41637,-71.0,42.0
3,28,23.76862,90.41625,-71.0,44.0
3,28,23.7686,90.41613,-74.0,45.0
3,28,23.76856,90.41601,-73.0,45.0
3,28,23.76853,90.41589,-77.0,46.0
3,28,23.76848,90.41577,-80.0,47.0
3,28,23.76843,90.41566,-76.0,46.0
3,28,23.76837,90.41554,-83.0,49.0
3,28,23.76831,90.41541,-78.0,49.0
3,28,23.76824,90.41529,-78.0,51.0
3,28,23.76816,90.41518,-77.0,52.0
3,28,23.76808,90.41506,-78.0,53.0
3,28,23.768,90.41494,-77.0,52.0
3,28,23.76792,90.41482,-82.0,52.0
3,28,23.76784,90.4147,-88.0,51.0
3,28,23.76776,90.4146,-90.0,50.0
3,28,23.76767,90.41449,-87.0,50.0
3,28,23.76759,90.41439,-88.0,50.0
3,28,23.7675,90.41429,-88.0,50.0
3,28,23.76741,90.41419,-98.0,49.0
3,28,23.76732,90.41409,-98.0,49.0
3,28,23.76723,90.414,-101.0,48.0
3,28,23.76715,90.41391,-101.0,48.0
3,28,23.76706,90.41382,-103.0,48.0
3,28,23.76698,90.41373,-98.0,46.0
3,28,23.76689,90.41364,-98.0,44.0
3,28,23.76682,90.41356,-97.0,42.0
3,28,23.76675,90.41349,-95.0,36.0
3,28,23.76669,90.41343,-103.0,36.0
3,28,23.76664,90.41338,-103.0,25.0
3,28,23.7666,90.41333,-101.0,27.0
3,28,23.76654,90.41327,-100.0,30.0
3,28,23.76648,90.41321,-92.0,36.0
3,29,23.76641,90.41314,-92.0,36.0
3,29,23.76633,90.41307,-94.0,42.0
3,29,23.76625,90.41298,-92.0,44.0
3,29,23.76617,90.41289,-99.0,47.0
3,29,23.76608,90.4128,-101.0,49.0
3,29,23.76598,90.41271,-98.0,51.0
3,29,23.76588,90.41263,-100.0,52.0
3,29,23.76578,90.41254,-102.0,51.0
3,29,23.76568,90.41245,-102.0,50.0
3,29,23.76558,90.41238,-98.0,48.0
3,29,23.76548,90.4123,-96.0,48.0
3,29,23.76538,90.41224,-96.0,46.0
3,29,23.76528,90.41217,-93.0,42.0
3,29,23.76519,90.41211,-93.0,42.0
3,29,23.7651,90.41205,-85.0,44.0
3,29,23.765,90.412,-79.0,44.0
3,29,23.7649,90.41194,-79.0,43.0
3,29,23.7648,90.4119,-78.0,41.0
3,29,23.7647,90.41186,-81.0,42.0
3,29,23.7646,90.41182,-82.0,44.0
3,29,23.76449,90.41179,-90.0,44.0
3,29,23.76438,90.41175,-85.0,44.0
3,29,23.76427,90.41172,-89.0,43.0
3,29,23.76417,90.41169,-79.0,41.0
3,29,23.76407,90.41166,-73.0,40.0
3,29,23.76397,90.41163,-82.0,40.0
3,29,23.76387,90.41159,-99.0,40.0
3,29,23.76378,90.41155,-97.0,39.0
3,29,23.76369,90.41151,-98.0,36.0
3,29,23.7636,90.41148,-103.0,38.0
3,29,23.7635,90.41145,-108.0,38.0
3,29,23.76339,90.41141,-88.0,44.0
3,29,23.76327,90.41139,-87.0,46.0
3,29,23.76316,90.41136,-89.0,47.0
3,29,23.76304,90.41132,-75.0,47.0
3,29,23.76293,90.41129,-77.0,44.0
3,29,23.76282,90.41125,-80.0,41.0
3,29,23.76272,90.41122,-80.0,42.0
3,29,23.76263,90.41117,-77.0,38.0
3,29,23.76253,90.41112,-75.0,41.0
3,29,23.76244,90.41107,-78.0,41.0
3,29,23.76235,90.41101,-79.0,42.0
3,29,23.76225,90.41096,-76.0,42.0
3,29,23.76215,90.4109,-76.0,43.0
3,29,23.76205,90.41085,-75.5,43.0
3,29,23.76195,90.4108,-75.0,43.0
3,29,23.76185,90.41074,-75.0,44.0
3,29,23.76174,90.41069,-75.0,44.0
3,29,23.76164,90.41064,-67.0,43.0
3,29,23.76154,90.4106,-69.0,44.0
3,29,23.76143,90.41057,-69.0,44.0
3,29,23.76132,90.41054,-69.0,44.0
3,29,23.76121,90.41051,-68.0,43.0
3,29,23.76111,90.41048,-68.0,42.0
3,29,23.761,90.41046,-75.0,41.0
3,29,23.7609,90.41044,-68.0,41.0
3,29,23.7608,90.41043,-77.0,40.0
3,29,23.7607,90.41041,-78.5,39.0
3,29,23.7606,90.4104,-80.0,40.0
3,29,23.76051,90.41039,-86.0,39.0
3,29,23.7604,90.41039,-86.0,39.0
3,29,23.7603,90.41038,-83.0,40.0
3,29,23.7602,90.41038,-83.0,40.0
3,29,23.7601,90.41038,-83.0,39.0
3,29,23.76,90.41038,-84.5,41.0
3,29,23.7599,90.41039,-86.0,41.0
3,29,23.75979,90.41039,-85.0,42.0
3,29,23.75968,90.41039,-86.0,43.0
3,29,23.75957,90.41039,-83.0,42.0
3,29,23.75947,90.41038,-83.0,41.0
3,29,23.75936,90.41037,-84.0,41.0
3,29,23.75926,90.41035,-82.0,41.0
3,29,23.75916,90.41031,-84.0,40.0
3,29,23.75907,90.41026,-85.0,39.0
3,29,23.759,90.41019,-85.5,38.0
3,29,23.75893,90.41011,-86.0,38.0
3,29,23.75889,90.41002,-87.0,40.0
3,29,23.75885,90.40991,-88.0,40.0
3,29,23.75881,90.40981,-89.0,41.0
3,29,23.75876,90.4097,-90.0,42.0
3,29,23.75873,90.4096,-91.0,40.0
3,29,23.75869,90.4095,-89.0,42.0
3,29,23.75865,90.40939,-87.0,42.0
3,29,23.75861,90.40929,-86.0,42.0
3,29,23.75858,90.40918,-85.0,40.0
3,29,23.75856,90.40907,-87.0,40.0
3,29,23.75854,90.40895,-80.0,42.0
3,29,23.75853,90.40883,-80.0,41.0
3,29,23.75852,90.40871,-82.0,40.0
3,29,23.75852,90.40859,-85.0,39.0
3,29,23.75854,90.40849,-77.0,39.0
3,29,23.75855,90.40838,-77.0,40.0
3,29,23.75857,90.40826,-73.0,44.0
3,29,23.75858,90.40815,-75.0,39.0
3,29,23.7586,90.40804,-70.0,37.0
3,29,23.75861,90.40793,-69.5,42.0
3,29,23.75863,90.40781,-69.0,41.0
3,29,23.75865,90.4077,-70.0,40.0
3,29,23.75867,90.40759,-78.0,41.0
3,29,23.75868,90.40746,-78.0,41.0
3,29,23.7587,90.40734,-80.0,41.0
3,29,23.7587,90.40721,-68.0,42.0
3,29,23.7587,90.40709,-67.0,42.0
3,29,23.75868,90.40697,-67.0,41.0
3,29,23.75867,90.40685,-68.0,42.0
3,29,23.75864,90.40674,-69.0,42.0
3,29,23.75861,90.40662,-70.0,44.0
3,29,23.75857,90.4065,-73.0,42.0
3,29,23.75853,90.40639,-76.0,42.0
3,29,23.75848,90.40628,-77.0,43.0
3,29,23.75842,90.40617,-76.0,44.0
3,29,23.75836,90.40607,-75.0,41.0
3,29,23.7583,90.40597,-73.0,44.0
3,29,23.75822,90.40588,-72.0,44.0
3,29,23.75813,90.40579,-72.0,44.0
3,29,23.75804,90.40572,-74.0,44.0
3,29,23.75794,90.40565,-75.5,44.0
3,29,23.75785,90.40559,-77.0,43.0
3,29,23.75776,90.40552,-77.0,42.0
3,29,23.75766,90.40547,-78.5,43.0
3,29,23.75756,90.4054,-80.0,44.0
3,29,23.75746,90.40534,-80.0,44.0
3,29,23.75736,90.40528,-83.0,44.0
3,29,23.75725,90.40522,-86.0,45.0
3,29,23.75714,90.40518,-81.0,45.0
3,29,23.75703,90.40514,-80.0,45.0
3,29,23.75692,90.40509,-80.0,45.0
3,29,23.75681,90.40505,-77.0,46.0
3,29,23.7567,90.40499,-76.0,44.0
3,29,23.75659,90.40494,-75.0,46.0
3,29,23.75649,90.40488,-74.0,46.0
3,29,23.75628,90.40477,-74.0,45.0
3,29,23.75628,90.40477,-78.0,44.0
3,29,23.75618,90.40472,-79.5,44.0
3,29,23.75607,90.40467,-81.0,44.0
3,29,23.75587,90.40458,-83.0,44.0
3,29,23.75587,90.40458,-84.0,43.0
3,29,23.75577,90.40452,-84.0,42.0
3,29,23.75568,90.40447,-77.0,42.0
3,29,23.75549,90.40438,-70.0,40.0
3,29,23.7554,90.40433,-70.0,40.0
3,29,23.75531,90.40428,-67.0,40.0
3,29,23.75531,90.40428,-69.0,38.0
3,29,23.75522,90.40424,-71.0,36.0
3,29,23.75504,90.40419,-71.0,37.0
3,29,23.75499,90.404175,-72.0,37.0
3,29,23.75494,90.40416,-74.0,37.0
3,29,23.75485,90.40413,-77.0,36.0
3,29,23.75476,90.40412,-92.0,37.0
3,29,23.75468,90.40411,-90.0,35.0
3,29,23.75459,90.40409,-99.0,35.0
3,29,23.75451,90.40408,-95.0,34.0
3,29,23.75442,90.40406,-94.0,31.0
3,29,23.75435,90.40405,-94.0,29.0
3,29,23.75427,90.40403,-90.0,29.0
3,29,23.75419,90.40402,-96.0,29.0
3,29,23.75412,90.40399,-97.0,28.0
3,29,23.75406,90.40397,-98.0,27.0
3,29,23.754,90.40392,-97.0,29.0
3,29,23.75395,90.40385,-97.0,30.0
3,29,23.7539,90.40378,-94.0,30.0
3,29,23.75387,90.4037,-90.0,29.0
3,29,23.75384,90.40362,-89.0,27.0
3,29,23.75382,90.40355,-89.0,28.0
3,29,23.75381,90.40348,-88.0,25.0
3,29,23.75381,90.4034,-94.0,24.0
3,29,23.75382,90.40332,-105.0,29.0
3,29,23.75382,90.40323,-103.0,29.0
3,29,23.75382,90.40315,-104.0,27.0
3,29,23.75383,90.40307,-110.0,28.0
3,29,23.75383,90.40299,-96.0,29.0
3,29,23.75383,90.40283,-96.0,28.0
3,29,23.75383,90.40283,-99.0,28.0
3,29,23.75384,90.40268,-96.0,28.0
3,29,23.75384,90.40268,-95.0,27.0
3,29,23.75384,90.4026,-94.0,26.0
3,29,23.75384,90.40246,-98.0,26.0
3,29,23.75384,90.40239,-97.0,25.0
3,29,23.75385,90.40232,-97.0,25.0
3,29,23.75385,90.40232,-97.0,24.0
3,30,23.75385,90.4022,-97.0,20.0
3,30,23.75387,90.40216,-98.0,17.0
3,30,23.75389,90.40211,-102.0,17.0
3,30,23.75389,90.40211,-101.0,19.0
3,30,23.75392,90.40207,-100.0,21.0
3,30,23.75397,90.40203,-99.0,21.0
3,30,23.75406,90.40194,-99.0,24.0
3,30,23.75406,90.40194,-98.0,23.0
3,30,23.75412,90.40192,-99.0,22.0
3,30,23.75418,90.4019,-100.0,23.0
3,30,23.75431,90.4019,-98.0,25.0
3,30,23.75431,90.4019,-97.0,26.0
3,30,23.75437,90.40191,-96.5,27.0
3,30,23.75444,90.40193,-96.0,27.0
3,30,23.75457,90.40198,-93.0,26.0
3,30,23.75463,90.40201,-91.0,25.0
3,30,23.75468,90.40203,-90.0,21.0
3,30,23.75468,90.40203,-90.0,16.0
3,30,23.75472,90.40204,-90.0,13.0
3,30,23.75479,90.40202,-94.0,11.0
3,30,23.75481,90.40202,-100.0,9.5
3,30,23.75483,90.40202,-105.0,8.0
3,30,23.75486,90.40201,-105.0,12.0
3,30,23.75498,90.40201,-107.0,21.0
3,30,23.75498,90.40201,-106.0,24.0
3,30,23.75513,90.40204,-106.0,27.0
3,30,23.75513,90.40204,-106.0,29.0
3,30,23.7552,90.40205,-98.0,28.0
3,30,23.75527,90.40207,-72.0,28.0
3,30,23.75534,90.40209,-75.0,28.0
3,30,23.75549,90.40214,-75.0,29.0
3,30,23.75549,90.40214,-76.0,32.0
3,30,23.75558,90.40215,-90.0,33.0
3,30,23.75567,90.40218,-91.0,32.0
3,30,23.75575,90.40221,-92.0,33.0
3,30,23.75584,90.40224,-93.0,33.0
3,30,23.75592,90.40228,-86.0,34.0
3,30,23.75601,90.40232,-92.0,34.0
3,30,23.75608,90.40238,-94.0,35.0
3,30,23.75614,90.40244,-88.0,34.0
3,30,23.7562,90.40251,-90.0,34.0
3,30,23.75626,90.40259,-84.0,33.0
3,30,23.75631,90.40265,-92.0,29.0
3,30,23.75639,90.40277,-95.0,29.0
3,30,23.75639,90.40277,-90.0,21.0
3,30,23.75642,90.40281,-92.0,18.0
3,30,23.75647,90.40289,-94.0,15.0
3,30,23.7565,90.40292,-93.0,16.0
3,30,23.7565,90.40292,-90.0,16.0
3,30,23.75653,90.40295,-90.0,17.0
3,30,23.75657,90.40298,-89.0,17.0
3,30,23.75666,90.40302,-88.0,17.0
3,30,23.75666,90.40302,-90.0,17.0
3,30,23.75676,90.40305,-93.0,19.0
3,30,23.75676,90.40305,-93.0,22.0
3,30,23.7569,90.4031,-94.0,27.0
3,30,23.75698,90.40312,-95.0,29.0
3,30,23.75706,90.40314,-96.0,30.0
3,30,23.75706,90.40314,-95.5,34.0
3,30,23.75715,90.40316,-95.0,35.0
3,30,23.75732,90.4032,-96.0,34.0
3,30,23.75741,90.40324,-98.0,34.0
3,30,23.75751,90.40328,-101.0,36.0
3,30,23.75751,90.40328,-101.0,38.0
3,30,23.7577,90.40336,-101.5,36.0
3,30,23.75778,90.40341,-102.0,36.0
3,30,23.75786,90.40346,-102.0,36.0
3,30,23.75786,90.40346,-102.0,36.0
3,30,23.75794,90.40351,-102.0,35.0
3,30,23.75802,90.40357,-106.0,35.0
3,30,23.75817,90.4037,-107.0,35.0
3,30,23.75817,90.4037,-108.0,35.0
3,30,23.75824,90.40377,-108.0,35.0
3,30,23.7583,90.40384,-108.0,32.0
3,30,23.75842,90.40395,-89.0,31.0
3,30,23.75848,90.40401,-89.0,30.0
3,30,23.75848,90.40401,-87.0,30.0
3,30,23.75854,90.40408,-85.0,31.0
3,30,23.75864,90.40421,-84.0,30.0
3,30,23.75869,90.40427,-85.0,29.0
3,30,23.75874,90.40434,-86.0,30.0
3,30,23.75874,90.40434,-88.0,30.0
3,30,23.75884,90.40449,-88.0,32.0
3,30,23.7589,90.40456,-90.0,32.0
3,30,23.75896,90.40464,-88.0,33.0
3,30,23.75899,90.40468,-86.0,35.0
3,30,23.75902,90.40472,-77.0,37.0
3,30,23.75909,90.4048,-80.0,38.0
3,30,23.75916,90.40487,-78.0,37.0
3,30,23.75924,90.40494,-80.0,35.0
3,30,23.7593,90.40501,-79.0,35.0
3,30,23.75936,90.4051,-78.0,34.0
3,30,23.75942,90.40519,-75.0,37.0
3,30,23.75947,90.40528,-80.0,37.0
3,30,23.75952,90.40538,-109.0,37.0
3,30,23.75958,90.40547,-108.0,37.0
3,30,23.75964,90.40557,-75.0,39.0
3,30,23.7597,90.40566,-74.0,35.0
3,30,23.75976,90.40575,-77.0,38.0
3,30,23.75982,90.40584,-77.5,37.0
3,30,23.75987,90.40593,-78.0,37.0
3,30,23.75992,90.406,-82.0,23.0
3,30,23.75995,90.40606,-79.5,22.0
3,30,23.75999,90.40612,-77.0,25.0
3,30,23.76003,90.40619,-79.0,27.0
3,30,23.76008,90.40626,-81.0,27.0
3,30,23.76012,90.40634,-79.0,31.0
3,30,23.76016,90.40641,-86.0,29.0
3,30,23.76021,90.40648,-81.0,32.0
3,30,23.76027,90.40656,-86.0,34.0
3,30,23.76032,90.40663,-84.0,34.0
3,30,23.76038,90.40671,-83.0,35.0
3,30,23.76044,90.40679,-89.0,35.0
3,30,23.7605,90.40687,-94.0,35.0
3,30,23.76056,90.40695,-87.0,34.0
3,30,23.76062,90.40702,-90.0,34.0
3,30,23.76068,90.40709,-91.0,35.0
3,30,23.76074,90.40716,-90.0,34.0
3,30,23.76081,90.40723,-86.0,33.0
3,30,23.76087,90.4073,-88.0,33.0
3,30,23.76093,90.40737,-87.0,33.0
3,30,23.76099,90.40743,-85.0,32.0
3,30,23.76105,90.40749,-83.5,32.0
3,30,23.76111,90.40755,-82.0,30.0
3,30,23.76116,90.40761,-82.5,29.0
3,30,23.76122,90.40766,-83.0,29.0
3,30,23.76128,90.40772,-73.0,33.0
3,30,23.76141,90.40785,-73.0,34.0
3,30,23.761445,90.407885,-71.0,35.0
3,30,23.76148,90.40792,-72.0,36.0
3,30,23.76155,90.40798,-73.0,37.0
3,30,23.76169,90.40812,-72.0,37.0
3,30,23.76176,90.40819,-72.0,37.0
3,30,23.76176,90.40819,-72.5,36.0
3,30,23.76183,90.40826,-73.0,37.0
3,30,23.76196,90.40838,-73.0,32.0
3,30,23.76202,90.40844,-73.0,32.0
3,30,23.76208,90.4085,-72.0,33.0
3,30,23.76211,90.40853,-72.5,33.0
3,30,23.76214,90.40856,-73.0,33.0
3,30,23.76227,90.40869,-73.0,35.0
3,30,23.762335,90.408755,-76.0,34.5
3,30,23.7624,90.40882,-79.0,34.0
3,30,23.762465,90.408885,-79.0,33.5
3,30,23.76253,90.40895,-79.0,33.0
3,30,23.76253,90.40895,-82.0,33.0
3,30,23.76266,90.40908,-84.0,33.0
3,30,23.76266,90.40908,-73.0,35.0
3,30,23.76272,90.40915,-72.0,37.0
3,30,23.76279,90.40922,-71.0,37.0
3,30,23.76286,90.40928,-71.0,37.0
3,30,23.76293,90.40935,-70.0,35.0
3,30,23.76299,90.40941,-72.0,33.0
3,30,23.76306,90.40946,-73.0,33.0
3,30,23.76312,90.40951,-71.0,33.0
3,30,23.76319,90.40957,-77.0,33.0
3,30,23.76326,90.40962,-80.0,34.0
3,30,23.76333,90.40967,-79.0,33.0
3,30,23.76339,90.40971,-81.0,31.0
3,30,23.76345,90.40976,-81.0,25.0
3,30,23.7635,90.40979,-82.0,25.0
3,30,23.76353,90.40981,-79.0,13.0
3,30,23.76356,90.40984,-79.0,15.0
3,30,23.76364,90.40989,-83.0,19.0
3,30,23.76366,90.409905,-83.0,19.0
3,30,23.76368,90.40992,-84.5,19.0
3,30,23.76372,90.40996,-86.0,18.0
3,30,23.76381,90.41003,-87.0,21.0
3,30,23.76386,90.41007,-86.0,23.0
3,30,23.76392,90.41011,-87.0,26.0
3,30,23.76399,90.410155,-86.5,27.5
3,30,23.76406,90.4102,-86.0,29.0
3,30,23.76412,90.41025,-86.0,30.0
3,30,23.76419,90.4103,-86.0,32.0
3,30,23.76426,90.41035,-88.0,32.0
3,30,23.76426,90.41035,-88.5,31.0
3,30,23.76439,90.41045,-89.0,32.0
3,30,23.76439,90.41045,-90.0,33.0
3,30,23.76452,90.41055,-90.0,31.0
3,30,23.764585,90.4106,-87.0,30.5
3,31,23.76465,90.41065,-84.0,30.0
3,31,23.76465,90.41065,-83.0,29.0
3,31,23.76477,90.41072,-82.0,28.0
3,31,23.76477,90.41072,-82.0,29.0
3,31,23.76491,90.41079,-81.5,28.0
3,31,23.76499,90.41082,-81.0,30.0
3,31,23.76508,90.41085,-80.0,35.0
3,31,23.76517,90.41088,-79.0,35.0
3,31,23.76517,90.41088,-80.0,33.0
3,31,23.76534,90.41093,-81.0,32.0
3,31,23.76541,90.41095,-85.0,28.0
3,31,23.76548,90.41096,-89.0,28.0
3,31,23.76552,90.410965,-91.0,28.0
3,31,23.76556,90.41097,-93.0,28.0
3,31,23.76563,90.41096,-92.0,27.0
3,31,23.7657,90.41095,-91.0,27.0
3,31,23.76576,90.41092,-90.0,28.0
3,31,23.76589,90.41082,-89.0,29.0
3,31,23.76589,90.41082,-91.0,29.0
3,31,23.766,90.41072,-95.0,28.0
3,31,23.766,90.41072,-96.5,30.0
3,31,23.76613,90.41061,-98.0,30.0
3,31,23.76619,90.41055,-101.0,30.0
3,31,23.76625,90.41049,-102.0,33.0
3,31,23.766275,90.410455,-102.0,33.5
3,31,23.7663,90.41042,-102.0,34.0
3,31,23.76641,90.41029,-101.0,32.0
3,31,23.76641,90.41029,-100.0,32.0
3,31,23.76647,90.41021,-89.0,33.0
3,31,23.76652,90.41014,-84.0,32.0
3,31,23.76656,90.41006,-85.0,32.0
3,31,23.76661,90.40998,-91.0,33.0
3,31,23.76665,90.4099,-93.0,31.0
3,31,23.7667,90.40983,-93.0,29.0
3,31,23.76674,90.40977,-92.0,30.0
3,31,23.76678,90.40969,-96.0,30.0
3,31,23.76682,90.40962,-100.0,32.0
3,31,23.76687,90.40955,-102.0,31.0
3,31,23.76691,90.40947,-102.0,32.0
3,31,23.76695,90.4094,-102.0,30.0
3,31,23.76701,90.40934,-99.0,30.0
3,31,23.76706,90.40928,-98.0,31.0
3,31,23.76712,90.40923,-98.0,30.0
3,31,23.76719,90.40918,-93.0,28.0
3,31,23.76725,90.40912,-94.0,29.0
3,31,23.76731,90.40906,-93.0,29.0
3,31,23.76737,90.409,-95.0,29.0
3,31,23.76742,90.40894,-97.0,28.0
3,31,23.76748,90.40887,-94.0,33.0
3,31,23.76754,90.4088,-94.0,33.0
3,31,23.7676,90.40874,-91.0,32.0
3,31,23.76767,90.40869,-79.0,36.0
3,31,23.76776,90.40865,-81.0,36.0
3,31,23.76794,90.4086,-85.0,36.0
3,31,23.76803,90.40858,-85.0,34.0
3,31,23.768075,90.40857,-85.0,33.0
3,31,23.76812,90.40856,-92.0,32.0
3,31,23.76819,90.40854,-99.0,30.0
3,31,23.76827,90.40855,-99.0,29.0
3,31,23.76835,90.40856,-99.0,27.0
3,31,23.76841,90.40858,-101.0,27.0
3,31,23.76847,90.40861,-102.0,28.0
3,31,23.76853,90.40865,-95.0,30.0
3,31,23.7686,90.4087,-92.0,33.0
3,31,23.76867,90.40876,-102.0,35.0
3,31,23.76874,90.40884,-98.0,35.0
3,31,23.76881,90.40892,-100.0,36.0
3,31,23.76887,90.40901,-102.0,37.0
3,31,23.76892,90.4091,-104.0,36.0
3,31,23.76896,90.40921,-104.0,35.0
3,31,23.76899,90.40932,-108.0,35.0
3,31,23.76901,90.40943,-109.0,37.0
3,31,23.76902,90.40953,-85.0,37.0
3,31,23.76903,90.40964,-85.0,35.0
3,31,23.76903,90.40974,-82.0,34.0
3,31,23.76903,90.40983,-89.0,31.0
3,31,23.76903,90.40992,-87.0,30.0
3,31,23.76902,90.41,-92.0,29.0
3,31,23.76901,90.41008,-91.0,27.0
3,31,23.76899,90.41015,-92.0,26.0
3,31,23.76897,90.41022,-94.0,26.0
3,31,23.76895,90.41028,-95.0,24.0
3,31,23.76893,90.41033,-98.0,22.0
3,31,23.76891,90.41039,-98.0,23.0
3,31,23.76888,90.41046,-99.0,27.0
3,31,23.76884,90.41052,-100.0,30.0
3,31,23.7688,90.4106,-100.0,31.0
3,31,23.76876,90.41068,-102.0,34.0
3,31,23.76872,90.41078,-104.0,37.0
3,31,23.76869,90.41087,-106.0,33.0
3,31,23.76867,90.41096,-107.0,31.0
3,31,23.76866,90.41105,-103.0,34.0
3,31,23.76865,90.41115,-103.0,32.0
3,31,23.76865,90.41124,-97.0,33.0
3,31,23.76865,90.41134,-101.0,36.0
3,31,23.76866,90.41145,-93.0,38.0
3,31,23.76868,90.41156,-93.0,41.0
3,31,23.7687,90.41168,-96.0,41.0
3,31,23.76872,90.41179,-99.0,41.0
3,31,23.76876,90.4119,-98.0,40.0
3,31,23.7688,90.412,-97.0,40.0
3,31,23.76885,90.41209,-99.0,37.0
3,31,23.76891,90.41215,-97.0,31.0
3,31,23.76898,90.41221,-101.0,43.0
3,31,23.76908,90.41227,-107.0,44.0
3,31,23.76918,90.41232,-107.0,44.0
3,31,23.76928,90.41237,-107.0,45.0
3,31,23.7694,90.41242,-110.0,46.0
3,31,23.76951,90.41247,-109.0,45.0
3,31,23.76962,90.41252,-94.0,45.0
3,31,23.76973,90.41256,-95.0,43.0
3,31,23.76983,90.4126,-97.5,41.0
3,31,23.76993,90.41263,-100.0,39.0
3,31,23.77003,90.41266,-102.0,38.0
3,31,23.77013,90.41268,-101.0,39.0
3,31,23.77023,90.4127,-101.0,41.0
3,31,23.77033,90.41272,-100.0,41.0
3,31,23.77044,90.41274,-99.0,40.0
3,31,23.77054,90.41275,-98.0,39.0
3,31,23.77063,90.41275,-96.0,37.0
3,31,23.77072,90.41276,-88.0,37.0
3,31,23.77079,90.41276,-87.0,24.0
3,31,23.77084,90.41276,-84.0,20.0
3,31,23.77089,90.41277,-86.0,21.0
3,31,23.77095,90.41277,-84.0,24.0
3,31,23.77102,90.41277,-85.0,24.0
3,31,23.77109,90.41277,-88.0,30.0
3,31,23.77117,90.41276,-88.0,32.0
3,31,23.77125,90.41275,-88.0,33.0
3,31,23.77132,90.41272,-87.0,32.0
3,31,23.7714,90.4127,-95.0,30.0
3,31,23.77147,90.41268,-95.0,28.0
3,31,23.77154,90.41266,-80.0,26.0
3,31,23.77159,90.41265,-80.0,21.0
3,31,23.77164,90.41265,-80.0,11.0
3,31,23.77167,90.41265,-80.0,11.0
3,31,23.77168,90.41266,-79.0,1.0
3,31,23.7717,90.41267,-79.0,4.0
3,31,23.77171,90.41268,-82.0,5.0
3,31,23.77173,90.41272,-82.5,14.0
3,31,23.77175,90.41275,-83.0,13.0
3,31,23.77177,90.41279,-85.0,14.0
3,31,23.77179,90.41284,-85.0,12.0
3,31,23.77186,90.41283,-84.5,12.0
3,31,23.77192,90.41285,-84.0,19.0
3,31,23.77197,90.4129,-84.0,21.0
3,31,23.772,90.41297,-84.0,20.0
3,31,23.77203,90.41304,-85.0,20.0
3,31,23.77206,90.4131,-85.5,19.0
3,31,23.77208,90.41315,-86.0,15.0
3,31,23.7721,90.41319,-86.0,15.0
3,31,23.77211,90.41322,-84.0,8.0
3,31,23.77212,90.41325,-88.0,7.0
3,31,23.77213,90.41327,-92.0,6.0
3,31,23.77214,90.41329,-94.0,6.0
3,31,23.77215,90.41332,-88.0,9.0
3,31,23.77215,90.41336,-93.0,13.0
3,31,23.77215,90.41341,-90.0,18.0
3,31,23.77217,90.41347,-91.0,24.0
3,31,23.77219,90.41355,-94.0,27.0
3,31,23.77222,90.41362,-92.0,28.0
3,31,23.77226,90.41369,-94.0,32.0
3,31,23.77229,90.41378,-94.0,33.0
3,31,23.77233,90.41387,-97.0,34.0
3,31,23.77236,90.41395,-96.0,32.0
3,31,23.77241,90.41403,-99.0,32.0
3,31,23.77244,90.41412,-98.0,35.0
3,31,23.77248,90.4142,-101.0,33.0
3,31,23.77251,90.41428,-101.0,32.0
3,31,23.77255,90.41436,-101.0,33.0
3,31,23.77259,90.41444,-93.0,30.0
3,31,23.77262,90.41453,-93.0,31.0
3,31,23.77266,90.41461,-97.0,31.0
3,31,23.77269,90.41469,-96.0,32.0
3,31,23.77273,90.41478,-98.0,33.0
3,31,23.77277,90.41487,-98.0,33.0
3,31,23.77281,90.41495,-95.0,34.0
3,31,23.77286,90.41504,-89.0,33.0
3,31,23.7729,90.41512,-90.0,33.0
3,31,23.77295,90.4152,-88.0,33.0
3,32,23.773,90.41528,-87.0,34.0
3,32,23.77304,90.41536,-87.0,32.0
3,32,23.77308,90.41543,-90.0,28.0
3,32,23.77311,90.41548,-90.0,26.0
3,32,23.77316,90.41554,-93.0,27.0
3,32,23.77322,90.4156,-92.0,27.0
3,32,23.77328,90.41566,-92.0,30.0
3,32,23.7734,90.41577,-93.0,30.0
3,32,23.7734,90.41577,-93.0,27.0
3,32,23.77345,90.41582,-94.0,24.0
3,32,23.7735,90.41585,-93.0,24.0
3,32,23.77355,90.41589,-89.0,24.0
3,32,23.7736,90.41592,-84.0,25.0
3,32,23.77365,90.41594,-91.0,24.0
3,32,23.77371,90.41597,-91.0,25.0
3,32,23.77378,90.41599,-94.0,25.0
3,32,23.77385,90.41601,-89.0,25.0
3,32,23.77391,90.41602,-89.0,22.0
3,32,23.77397,90.41604,-88.0,22.0
3,32,23.77403,90.41605,-89.0,21.0
3,32,23.77408,90.41605,-87.0,18.0
3,32,23.77412,90.41606,-86.0,17.0
3,32,23.77418,90.41606,-85.0,20.0
3,32,23.77423,90.41607,-86.0,22.0
3,32,23.77429,90.41608,-84.0,24.0
3,32,23.77436,90.4161,-85.0,24.0
3,32,23.7745,90.41613,-83.0,28.0
3,32,23.7745,90.41613,-84.0,28.0
3,32,23.77457,90.41615,-85.0,31.0
3,32,23.77465,90.41616,-84.0,28.0
3,32,23.77472,90.41617,-84.0,26.0
3,32,23.77484,90.41618,-84.0,24.0
3,32,23.77484,90.41618,-83.0,22.0
3,32,23.77494,90.41619,-79.0,21.0
3,32,23.77494,90.41619,-82.0,19.0
3,32,23.77498,90.41621,-82.0,17.0
3,32,23.77502,90.41623,-82.0,16.0
3,32,23.77506,90.41624,-86.0,15.0
3,32,23.7751,90.41626,-92.0,15.0
3,32,23.77518,90.4163,-89.0,16.0
3,32,23.775205,90.41631,-89.0,16.5
3,32,23.77523,90.41632,-91.0,17.0
3,32,23.77527,90.41632,-93.0,18.0
3,32,23.77537,90.41631,-94.0,18.0
3,32,23.77537,90.41631,-94.0,20.0
3,32,23.77547,90.41632,-97.0,23.0
3,32,23.77547,90.41632,-95.5,22.0
3,32,23.77559,90.41632,-94.0,23.0
3,32,23.77565,90.41632,-93.0,24.0
3,32,23.77571,90.41633,-93.0,24.0
3,32,23.77571,90.41633,-89.0,24.0
3,32,23.77577,90.41634,-89.0,26.0
3,32,23.7759,90.41637,-88.0,25.0
3,32,23.77596,90.41638,-88.0,25.0
3,32,23.77596,90.41638,-86.0,26.0
3,32,23.77603,90.41638,-86.0,27.0
3,32,23.77616,90.41639,-87.0,27.0
3,32,23.77623,90.41639,-87.0,25.0
3,32,23.77629,90.41639,-86.0,25.0
3,32,23.77629,90.41639,-86.5,24.0
3,32,23.77635,90.41639,-87.0,26.0
3,32,23.77642,90.41639,-88.0,27.0
3,32,23.77655,90.41639,-88.0,27.0
3,32,23.77655,90.41639,-87.0,23.0
3,32,23.77661,90.41639,-86.5,24.0
3,32,23.77669,90.41639,-86.0,28.0
3,32,23.77686,90.41646,-85.0,30.0
3,32,23.77695,90.41649,-83.0,31.0
3,32,23.77703,90.4165,-84.0,31.0
3,32,23.77703,90.4165,-85.0,31.0
3,32,23.7772,90.41652,-86.0,32.0
3,32,23.77728,90.41653,-81.0,32.0
3,32,23.77736,90.41654,-81.0,32.0
3,32,23.77736,90.41654,-81.0,30.0
3,32,23.77743,90.41652,-81.0,30.0
3,32,23.77758,90.41653,-80.0,27.0
3,32,23.77764,90.41656,-83.0,25.0
3,32,23.77764,90.41656,-84.0,22.0
3,32,23.77769,90.41658,-84.0,20.0
3,32,23.77778,90.41661,-84.0,18.0
3,32,23.77781,90.41662,-85.0,16.0
3,32,23.77784,90.41663,-85.0,14.0
3,32,23.77784,90.41663,-85.0,10.0
3,32,23.77785,90.41664,-85.0,7.0
3,32,23.77787,90.41667,-86.0,6.0
3,32,23.77788,90.41668,-86.0,5.0
3,32,23.77788,90.41668,-86.0,5.0
3,32,23.77788,90.41668,-86.0,4.0
3,32,23.77789,90.41669,-86.0,3.0
3,32,23.77789,90.41669,-86.0,3.0
3,32,23.77789,90.4167,-86.0,2.0
3,32,23.7779,90.41671,-89.0,4.0
3,32,23.7779,90.41672,-85.0,4.0
3,32,23.77791,90.41672,-86.0,6.0
3,32,23.77792,90.41672,-84.0,8.0
3,32,23.77795,90.41671,-83.0,8.0
3,32,23.77798,90.4167,-83.0,14.0
3,32,23.77802,90.41668,-83.0,16.0
3,32,23.77807,90.41667,-83.0,16.0
3,32,23.77811,90.41666,-83.0,17.0
3,32,23.77816,90.41666,-83.0,17.0
3,32,23.7782,90.41665,-84.0,15.0
3,32,23.77829,90.41666,-85.0,18.0
3,32,23.77834,90.41666,-84.0,19.0
3,32,23.7784,90.41667,-85.0,21.0
3,32,23.7784,90.41667,-85.5,21.0
3,32,23.7785,90.41665,-86.0,21.0
3,32,23.77857,90.41664,-86.0,22.0
3,32,23.77857,90.41664,-87.0,25.0
3,32,23.77872,90.41665,-90.0,27.0
3,32,23.77879,90.41666,-88.0,25.5
3,32,23.77886,90.41667,-86.0,24.0
3,32,23.77886,90.41667,-84.0,26.0
3,32,23.779,90.4167,-84.0,24.0
3,32,23.779,90.4167,-82.0,23.0
3,32,23.77905,90.4167,-81.0,21.0
3,32,23.77917,90.4167,-80.0,21.0
3,32,23.77922,90.41669,-79.0,21.0
3,32,23.77927,90.41668,-78.0,21.0
3,32,23.77927,90.41668,-77.5,19.0
3,32,23.77938,90.41668,-77.0,21.0
3,32,23.77944,90.41669,-77.0,22.0
3,32,23.77949,90.41669,-76.0,21.0
3,32,23.77949,90.41669,-75.5,18.0
3,32,23.77954,90.4167,-75.0,16.0
3,32,23.77957,90.41671,-76.0,16.0
3,32,23.7796,90.41671,-76.0,5.0
3,32,23.7796,90.41671,-75.0,3.0
3,32,23.7796,90.41671,-75.0,0.0
3,32,23.7796,90.41671,-75.0,1.0
3,32,23.77959,90.4167,-73.0,1.0
3,32,23.779595,90.416695,-73.0,1.0
3,32,23.7796,90.41669,-74.0,1.0
3,32,23.7796,90.41669,-73.5,1.0
3,32,23.7796,90.41669,-73.0,1.0
3,32,23.77961,90.41669,-73.0,1.0
3,32,23.77961,90.41669,-73.0,3.0
3,32,23.779615,90.416695,-73.5,3.5
3,32,23.77962,90.4167,-74.0,4.0
3,32,23.77962,90.4167,-74.0,2.0
3,32,23.77962,90.416695,-74.0,1.5
3,32,23.77962,90.41669,-74.0,1.0
3,32,23.77962,90.41669,-74.0,0.0
3,32,23.77962,90.41669,-74.0,1.0
3,32,23.77962,90.41669,-71.0,2.0
3,32,23.77961,90.41669,-75.0,2.0
3,32,23.77961,90.41668,-71.0,1.0
3,32,23.77961,90.41667,-75.0,1.0
3,32,23.77961,90.41666,-79.0,1.0
3,32,23.77962,90.41666,-76.0,2.0
3,32,23.77962,90.41666,-77.0,2.0
3,32,23.77961,90.41666,-76.0,1.0
3,32,23.77961,90.41666,-78.0,1.0
3,32,23.77961,90.41666,-78.0,1.0
3,32,23.77961,90.41666,-77.0,1.0
3,32,23.77961,90.41666,-77.0,1.0
3,32,23.77961,90.41666,-72.0,1.0
3,32,23.77961,90.41666,-76.0,1.0
3,32,23.77961,90.41665,-78.0,1.0
3,32,23.77961,90.41665,-78.0,1.0
3,32,23.77961,90.41665,-78.0,1.0
3,32,23.77961,90.41665,-80.0,1.0
3,32,23.77961,90.41665,-79.0,2.0
3,32,23.77961,90.41665,-76.0,0.0
3,32,23.77962,90.41664,-72.0,1.0
3,32,23.77962,90.41664,-71.0,1.0
3,32,23.77961,90.41663,-70.0,1.0
3,32,23.77961,90.41663,-71.0,1.0
3,32,23.77962,90.41663,-69.0,1.0
3,32,23.77961,90.41664,-70.0,1.0
3,32,23.77961,90.41664,-70.0,1.0
3,32,23.77961,90.41664,-70.0,1.0
3,32,23.7796,90.41664,-70.0,0.0
3,32,23.7796,90.41664,-73.0,0.0
3,32,23.7796,90.41664,-72.0,1.0
3,32,23.7796,90.41663,-71.0,1.0
3,32,23.77961,90.41663,-70.0,1.0
3,32,23.77961,90.41663,-71.0,1.0
3,32,23.77961,90.41662,-72.0,1.0
3,32,23.77961,90.41662,-74.0,1.0
3,33,23.77961,90.41662,-71.0,1.0
3,33,23.77961,90.41663,-71.0,3.0
3,33,23.77962,90.41663,-71.0,2.0
3,33,23.77962,90.41664,-73.0,2.0
3,33,23.77963,90.41664,-72.0,0.0
3,33,23.77963,90.41665,-71.0,0.0
3,33,23.77964,90.41665,-71.0,2.0
3,33,23.77964,90.41665,-70.0,3.0
3,33,23.77965,90.41665,-73.0,2.0
3,33,23.77965,90.41665,-71.0,3.0
3,33,23.77966,90.41665,-73.0,3.0
3,33,23.77966,90.41664,-70.0,2.0
3,33,23.77966,90.41664,-71.0,2.0
3,33,23.77967,90.41663,-73.0,2.0
3,33,23.77967,90.41663,-69.0,2.0
3,33,23.77967,90.41662,-69.0,2.0
3,33,23.77966,90.41662,-80.0,1.0
3,33,23.77966,90.41662,-71.0,4.0
3,33,23.77965,90.41662,-71.0,1.0
3,33,23.77965,90.41662,-71.0,2.0
3,33,23.77965,90.41662,-72.0,2.0
3,33,23.77966,90.41662,-70.0,7.0
3,33,23.77967,90.41662,-63.0,7.0
3,33,23.77969,90.41663,-63.0,8.0
3,33,23.7797,90.41664,-69.0,9.0
3,33,23.77973,90.41664,-76.0,9.0
3,33,23.77976,90.41665,-73.0,11.0
3,33,23.77979,90.41665,-70.0,11.0
3,33,23.77982,90.41665,-73.0,13.0
3,33,23.77985,90.41665,-71.0,14.0
3,33,23.77988,90.41663,-70.0,14.0
3,33,23.77991,90.41662,-74.0,12.0
3,33,23.77993,90.41661,-73.0,9.0
3,33,23.77996,90.4166,-70.0,8.0
3,33,23.77998,90.4166,-73.0,7.0
3,33,23.78001,90.4166,-75.0,7.0
3,33,23.78003,90.41661,-75.0,9.0
3,33,23.78004,90.41662,-71.0,9.0
3,33,23.78006,90.41663,-77.0,9.0
3,33,23.78008,90.41663,-78.0,10.0
3,33,23.7801,90.41664,-76.0,10.0
3,33,23.78013,90.41664,-76.0,13.0
3,33,23.78017,90.41664,-77.0,13.0
3,33,23.78021,90.41665,-81.0,10.0
3,33,23.78024,90.41667,-76.0,12.0
3,33,23.78027,90.41668,-83.0,12.0
3,33,23.78029,90.41669,-80.0,12.0
3,33,23.78032,90.41671,-80.0,12.0
3,33,23.78034,90.41673,-81.0,13.0
3,33,23.78037,90.41674,-80.0,12.0
3,33,23.7804,90.41676,-81.0,12.0
3,33,23.78044,90.41678,-79.0,12.0
3,33,23.78047,90.41679,-79.0,13.0
3,33,23.7805,90.41678,-73.0,12.0
3,33,23.78053,90.41678,-74.0,9.0
3,33,23.78056,90.41677,-72.0,9.0
3,33,23.78059,90.41677,-73.0,11.0
3,33,23.78062,90.41676,-76.0,11.0
3,33,23.78065,90.41675,-73.0,11.0
3,33,23.78068,90.41673,-71.0,10.0
3,33,23.7807,90.41671,-63.0,10.0
3,33,23.78072,90.41669,-64.0,6.0
3,33,23.78074,90.41667,-69.0,6.0
3,33,23.78076,90.41665,-74.0,6.0
3,33,23.78079,90.41663,-66.0,7.0
3,33,23.78081,90.41662,-68.0,7.0
3,33,23.78084,90.41661,-73.0,9.0
3,33,23.78086,90.4166,-73.0,7.0
3,33,23.78089,90.41661,-74.0,7.0
3,33,23.78091,90.41662,-74.0,7.0
3,33,23.78093,90.41663,-73.0,7.0
3,33,23.78094,90.41664,-71.0,6.0
3,33,23.78095,90.41666,-73.0,5.0
3,33,23.78096,90.41668,-74.0,5.0
3,33,23.78097,90.41669,-74.0,4.0
3,33,23.78097,90.4167,-73.0,4.0
3,33,23.78098,90.4167,-73.0,4.0
3,33,23.78099,90.41671,-72.0,4.0
3,33,23.78101,90.41671,-71.0,6.0
3,33,23.78103,90.41671,-71.0,7.0
3,33,23.78104,90.4167,-74.0,7.0
3,33,23.78106,90.4167,-73.0,4.0
3,33,23.78106,90.4167,-74.0,2.0
3,33,23.78106,90.4167,-73.0,3.0
3,33,23.78106,90.4167,-73.0,1.0
3,33,23.78107,90.41671,-68.0,1.0
3,33,23.78108,90.41672,-71.0,4.0
3,33,23.78109,90.41673,-74.0,3.0
3,33,23.7811,90.41673,-76.0,0.0
3,33,23.78111,90.41674,-77.0,2.0
3,33,23.78114,90.41673,-72.0,2.0
3,33,23.78116,90.41673,-73.0,6.0
3,33,23.78118,90.41674,-73.0,6.0
3,33,23.7812,90.41673,-71.0,8.0
3,33,23.78123,90.41673,-72.0,9.0
3,33,23.78126,90.41672,-71.0,9.0
3,33,23.78129,90.41672,-72.0,9.0
3,33,23.78132,90.41673,-76.0,9.0
3,33,23.78135,90.41674,-78.0,8.0
3,33,23.78139,90.41675,-76.0,8.0
3,33,23.78142,90.41678,-72.0,8.0
3,33,23.78148,90.41679,-71.0,13.0
3,33,23.78154,90.41682,-73.0,18.0
3,33,23.78159,90.41684,-70.0,17.0
3,33,23.78165,90.41687,-75.0,18.0
3,33,23.78172,90.4169,-74.0,18.0
3,33,23.78179,90.41693,-77.0,20.0
3,33,23.78185,90.41695,-76.0,20.0
3,33,23.7819,90.41696,-80.0,16.0
3,33,23.78194,90.41695,-77.0,14.0
3,33,23.78198,90.41693,-73.0,14.0
3,33,23.78202,90.4169,-80.0,11.0
3,33,23.78206,90.41687,-78.0,9.0
3,33,23.7821,90.41685,-73.0,11.0
3,33,23.78214,90.41682,-76.0,14.0
3,33,23.78217,90.4168,-83.0,14.0
3,33,23.78222,90.4168,-86.0,17.0
3,33,23.78227,90.41682,-85.0,22.0
3,33,23.78233,90.41684,-88.0,22.0
3,33,23.7824,90.41684,-86.0,26.0
3,33,23.78247,90.41683,-88.0,26.0
3,33,23.78254,90.41684,-88.0,24.0
3,33,23.78259,90.41683,-92.0,18.0
3,33,23.78263,90.41682,-91.0,17.0
3,33,23.78269,90.41681,-89.0,18.0
3,33,23.78274,90.41682,-91.0,18.0
3,33,23.78279,90.41684,-94.0,18.0
3,33,23.78284,90.41687,-92.0,16.0
3,33,23.78287,90.41689,-94.0,14.0
3,33,23.78291,90.41692,-100.0,14.0
3,33,23.78294,90.41694,-102.0,14.0
3,33,23.78298,90.41695,-98.0,13.0
3,33,23.78301,90.41693,-102.0,12.0
3,33,23.78305,90.41692,-100.0,12.0
3,33,23.78309,90.41692,-101.0,11.0
3,33,23.78312,90.41692,-101.0,11.0
3,33,23.78314,90.41691,-99.0,5.0
3,33,23.78317,90.4169,-99.0,4.0
3,33,23.78319,90.41689,-97.0,4.0
3,33,23.7832,90.41689,-97.0,1.0
3,33,23.78321,90.41689,-97.0,1.0
3,33,23.78322,90.41689,-100.0,1.0
3,33,23.78323,90.41689,-100.0,0.0
3,33,23.78323,90.41688,-104.0,1.0
3,33,23.78323,90.41688,-99.0,1.0
3,33,23.78323,90.41687,-103.0,1.0
3,33,23.78323,90.41687,-101.0,2.0
3,33,23.78324,90.41687,-65.0,4.0
3,33,23.78326,90.41686,-65.0,5.0
3,33,23.78327,90.41686,-62.0,6.0
3,33,23.78329,90.41687,-68.0,6.0
3,33,23.7833,90.41688,-73.0,3.0
3,33,23.78331,90.4169,-77.0,3.0
3,33,23.78331,90.41691,-76.0,4.0
3,33,23.78332,90.41691,-76.0,4.0
3,33,23.78334,90.41692,-76.0,4.0
3,33,23.78336,90.41692,-79.0,4.0
3,33,23.78338,90.41691,-74.0,5.0
3,33,23.7834,90.4169,-73.0,7.0
3,33,23.78342,90.41691,-71.0,5.0
3,33,23.78344,90.41692,-66.0,5.0
3,33,23.78345,90.41694,-65.0,6.0
3,33,23.78347,90.41695,-66.0,5.0
3,33,23.78348,90.41697,-68.0,6.0
3,33,23.7835,90.417,-71.0,7.0
3,33,23.78351,90.41702,-73.0,7.0
3,33,23.78352,90.41704,-72.0,4.0
3,33,23.78352,90.41705,-73.0,2.0
3,33,23.78353,90.41705,-70.0,3.0
3,33,23.78354,90.41704,-72.0,3.0
3,33,23.78355,90.41704,-71.0,3.0
3,33,23.78356,90.41703,-71.0,4.0
3,33,23.78357,90.41702,-70.0,5.0
3,33,23.78358,90.41701,-70.0,4.0
3,33,23.78359,90.417,-74.0,3.0
3,33,23.7836,90.41699,-72.0,3.0
3,33,23.7836,90.41698,-74.0,2.0
3,33,23.7836,90.41697,-74.0,1.0
3,33,23.78361,90.41696,-75.0,1.0
3,33,23.78362,90.41695,-78.0,1.0
3,34,23.78362,90.41694,-76.0,1.0
3,34,23.78363,90.41693,-75.0,0.0
3,34,23.78364,90.41692,-77.0,2.0
3,34,23.78365,90.41691,-73.0,2.0
3,34,23.78365,90.4169,-71.0,1.0
3,34,23.78365,90.41689,-72.0,1.0
3,34,23.78365,90.41689,-73.0,0.0
3,34,23.78365,90.41688,-73.0,1.0
3,34,23.78364,90.41687,-74.0,1.0
3,34,23.78364,90.41686,-75.0,0.0
3,34,23.78365,90.41686,-74.0,0.0
3,34,23.78366,90.41686,-76.0,3.0
3,34,23.78367,90.41686,-75.0,2.0
3,34,23.78367,90.41686,-79.0,1.0
3,34,23.78367,90.41686,-78.0,0.0
3,34,23.78367,90.41685,-77.0,0.0
3,34,23.78368,90.41685,-78.0,2.0
3,34,23.78368,90.41685,-78.0,2.0
3,34,23.78369,90.41686,-74.0,0.0
3,34,23.7837,90.41686,-78.0,0.0
3,34,23.7837,90.41687,-77.0,0.0
3,34,23.7837,90.41687,-78.0,0.0
3,34,23.78371,90.41687,-77.0,0.0
3,34,23.78372,90.41687,-75.0,1.0
3,34,23.78372,90.41687,-79.0,1.0
3,34,23.78373,90.41687,-77.0,1.0
3,34,23.78373,90.41687,-78.0,1.0
3,34,23.78374,90.41687,-80.0,2.0
3,34,23.78374,90.41686,-79.0,2.0
3,34,23.78375,90.41686,-81.0,3.0
3,34,23.78376,90.41686,-83.0,3.0
3,34,23.78377,90.41686,-79.0,5.0
3,34,23.78379,90.41687,-78.0,5.0
3,34,23.7838,90.41687,-78.0,4.0
3,34,23.78382,90.41687,-78.0,4.0
3,34,23.78383,90.41688,-80.0,5.0
3,34,23.78384,90.41688,-82.0,5.0
3,34,23.78386,90.4169,-82.0,6.0
3,34,23.78387,90.41692,-75.0,7.0
3,34,23.78389,90.41694,-78.0,7.0
3,34,23.78391,90.41696,-78.0,10.0
3,34,23.78393,90.41698,-83.0,12.0
3,34,23.78396,90.41699,-81.0,15.0
3,34,23.78401,90.417,-81.0,18.0
3,34,23.78405,90.41701,-90.0,16.0
3,34,23.78409,90.41701,-90.0,15.0
3,34,23.78412,90.417,-85.0,14.0
3,34,23.78415,90.41698,-87.0,11.0
3,34,23.78419,90.41696,-88.0,13.0
3,34,23.78423,90.41694,-85.0,15.0
3,34,23.78427,90.41693,-86.0,15.0
3,34,23.7843,90.41693,-86.0,9.0
3,34,23.78434,90.41693,-88.0,9.0
3,34,23.78436,90.41693,-90.0,11.0
3,34,23.7844,90.41695,-91.0,14.0
3,34,23.78443,90.41696,-90.0,14.0
3,34,23.78446,90.41698,-88.0,13.0
3,34,23.78449,90.41701,-87.0,11.0
3,34,23.7845,90.41702,-88.0,7.0
3,34,23.78452,90.41706,-79.0,8.0
3,34,23.78454,90.41708,-79.0,8.0
3,34,23.78455,90.41712,-92.0,6.0
3,34,23.78456,90.41714,-96.0,6.0
3,34,23.78458,90.41715,-93.0,5.0
3,34,23.7846,90.41714,-92.0,4.0
3,34,23.7846,90.41714,-92.0,4.0
3,34,23.78461,90.41714,-94.0,3.0
3,34,23.78462,90.41713,-94.0,3.0
3,34,23.78464,90.41712,-92.0,3.0
3,34,23.78465,90.41711,-93.0,3.0
3,34,23.78466,90.41708,-92.0,3.0
3,34,23.78467,90.41706,-87.0,1.0
3,34,23.78468,90.41705,-93.0,1.0
3,34,23.78468,90.41703,-94.0,1.0
3,34,23.78469,90.41701,-92.0,1.0
3,34,23.7847,90.417,-91.0,1.0
3,34,23.7847,90.41698,-91.0,1.0
3,34,23.7847,90.41697,-90.0,1.0
3,34,23.78471,90.41695,-87.0,2.0
3,34,23.78471,90.41695,-87.0,2.0
3,34,23.78472,90.41694,-91.0,2.0
3,34,23.78472,90.41693,-90.0,3.0
3,34,23.78473,90.41692,-93.0,2.0
3,34,23.78474,90.41691,-92.0,3.0
3,34,23.78475,90.4169,-95.0,4.0
3,34,23.78476,90.41689,-96.0,4.0
3,34,23.78477,90.41689,-93.0,5.0
3,34,23.78479,90.41689,-91.0,8.0
3,34,23.78481,90.41689,-92.0,14.0
3,34,23.78485,90.41689,-92.0,17.0
3,34,23.78489,90.41689,-84.0,17.0
3,34,23.78492,90.41689,-84.0,16.0
3,34,23.78496,90.41689,-86.0,16.0
3,34,23.785,90.41689,-92.0,17.0
3,34,23.78504,90.4169,-94.0,16.0
3,34,23.78508,90.41691,-98.0,16.0
3,34,23.78511,90.41692,-95.0,14.0
3,34,23.78515,90.41693,-95.0,14.0
3,34,23.78519,90.41694,-96.0,15.0
3,34,23.78523,90.41693,-97.0,16.0
3,34,23.78528,90.41692,-95.0,16.0
3,34,23.78532,90.41691,-95.0,17.0
3,34,23.78537,90.4169,-97.0,16.0
3,34,23.78541,90.41689,-99.0,16.0
3,34,23.78545,90.41688,-101.0,17.0
3,34,23.7855,90.41689,-102.0,17.0
3,34,23.78553,90.41689,-102.0,15.0
3,34,23.78557,90.4169,-103.0,13.0
3,34,23.7856,90.41691,-103.0,11.0
3,34,23.78563,90.41692,-103.0,8.0
3,34,23.78565,90.41692,-102.0,8.0
3,34,23.78567,90.41692,-102.0,6.0
3,34,23.78568,90.41692,-103.0,6.0
3,34,23.7857,90.41692,-103.0,6.0
3,34,23.78571,90.41691,-104.0,5.0
3,34,23.78571,90.41691,-104.0,5.0
3,34,23.78571,90.41691,-104.0,1.0
3,34,23.78571,90.41691,-106.0,1.0
3,34,23.78571,90.41691,-102.0,2.0
3,34,23.78572,90.41692,-102.0,2.0
3,34,23.78573,90.41693,-102.0,1.0
3,34,23.78573,90.41694,-103.0,1.0
3,34,23.78574,90.41695,-103.0,1.0
3,34,23.78574,90.41695,-103.0,1.0
3,34,23.78575,90.41696,-103.0,1.0
3,34,23.78575,90.41697,-101.0,1.0
3,34,23.78575,90.41697,-103.0,1.0
3,34,23.78576,90.41698,-103.0,2.0
3,34,23.78576,90.41699,-102.0,3.0
3,34,23.78577,90.417,-101.0,3.0
3,34,23.78578,90.417,-103.0,3.0
3,34,23.78579,90.417,-104.0,4.0
3,34,23.7858,90.417,-103.0,4.0
3,34,23.78582,90.417,-100.0,4.0
3,34,23.78582,90.417,-102.0,3.0
3,34,23.78583,90.41701,-99.0,3.0
3,34,23.78585,90.41702,-100.0,5.0
3,34,23.78586,90.41702,-100.0,5.0
3,34,23.78587,90.41703,-98.0,5.0
3,34,23.78588,90.41704,-101.0,5.0
3,34,23.78589,90.41704,-102.0,5.0
3,34,23.78591,90.41705,-99.0,6.0
3,34,23.78592,90.41706,-98.0,6.0
3,34,23.78593,90.41707,-98.0,3.0
3,34,23.78593,90.41707,-99.0,2.0
3,34,23.78593,90.41707,-97.0,2.0
3,34,23.78594,90.41708,-97.0,3.0
3,34,23.78594,90.41708,-96.0,4.0
3,34,23.78595,90.41708,-97.0,4.0
3,34,23.78597,90.41707,-97.0,6.0
3,34,23.78598,90.41706,-96.0,6.0
3,34,23.78599,90.41706,-98.0,5.0
3,34,23.78602,90.41706,-93.0,7.0
3,34,23.78604,90.41703,-94.0,6.0
3,34,23.78606,90.41701,-93.0,5.0
3,34,23.78609,90.41699,-92.0,5.0
3,34,23.78611,90.41697,-95.0,6.0
3,34,23.78613,90.41696,-92.0,5.0
3,34,23.78615,90.41695,-91.0,6.0
3,34,23.78617,90.41694,-93.0,4.0
3,34,23.78619,90.41693,-91.0,4.0
3,34,23.7862,90.41692,-92.0,8.0
3,34,23.78623,90.41691,-90.0,10.0
3,34,23.78627,90.4169,-88.0,12.0
3,34,23.78633,90.4169,-86.0,18.0
3,34,23.78639,90.4169,-84.0,18.0
3,34,23.78645,90.4169,-84.0,24.0
3,34,23.78652,90.4169,-80.0,23.0
3,34,23.78658,90.4169,-84.0,21.0
3,34,23.78664,90.41688,-87.0,25.0
3,34,23.78671,90.41687,-86.0,25.0
3,34,23.78679,90.41686,-85.0,33.0
3,34,23.78687,90.41684,-87.0,32.0
3,34,23.78695,90.41682,-85.0,32.0
3,34,23.78703,90.41681,-88.0,29.0
3,34,23.78711,90.4168,-89.0,29.0
3,34,23.78717,90.4168,-87.0,27.0
3,34,23.78724,90.41679,-86.0,26.0
3,34,23.7873,90.41679,-87.0,24.0
3,34,23.78736,90.41678,-89.0,24.0
3,35,23.78743,90.41676,-88.0,24.0
3,35,23.7875,90.41674,-85.0,28.0
3,35,23.78758,90.41672,-83.0,28.0
3,35,23.78765,90.4167,-86.0,27.0
3,35,23.78771,90.41667,-84.0,24.0
3,35,23.78777,90.41665,-83.0,24.0
3,35,23.78782,90.41665,-83.0,24.0
3,35,23.78789,90.41666,-79.0,25.0
3,35,23.78795,90.41663,-77.0,26.0
3,35,23.78802,90.41661,-76.0,25.0
3,35,23.78808,90.41659,-80.0,25.0
3,35,23.78814,90.41657,-74.0,26.0
3,35,23.78821,90.41655,-76.0,27.0
3,35,23.78828,90.41654,-77.0,25.0
3,35,23.78834,90.41653,-84.0,23.0
3,35,23.7884,90.41652,-83.0,23.0
3,35,23.78845,90.41651,-84.0,21.0
3,35,23.7885,90.4165,-82.0,17.0
3,35,23.78855,90.41649,-85.0,16.0
3,35,23.7886,90.41648,-81.0,19.0
3,35,23.78865,90.41647,-74.0,19.0
3,35,23.78871,90.41647,-72.0,23.0
3,35,23.78877,90.41648,-74.0,26.0
3,35,23.78884,90.41647,-84.0,29.0
3,35,23.7889,90.41645,-86.0,29.0
3,35,23.78898,90.41641,-90.0,29.0
3,35,23.78906,90.41638,-89.0,32.0
3,35,23.78913,90.41635,-90.0,31.0
3,35,23.78922,90.41632,-91.0,31.0
3,35,23.7893,90.41629,-90.0,32.0
3,35,23.78938,90.41627,-87.0,32.0
3,35,23.78945,90.41625,-87.0,31.0
3,35,23.78953,90.41623,-84.0,28.0
3,35,23.7896,90.41621,-84.0,23.0
3,35,23.78965,90.41619,-80.0,18.0
3,35,23.78968,90.41619,-76.0,18.0
3,35,23.78971,90.41617,-76.0,11.0
3,35,23.78974,90.41616,-77.0,10.0
3,35,23.78976,90.41615,-79.0,10.0
3,35,23.78979,90.41613,-76.0,8.0
3,35,23.7898,90.41612,-81.0,8.0
3,35,23.78981,90.4161,-79.0,6.0
3,35,23.78981,90.41608,-76.0,5.0
3,35,23.78982,90.41606,-78.0,3.0
3,35,23.78982,90.41606,-83.0,1.0
3,35,23.78982,90.41605,-86.0,1.0
3,35,23.78982,90.41602,-75.0,6.0
3,35,23.78981,90.41599,-84.0,10.0
3,35,23.78981,90.41596,-88.0,9.0
3,35,23.78981,90.41592,-87.0,10.0
3,35,23.78981,90.41587,-94.0,10.0
3,35,23.7898,90.41581,-93.0,16.0
3,35,23.78979,90.41576,-91.0,16.0
3,35,23.78978,90.41571,-82.0,14.0
3,35,23.78977,90.41566,-79.0,13.0
3,35,23.78977,90.41562,-78.0,13.0
3,35,23.78978,90.41556,-97.0,14.0
3,35,23.78978,90.41551,-102.0,15.0
3,35,23.78978,90.41545,-109.0,19.0
3,35,23.78977,90.41538,-109.0,17.0
3,35,23.78977,90.41532,-113.0,17.0
3,35,23.78977,90.41527,-114.0,15.0
3,35,23.78977,90.41522,-115.0,13.0
3,35,23.78977,90.41519,-112.0,11.0
3,35,23.78976,90.41514,-110.0,12.0
3,35,23.78974,90.4151,-104.0,12.0
3,35,23.78972,90.41506,-93.0,6.0
3,35,23.7897,90.41501,-102.0,7.0
3,35,23.78969,90.41497,-99.0,6.0
3,35,23.78968,90.41493,-101.0,8.0
3,35,23.78968,90.4149,-110.0,8.0
3,35,23.78969,90.41487,-106.0,8.0
3,35,23.7897,90.41483,-112.0,13.0
3,35,23.7897,90.41478,-117.0,15.0
3,35,23.7897,90.41472,-82.0,15.0
3,35,23.78969,90.41466,-82.0,15.0
3,35,23.78968,90.41461,-82.0,17.0
3,35,23.78967,90.41455,-79.0,16.0
3,35,23.78965,90.41449,-81.0,15.0
3,35,23.78963,90.41444,-79.0,17.0
3,35,23.7896,90.41439,-72.0,17.0
3,35,23.78959,90.41435,-67.0,12.0
3,35,23.78958,90.41431,-63.0,8.0
3,35,23.78957,90.41428,-65.0,6.0
3,35,23.78957,90.41425,-58.0,4.0
3,35,23.78956,90.41423,-58.0,4.0
3,35,23.78956,90.41421,-59.0,7.0
3,35,23.78955,90.41417,-60.0,8.0
3,35,23.78955,90.41414,-62.0,7.0
3,35,23.78955,90.4141,-60.0,10.0
3,35,23.78955,90.41406,-65.0,10.0
3,35,23.78957,90.41402,-61.0,5.0
3,35,23.78957,90.41399,-67.0,2.0
3,35,23.78958,90.41397,-65.0,3.0
3,35,23.7896,90.41394,-67.0,8.0
3,35,23.78962,90.41392,-69.0,8.0
3,35,23.78965,90.4139,-73.0,12.0
3,35,23.78969,90.41388,-77.0,17.0
3,35,23.78973,90.41386,-80.0,18.0
3,35,23.78978,90.41384,-84.0,19.0
3,35,23.78983,90.41382,-88.0,19.0
3,35,23.78988,90.41381,-86.0,20.0
3,35,23.78993,90.41377,-85.0,20.0
3,35,23.78998,90.41374,-88.0,17.0
3,35,23.79002,90.41371,-85.0,15.0
3,35,23.79005,90.41369,-84.0,15.0
3,35,23.79008,90.41368,-88.0,8.0
3,35,23.7901,90.41366,-84.0,7.0
3,35,23.79011,90.41366,-86.0,6.0
3,35,23.79013,90.41366,-91.0,7.0
3,35,23.79015,90.41368,-90.0,7.0
3,35,23.79018,90.41369,-90.0,11.0
3,35,23.79021,90.41369,-91.0,14.0
3,35,23.79026,90.4137,-98.0,22.0
3,35,23.79031,90.4137,-94.0,22.0
3,35,23.79036,90.4137,-91.0,22.0
3,35,23.79042,90.41371,-93.0,21.0
3,35,23.79047,90.41371,-94.0,22.0
3,35,23.79053,90.41371,-92.0,23.0
3,35,23.79059,90.4137,-91.0,23.0
3,35,23.79065,90.41365,-87.0,23.0
3,35,23.7907,90.41361,-97.0,18.0
3,35,23.79074,90.41358,-98.0,15.0
3,35,23.79078,90.41356,-94.0,16.0
3,35,23.79082,90.41355,-96.0,15.0
3,35,23.79087,90.41354,-97.0,15.0
3,35,23.79092,90.41351,-96.0,18.0
3,35,23.79097,90.41348,-94.0,21.0
3,35,23.79103,90.41348,-94.0,22.0
3,35,23.79109,90.41348,-90.0,23.0
3,35,23.79115,90.41349,-90.0,23.0
3,35,23.79121,90.41348,-91.0,24.0
3,35,23.79128,90.41347,-89.0,24.0
3,35,23.79134,90.41347,-91.0,22.0
3,35,23.79139,90.41346,-90.0,19.0
3,35,23.79143,90.41347,-91.0,19.0
3,35,23.79147,90.41348,-91.0,16.0
3,35,23.79151,90.41349,-95.0,15.0
3,35,23.79156,90.41348,-95.0,15.0
3,35,23.7916,90.41345,-91.0,14.0
3,35,23.79164,90.41343,-89.0,14.0
3,35,23.79168,90.41339,-92.0,13.0
3,35,23.79171,90.41337,-94.0,13.0
3,35,23.79175,90.41335,-94.0,11.0
3,35,23.79179,90.41334,-96.0,14.0
3,35,23.79182,90.41334,-89.0,14.0
3,35,23.79187,90.41334,-88.0,18.0
3,35,23.79191,90.41337,-88.0,21.0
3,35,23.79196,90.4134,-89.0,22.0
3,35,23.79202,90.41342,-86.0,24.0
3,35,23.79208,90.41342,-85.0,24.0
3,35,23.79214,90.4134,-80.0,21.0
3,35,23.79219,90.41338,-96.0,20.0
3,35,23.79224,90.41336,-94.0,18.0
3,35,23.79229,90.41334,-95.0,17.0
3,35,23.79234,90.41331,-97.0,17.0
3,35,23.79239,90.41329,-97.0,21.0
3,35,23.79244,90.41328,-95.0,20.0
3,35,23.79249,90.41326,-102.0,21.0
3,35,23.79255,90.41324,-101.0,22.0
3,35,23.79261,90.41323,-102.0,22.0
3,35,23.79268,90.41321,-107.0,25.0
3,35,23.79274,90.41319,-110.0,24.0
3,35,23.7928,90.41317,-111.0,27.0
3,35,23.79287,90.41315,-106.0,30.0
3,35,23.79294,90.41315,-109.0,30.0
3,35,23.79302,90.41316,-111.0,30.0
3,35,23.79309,90.41317,-110.0,26.0
3,35,23.79315,90.41316,-105.0,23.0
3,35,23.7932,90.41315,-105.0,19.0
3,35,23.79324,90.41314,-106.0,18.0
3,35,23.79328,90.41313,-102.0,16.0
3,35,23.79331,90.41313,-102.0,10.0
3,35,23.79334,90.41314,-101.0,9.0
3,35,23.79335,90.41313,-73.0,6.0
3,35,23.79337,90.41313,-74.0,6.0
3,35,23.79339,90.41312,-74.0,9.0
3,35,23.79341,90.41311,-81.0,14.0
3,35,23.79345,90.41309,-82.0,17.0
3,35,23.79349,90.41308,-81.0,20.0
3,36,23.79354,90.41305,-84.0,20.0
3,36,23.79362,90.41305,-82.0,26.0
3,36,23.7937,90.41306,-82.0,30.0
3,36,23.79379,90.41306,-79.0,30.0
3,36,23.79387,90.41307,-76.0,28.0
3,36,23.79394,90.41307,-75.0,28.0
3,36,23.794,90.4131,-75.0,23.0
3,36,23.79405,90.41314,-76.0,21.0
3,36,23.79409,90.41317,-72.0,12.0
3,36,23.79411,90.41315,-76.0,11.0
3,36,23.79412,90.41311,-75.0,11.0
3,36,23.79414,90.41308,-74.0,8.0
3,36,23.79414,90.41305,-71.0,5.0
3,36,23.79414,90.41303,-74.0,2.0
3,36,23.79413,90.41301,-73.0,2.0
3,36,23.79413,90.41298,-75.0,2.0
3,36,23.79412,90.41296,-75.0,4.0
3,36,23.79412,90.41294,-75.0,4.0
3,36,23.79412,90.41292,-76.0,6.0
3,36,23.79411,90.41289,-78.0,8.0
3,36,23.7941,90.41285,-74.0,8.0
3,36,23.79408,90.41281,-74.0,12.0
3,36,23.79407,90.41278,-79.0,13.0
3,36,23.79408,90.41275,-78.0,15.0
3,36,23.79408,90.4127,-76.0,20.0
3,36,23.79408,90.41264,-79.0,20.0
3,36,23.79409,90.41258,-82.0,24.0
3,36,23.79408,90.41251,-77.0,28.0
3,36,23.79407,90.41243,-75.0,30.0
3,36,23.79408,90.41236,-78.0,29.0
3,36,23.79409,90.41229,-75.0,29.0
3,36,23.79409,90.41222,-73.0,26.0
3,36,23.79409,90.41216,-75.0,24.0
3,36,23.79407,90.41209,-77.0,24.0
3,36,23.79404,90.41203,-77.0,20.0
3,36,23.794,90.41199,-74.0,20.0
3,36,23.79396,90.41198,-75.0,21.0
3,36,23.79392,90.41194,-76.0,21.0
3,36,23.79388,90.41188,-79.0,25.0
3,36,23.79384,90.41185,-80.0,25.0
3,36,23.79382,90.41176,-80.0,25.0
3,36,23.79381,90.41167,-82.0,26.0
3,36,23.7938,90.41157,-77.0,23.0
3,36,23.79379,90.41148,-74.0,22.0
3,36,23.79378,90.41141,-73.0,22.0
3,36,23.79376,90.41135,-70.0,22.0
3,36,23.79375,90.4113,-71.0,11.0
3,36,23.79373,90.41127,-73.0,10.0
3,36,23.79373,90.41124,-72.0,5.0
3,36,23.79374,90.41122,-75.0,3.0
3,36,23.79375,90.4112,-72.0,3.0
3,36,23.79376,90.41118,-72.0,2.0
3,36,23.79377,90.41117,-69.0,1.0
3,36,23.79378,90.41115,-69.0,0.0
3,36,23.79377,90.41115,-71.0,2.0
3,36,23.79376,90.41115,-72.0,2.0
3,36,23.79376,90.41114,-72.0,3.0
3,36,23.79375,90.41114,-71.0,2.0
3,36,23.79374,90.41114,-72.0,3.0
3,36,23.79374,90.41114,-71.0,2.0
3,36,23.79374,90.41114,-72.0,2.0
3,36,23.79375,90.41115,-72.0,2.0
3,36,23.79375,90.41115,-72.0,1.0
3,36,23.79376,90.41115,-73.0,2.0
3,36,23.79377,90.41114,-74.0,1.0
3,36,23.79377,90.41113,-75.0,1.0
3,36,23.79378,90.41113,-73.0,1.0
3,36,23.79378,90.41112,-73.0,1.0
3,36,23.79377,90.41111,-70.0,0.0
3,36,23.79377,90.4111,-70.0,2.0
3,36,23.79378,90.41109,-74.0,2.0
3,36,23.79379,90.41107,-73.0,1.0
3,36,23.7938,90.41105,-72.0,2.0
3,36,23.7938,90.41102,-69.0,4.0
3,36,23.79381,90.41099,-69.0,7.0
3,36,23.79382,90.41095,-71.0,7.0
3,36,23.79382,90.41091,-71.0,5.0
3,36,23.79382,90.41089,-71.0,3.0
3,36,23.79381,90.41089,-70.0,4.0
3,36,23.79381,90.41089,-70.0,6.0
3,36,23.79381,90.41088,-71.0,6.0
3,36,23.79381,90.41088,-71.0,5.0
3,36,23.79381,90.41086,-73.0,5.0
3,36,23.79379,90.41084,-74.0,6.0
3,36,23.79377,90.41083,-73.0,6.0
3,36,23.79375,90.41082,-74.0,6.0
3,36,23.79373,90.41079,-74.0,4.0
3,36,23.79372,90.41078,-74.0,5.0
3,36,23.7937,90.41076,-76.0,5.0
3,36,23.79369,90.41075,-77.0,6.0
3,36,23.79367,90.41074,-78.0,6.0
3,36,23.79366,90.41072,-78.0,9.0
3,36,23.79365,90.41071,-76.0,10.0
3,36,23.79363,90.41068,-78.0,14.0
3,36,23.79361,90.41065,-81.0,16.0
3,36,23.79359,90.41062,-78.0,16.0
3,36,23.79356,90.41059,-79.0,13.0
3,36,23.79353,90.41058,-79.0,13.0
3,36,23.79351,90.41053,-83.0,14.0
3,36,23.79349,90.41047,-82.0,14.0
3,36,23.79348,90.4104,-81.0,14.0
3,36,23.79347,90.41031,-80.0,16.0
3,36,23.79346,90.41023,-78.0,16.0
3,36,23.79345,90.41017,-80.0,17.0
3,36,23.79344,90.41011,-80.0,21.0
3,36,23.79344,90.41002,-85.0,21.0
3,36,23.79344,90.40994,-79.0,25.0
3,36,23.79343,90.40986,-80.0,25.0
3,36,23.79342,90.40979,-84.0,22.0
3,36,23.79341,90.40972,-76.0,24.0
3,36,23.79341,90.40965,-67.0,24.0
3,36,23.79341,90.40958,-72.0,26.0
3,36,23.7934,90.40951,-74.0,25.0
3,36,23.7934,90.40944,-78.0,23.0
3,36,23.7934,90.40938,-78.0,23.0
3,36,23.7934,90.40932,-80.0,23.0
3,36,23.79339,90.40926,-81.0,22.0
3,36,23.79338,90.40919,-78.0,24.0
3,36,23.79338,90.40912,-80.0,20.0
3,36,23.79339,90.40905,-79.0,19.0
3,36,23.7934,90.40899,-76.0,19.0
3,36,23.79339,90.40894,-81.0,18.0
3,36,23.7934,90.40889,-80.0,14.0
3,36,23.79341,90.40885,-80.0,10.0
3,36,23.79341,90.40882,-78.0,10.0
3,36,23.79341,90.40878,-81.0,10.0
3,36,23.79341,90.40874,-79.0,9.0
3,36,23.79342,90.4087,-81.0,10.0
3,36,23.79343,90.40866,-77.0,8.0
3,36,23.79343,90.40864,-81.0,7.0
3,36,23.79343,90.40861,-77.0,7.0
3,36,23.79343,90.40859,-80.0,6.0
3,36,23.79343,90.40857,-79.0,7.0
3,36,23.79344,90.40855,-84.0,4.0
3,36,23.79345,90.40854,-81.0,4.0
3,36,23.79347,90.40853,-84.0,4.0
3,36,23.79349,90.40853,-87.0,6.0
3,36,23.79352,90.40854,-89.0,8.0
3,36,23.79356,90.40854,-91.0,11.0
3,36,23.7936,90.40855,-94.0,13.0
3,36,23.79364,90.40855,-96.0,13.0
3,36,23.79368,90.40856,-92.0,19.0
3,36,23.79373,90.40856,-94.0,19.0
3,36,23.79379,90.40857,-94.0,23.0
3,36,23.79386,90.40857,-93.0,25.0
3,36,23.79393,90.40857,-94.0,25.0
3,36,23.794,90.40856,-90.0,26.0
3,36,23.79406,90.40855,-89.0,24.0
3,36,23.79411,90.40853,-87.0,22.0
3,36,23.79417,90.40851,-90.0,23.0
3,36,23.79423,90.4085,-92.0,23.0
3,36,23.79429,90.40849,-81.0,23.0
3,36,23.79435,90.40848,-90.0,25.0
3,36,23.79442,90.40846,-91.0,25.0
3,36,23.79449,90.40843,-95.0,26.0
3,36,23.79455,90.4084,-96.0,26.0
3,36,23.79462,90.40837,-79.0,28.0
3,36,23.79469,90.40834,-82.0,28.0
3,36,23.79476,90.40831,-79.0,28.0
3,36,23.79483,90.40828,-74.0,28.0
3,36,23.7949,90.40826,-73.0,28.0
3,36,23.79497,90.40824,-73.0,25.0
3,36,23.79503,90.40822,-60.0,23.0
3,36,23.79509,90.40821,-61.0,24.0
3,36,23.79516,90.4082,-61.0,23.0
3,36,23.79522,90.40817,-58.0,23.0
3,36,23.79527,90.40813,-64.0,24.0
3,36,23.79534,90.40811,-64.0,22.0
3,36,23.7954,90.40809,-65.0,26.0
3,36,23.79548,90.40807,-71.0,28.0
3,36,23.79555,90.40804,-72.0,28.0
3,36,23.79562,90.40801,-71.0,26.0
3,36,23.79569,90.40798,-74.0,26.0
3,36,23.79575,90.40794,-78.0,26.0
3,36,23.79581,90.40791,-82.0,24.0
3,36,23.79586,90.40788,-84.0,24.0
3,36,23.79593,90.40785,-81.0,26.0
3,36,23.79599,90.40782,-80.0,25.0
3,36,23.79605,90.40779,-91.0,23.0
3,36,23.79611,90.40777,-89.0,24.0
3,37,23.79617,90.40774,-90.0,24.0
3,37,23.79622,90.40771,-88.0,20.0
3,37,23.79627,90.40769,-89.0,20.0
3,37,23.79631,90.40768,-89.0,17.0
3,37,23.79636,90.40765,-85.0,16.0
3,37,23.7964,90.40761,-92.0,16.0
3,37,23.79643,90.40759,-94.0,10.0
3,37,23.79646,90.40758,-96.0,8.0
3,37,23.79647,90.40757,-95.0,4.0
3,37,23.79649,90.40756,-95.0,3.0
3,37,23.7965,90.40756,-97.0,3.0
3,37,23.79651,90.40756,-94.0,4.0
3,37,23.79652,90.40755,-95.0,6.0
3,37,23.79654,90.40754,-95.0,7.0
3,37,23.79655,90.40753,-97.0,8.0
3,37,23.79658,90.40752,-90.0,8.0
3,37,23.7966,90.40751,-91.0,10.0
3,37,23.79663,90.40749,-93.0,10.0
3,37,23.79665,90.40748,-96.0,9.0
3,37,23.79666,90.40746,-92.0,7.0
3,37,23.79667,90.40745,-93.0,7.0
3,37,23.79668,90.40743,-81.0,6.0
3,37,23.79668,90.40742,-83.0,3.0
3,37,23.79669,90.4074,-99.0,5.0
3,37,23.7967,90.40739,-91.0,9.0
3,37,23.79673,90.40737,-91.0,9.0
3,37,23.79675,90.40735,-92.0,14.0
3,37,23.79679,90.40733,-88.0,14.0
3,37,23.79682,90.40732,-87.0,11.0
3,37,23.79684,90.40731,-92.0,14.0
3,37,23.79688,90.4073,-92.0,14.0
3,37,23.79692,90.40728,-92.0,15.0
3,37,23.79695,90.40725,-94.0,17.0
3,37,23.797,90.40723,-93.0,19.0
3,37,23.79704,90.4072,-95.0,18.0
3,37,23.79708,90.40719,-97.0,18.0
3,37,23.79712,90.40716,-100.0,18.0
3,37,23.79717,90.40713,-101.0,21.0
3,37,23.79722,90.40709,-101.0,22.0
3,37,23.79726,90.40706,-100.0,21.0
3,37,23.79732,90.40702,-104.0,21.0
3,37,23.79737,90.40698,-104.0,22.0
3,37,23.79741,90.40693,-107.0,22.0
3,37,23.79746,90.40689,-87.0,25.0
3,37,23.79752,90.40684,-96.0,27.0
3,37,23.79757,90.40679,-98.0,27.0
3,37,23.79763,90.40673,-91.0,27.0
3,37,23.79767,90.40669,-82.0,22.0
3,37,23.79771,90.40665,-76.0,20.0
3,37,23.79776,90.40663,-73.0,19.0
3,37,23.7978,90.40659,-69.0,19.0
3,37,23.79785,90.40656,-70.0,19.0
3,37,23.79788,90.40652,-60.0,15.0
3,37,23.79791,90.4065,-65.0,11.0
3,37,23.79792,90.40648,-62.0,6.0
3,37,23.79794,90.40648,-64.0,6.0
3,37,23.79794,90.40648,-67.0,1.0
3,37,23.79795,90.40648,-67.0,1.0
3,37,23.79796,90.40648,-66.0,2.0
3,37,23.79797,90.40648,-67.0,2.0
3,37,23.79798,90.40649,-67.0,2.0
3,37,23.79799,90.40649,-69.0,2.0
3,37,23.79801,90.40649,-67.0,2.0
3,37,23.79802,90.4065,-65.0,1.0
3,37,23.79803,90.40649,-64.0,2.0
3,37,23.79804,90.40648,-63.0,2.0
3,37,23.79805,90.40647,-67.0,5.0
3,37,23.79806,90.40646,-61.0,5.0
3,37,23.79805,90.40647,-60.0,1.0
3,37,23.79804,90.40647,-60.0,2.0
3,37,23.79803,90.40647,-62.0,2.0
3,37,23.79803,90.40647,-60.0,2.0
3,37,23.79805,90.40645,-53.0,6.0
3,37,23.79809,90.40643,-64.0,9.0
3,37,23.79812,90.4064,-66.0,10.0
3,37,23.79812,90.40639,-70.0,10.0
3,37,23.79814,90.40638,-75.0,8.0
3,37,23.79816,90.40634,-75.0,17.0
3,37,23.79819,90.40628,-77.0,22.0
3,37,23.79822,90.40622,-82.0,21.0
3,37,23.79825,90.40615,-84.0,21.0
3,37,23.79827,90.40608,-87.0,24.0
3,37,23.7983,90.406,-90.0,27.0
3,37,23.79834,90.40593,-90.0,28.0
3,37,23.79837,90.40585,-87.0,29.0
3,37,23.7984,90.40576,-83.0,29.0
3,37,23.79844,90.40568,-81.0,30.0
3,37,23.79848,90.40559,-79.0,31.0
3,37,23.79851,90.4055,-74.0,30.0
3,37,23.79854,90.40542,-74.0,32.0
3,37,23.79858,90.40535,-73.0,32.0
3,37,23.7986,90.40528,-75.0,28.0
3,37,23.79863,90.40521,-76.0,29.0
3,37,23.79865,90.40512,-76.0,32.0
3,37,23.79868,90.40503,-75.0,33.0
3,37,23.79871,90.40494,-77.0,33.0
3,37,23.79873,90.40485,-77.0,30.0
3,37,23.79875,90.40478,-77.0,25.0
3,37,23.79876,90.40472,-79.0,21.0
3,37,23.79878,90.40466,-80.0,21.0
3,37,23.7988,90.40459,-82.0,21.0
3,37,23.79882,90.40451,-84.0,28.0
3,37,23.79884,90.40443,-85.0,30.0
3,37,23.79885,90.40434,-85.0,32.0
3,37,23.79886,90.40425,-84.0,29.0
3,37,23.79887,90.40418,-84.0,26.0
3,37,23.79887,90.40412,-86.0,23.0
3,37,23.79889,90.40406,-90.0,23.0
3,37,23.79889,90.40402,-94.0,18.0
3,37,23.7989,90.40397,-94.0,17.0
3,37,23.79891,90.4039,-97.0,20.0
3,37,23.79891,90.40384,-93.0,21.0
3,37,23.79892,90.40378,-91.0,24.0
3,37,23.79893,90.4037,-89.0,27.0
3,37,23.79894,90.40363,-80.0,27.0
3,37,23.79894,90.40354,-86.0,27.0
3,37,23.79894,90.40347,-85.0,23.0
3,37,23.79896,90.40341,-87.0,23.0
3,37,23.79897,90.40334,-82.0,24.0
3,37,23.79899,90.40327,-76.0,26.0
3,37,23.799,90.4032,-81.0,26.0
3,37,23.79901,90.40313,-75.0,24.0
3,37,23.79902,90.40305,-78.0,24.0
3,37,23.79903,90.40298,-80.0,27.0
3,37,23.79904,90.40291,-80.0,21.0
3,37,23.79906,90.40286,-80.0,21.0
3,37,23.79906,90.40281,-78.0,11.0
3,37,23.79907,90.40278,-79.0,8.0
3,37,23.79907,90.40276,-76.0,5.0
3,37,23.79907,90.40274,-77.0,3.0
3,37,23.79907,90.40273,-79.0,3.0
3,37,23.79907,90.40272,-80.0,1.0
3,37,23.79907,90.40272,-78.0,0.0
3,37,23.79907,90.40272,-79.0,1.0
3,37,23.79906,90.40271,-81.0,0.0
3,37,23.79906,90.40272,-77.0,0.0
3,37,23.79906,90.40272,-76.0,0.0
3,37,23.79906,90.40272,-77.0,0.0
3,37,23.79906,90.40271,-78.0,0.0
3,37,23.79907,90.40271,-80.0,0.0
3,37,23.79906,90.40272,-82.0,0.0
3,37,23.79906,90.40271,-76.0,0.0
3,37,23.79906,90.4027,-76.0,1.0
3,37,23.79905,90.40269,-72.0,1.0
3,37,23.79905,90.40268,-74.0,1.0
3,37,23.79904,90.40268,-77.0,1.0
3,37,23.79904,90.40268,-77.0,0.0
3,37,23.79904,90.40268,-78.0,1.0
3,37,23.79904,90.40268,-81.0,1.0
3,37,23.79904,90.40268,-77.0,0.0
3,37,23.79904,90.40268,-82.0,0.0
3,37,23.79904,90.40268,-81.0,1.0
3,37,23.79904,90.40268,-78.0,0.0
3,37,23.79905,90.40269,-81.0,0.0
3,37,23.79905,90.40269,-82.0,0.0
3,37,23.79905,90.40269,-79.0,0.0
3,37,23.79905,90.40269,-79.0,0.0
3,37,23.79905,90.40269,-82.0,1.0
3,37,23.79905,90.40269,-82.0,0.0
3,37,23.79905,90.4027,-83.0,0.0
3,37,23.79905,90.4027,-79.0,0.0
3,37,23.79905,90.4027,-80.0,0.0
3,37,23.79905,90.4027,-81.0,0.0
3,37,23.79906,90.4027,-81.0,0.0
3,37,23.79906,90.40271,-79.0,0.0
3,37,23.79906,90.40271,-78.0,0.0
3,37,23.79906,90.40272,-77.0,1.0
3,37,23.79906,90.40272,-76.0,0.0
3,37,23.79906,90.40272,-75.0,0.0
3,37,23.79906,90.40272,-78.0,1.0
3,37,23.79906,90.40272,-81.0,1.0
3,37,23.79906,90.40272,-77.0,0.0
3,37,23.79906,90.40272,-77.0,0.0
3,37,23.79906,90.40272,-81.0,0.0
3,37,23.79907,90.40273,-81.0,0.0
3,37,23.79907,90.40273,-79.0,0.0
3,37,23.79907,90.40273,-78.0,0.0
3,37,23.79907,90.40273,-79.0,0.0
3,37,23.79907,90.40273,-78.0,0.0
3,37,23.79907,90.40273,-80.0,0.0
3,38,23.79907,90.40273,-79.0,0.0
3,38,23.79907,90.40273,-78.0,0.0
3,38,23.79907,90.40273,-78.0,1.0
3,38,23.79907,90.40273,-79.0,0.0
3,38,23.79907,90.40273,-81.0,0.0
3,38,23.79908,90.40273,-80.0,0.0
3,38,23.79908,90.40273,-79.0,1.0
3,38,23.79908,90.40272,-80.0,1.0
3,38,23.79908,90.40272,-80.0,0.0
3,38,23.79908,90.40272,-80.0,0.0
3,38,23.79908,90.40272,-81.0,0.0
3,38,23.79908,90.40272,-80.0,0.0
3,38,23.79909,90.40272,-81.0,1.0
3,38,23.79909,90.40272,-78.0,0.0
3,38,23.79909,90.40272,-79.0,0.0
3,38,23.79909,90.40271,-82.0,0.0
3,38,23.79908,90.40271,-82.0,0.0
3,38,23.79908,90.40271,-84.0,0.0
3,38,23.79908,90.40271,-81.0,0.0
3,38,23.79908,90.40271,-75.0,0.0
3,38,23.79908,90.40271,-75.0,0.0
3,38,23.79908,90.40271,-78.0,0.0
3,38,23.79908,90.40271,-81.0,0.0
3,38,23.79908,90.40271,-81.0,0.0
3,38,23.79908,90.40271,-78.0,0.0
3,38,23.79908,90.4027,-78.0,0.0
3,38,23.79908,90.4027,-77.0,0.0
3,38,23.79908,90.4027,-80.0,1.0
3,38,23.79908,90.4027,-75.0,0.0
3,38,23.79908,90.4027,-79.0,0.0
3,38,23.79908,90.4027,-80.0,0.0
3,38,23.79908,90.4027,-79.0,0.0
3,38,23.79908,90.4027,-80.0,0.0
3,38,23.79908,90.4027,-78.0,1.0
3,38,23.79908,90.4027,-80.0,1.0
3,38,23.79908,90.40271,-81.0,1.0
3,38,23.79908,90.40271,-82.0,2.0
3,38,23.79909,90.40271,-79.0,1.0
3,38,23.79909,90.40271,-79.0,1.0
3,38,23.79909,90.40272,-81.0,2.0
3,38,23.79909,90.40272,-80.0,2.0
3,38,23.79909,90.40272,-81.0,0.0
3,38,23.79909,90.40272,-82.0,0.0
3,38,23.79908,90.40272,-82.0,0.0
3,38,23.79908,90.40272,-80.0,0.0
3,38,23.79909,90.40272,-80.0,0.0
3,38,23.79909,90.40272,-80.0,1.0
3,38,23.79909,90.40272,-79.0,1.0
3,38,23.79909,90.40272,-79.0,1.0
3,38,23.79909,90.40272,-80.0,1.0
3,38,23.79909,90.40271,-80.0,1.0
3,38,23.79909,90.4027,-79.0,4.0
3,38,23.79909,90.40269,-79.0,4.0
3,38,23.79909,90.40269,-78.0,2.0
3,38,23.79908,90.40268,-79.0,2.0
3,38,23.79907,90.40268,-81.0,2.0
3,38,23.79907,90.40267,-81.0,1.0
3,38,23.79907,90.40267,-80.0,0.0
3,38,23.79906,90.40267,-83.0,1.0
3,38,23.79906,90.40267,-79.0,1.0
3,38,23.79906,90.40267,-81.0,1.0
3,38,23.79905,90.40267,-81.0,3.0
3,38,23.79905,90.40267,-78.0,1.0
3,38,23.79905,90.40266,-79.0,1.0
3,38,23.79905,90.40266,-80.0,1.0
3,38,23.79905,90.40266,-76.0,1.0
3,38,23.79905,90.40265,-81.0,5.0
3,38,23.79905,90.40263,-81.0,9.0
3,38,23.79906,90.4026,-83.0,11.0
3,38,23.79907,90.40256,-79.0,13.0
3,38,23.79908,90.40252,-82.0,13.0
3,38,23.79909,90.40248,-81.0,20.0
3,38,23.79912,90.40242,-75.0,20.0
3,38,23.79913,90.40238,-83.0,19.0
3,38,23.79914,90.40232,-74.0,19.0
3,38,23.79914,90.40227,-74.0,19.0
3,38,23.79914,90.40221,-74.0,21.0
3,38,23.79915,90.40215,-67.0,20.0
3,38,23.79915,90.4021,-69.0,17.0
3,38,23.79916,90.40205,-68.0,18.0
3,38,23.79917,90.40201,-68.0,18.0
3,38,23.79918,90.40197,-71.0,13.0
3,38,23.79919,90.40194,-64.0,10.0
3,38,23.7992,90.40193,-71.0,7.0
3,38,23.79922,90.40191,-69.0,7.0
3,38,23.79923,90.4019,-74.0,7.0
3,38,23.79924,90.4019,-72.0,5.0
3,38,23.79925,90.4019,-75.0,4.0
3,38,23.79926,90.4019,-73.0,4.0
3,38,23.79926,90.4019,-69.0,3.0
3,38,23.79925,90.4019,-70.0,3.0
3,38,23.79925,90.40189,-66.0,6.0
3,38,23.79926,90.40188,-68.0,5.0
3,38,23.79926,90.40188,-70.0,2.0
3,38,23.79927,90.40186,-71.0,3.0
3,38,23.79927,90.40186,-67.0,3.0
3,38,23.79928,90.40185,-65.0,3.0
3,38,23.79928,90.40185,-66.0,2.0
3,38,23.79928,90.40185,-72.0,1.0
3,38,23.79929,90.40186,-71.0,1.0
3,38,23.79929,90.40186,-71.0,1.0
3,38,23.7993,90.40186,-67.0,1.0
3,38,23.7993,90.40186,-69.0,1.0
3,38,23.79931,90.40187,-64.0,1.0
3,38,23.79931,90.40187,-67.0,1.0
3,38,23.79932,90.40187,-68.0,1.0
3,38,23.79932,90.40187,-66.0,3.0
3,38,23.79933,90.40186,-73.0,5.0
3,38,23.79934,90.40185,-69.0,6.0
3,38,23.79935,90.40184,-67.0,7.0
3,38,23.79936,90.40182,-72.0,7.0
3,38,23.79937,90.40181,-68.0,5.0
3,38,23.79939,90.40181,-70.0,4.0
3,38,23.7994,90.4018,-71.0,8.0
3,38,23.79943,90.4018,-76.0,13.0
3,38,23.79948,90.40181,-76.0,13.0
3,38,23.79953,90.40181,-77.0,24.0
3,38,23.7996,90.40183,-81.0,29.0
3,38,23.79968,90.40185,-86.0,33.0
3,38,23.79976,90.40186,-85.0,34.0
3,38,23.79985,90.40187,-86.0,34.0
3,38,23.79994,90.40189,-88.0,35.0
3,38,23.80003,90.4019,-86.0,36.0
3,38,23.80012,90.40191,-88.0,35.0
3,38,23.80021,90.40192,-87.0,35.0
3,38,23.8003,90.40193,-90.0,35.0
3,38,23.80039,90.40194,-88.0,38.0
3,38,23.80049,90.40196,-83.0,40.0
3,38,23.8006,90.40198,-79.0,41.0
3,38,23.8007,90.40199,-76.0,42.0
3,38,23.80081,90.40201,-74.0,42.0
3,38,23.80092,90.40203,-78.0,43.0
3,38,23.80103,90.40204,-73.0,43.0
3,38,23.80114,90.40206,-79.0,44.0
3,38,23.80125,90.40207,-71.0,43.0
3,38,23.80136,90.40209,-73.0,43.0
3,38,23.80146,90.4021,-70.0,40.0
3,38,23.80156,90.40211,-71.0,40.0
3,38,23.80166,90.40212,-72.0,37.0
3,38,23.80175,90.40213,-69.0,32.0
3,38,23.80182,90.40214,-73.0,32.0
3,38,23.80189,90.40215,-74.0,25.0
3,38,23.80195,90.40215,-72.0,24.0
3,38,23.80201,90.40216,-73.0,25.0
3,38,23.80208,90.40217,-71.0,28.0
3,38,23.80215,90.40218,-75.0,28.0
3,38,23.80223,90.40219,-74.0,32.0
3,38,23.80231,90.40221,-79.0,32.0
3,38,23.80239,90.40222,-82.0,31.0
3,38,23.80247,90.40223,-83.0,31.0
3,38,23.80255,90.40224,-71.0,31.0
3,38,23.80264,90.40225,-69.0,36.0
3,38,23.80273,90.40226,-71.0,38.0
3,38,23.80283,90.40228,-79.0,39.0
3,38,23.80293,90.40229,-85.0,39.0
3,38,23.80302,90.4023,-89.0,39.0
3,38,23.80312,90.40231,-83.0,38.0
3,38,23.80321,90.40231,-85.0,36.0
3,38,23.80331,90.40233,-83.0,37.0
3,38,23.80341,90.40234,-77.0,39.0
3,38,23.80351,90.40234,-79.0,40.0
3,38,23.80361,90.40234,-86.0,40.0
3,38,23.8037,90.40233,-86.0,40.0
3,38,23.8038,90.40233,-79.0,40.0
3,38,23.8039,90.40233,-75.0,40.0
3,38,23.804,90.40232,-73.0,40.0
3,38,23.8041,90.40232,-76.0,40.0
3,38,23.8042,90.40231,-84.0,40.0
3,38,23.8043,90.40231,-88.0,40.0
3,38,23.8044,90.40231,-82.0,40.0
3,38,23.8045,90.40231,-82.0,40.0
3,38,23.8046,90.4023,-80.0,40.0
3,38,23.8047,90.4023,-85.0,40.0
3,38,23.8048,90.40229,-77.0,40.0
3,38,23.8049,90.40229,-78.0,40.0
3,38,23.804965,90.40249,-74.0,36.5
3,38,23.80503,90.40269,-74.0,33.0
3,38,23.80516,90.40279,-75.0,34.0
3,38,23.80526,90.40261,-75.0,32.0
3,38,23.80542,90.40267,-78.0,39.0
3,39,23.8052,90.40234,-74.0,39.0
3,39,23.80568,90.40271,-76.0,44.0
3,39,23.80574,90.40272,-81.0,45.0
3,39,23.80568,90.40269,-80.0,43.0
3,39,23.80572,90.40271,-79.0,38.0
3,39,23.80579,90.40273,-78.0,34.0
3,39,23.8059,90.40275,-82.0,34.0
3,39,23.80601,90.40277,-82.0,35.0
3,39,23.80613,90.4028,-82.0,36.0
3,39,23.80622,90.40281,-84.0,36.0
3,39,23.80632,90.40283,-86.0,36.0
3,39,23.80642,90.40284,-90.0,32.0
3,39,23.80651,90.40286,-87.0,31.0
3,39,23.80658,90.40287,-87.0,30.0
3,39,23.80665,90.40286,-89.0,29.0
3,39,23.80671,90.40287,-79.0,29.0
3,39,23.80678,90.40289,-79.0,30.0
3,39,23.80685,90.40289,-84.0,29.0
3,39,23.80692,90.40289,-85.0,28.0
3,39,23.80699,90.40287,-84.0,29.0
3,39,23.80709,90.40287,-88.0,29.0
3,39,23.8072,90.40287,-80.0,40.0
3,39,23.80732,90.40289,-84.0,43.0
3,39,23.80744,90.40291,-81.0,42.0
3,39,23.80756,90.40293,-82.0,43.0
3,39,23.80768,90.40295,-79.0,43.0
3,39,23.80779,90.40297,-77.0,45.0
3,39,23.8079,90.40298,-79.0,45.0
3,39,23.80802,90.403,-80.0,44.0
3,39,23.80814,90.40302,-81.0,43.0
3,39,23.80824,90.40303,-76.0,43.0
3,39,23.80834,90.40304,-76.0,40.0
3,39,23.80845,90.40306,-76.0,40.0
3,39,23.80854,90.40308,-76.0,37.0
3,39,23.80863,90.40309,-77.0,36.0
3,39,23.80873,90.40311,-78.0,36.0
3,39,23.80881,90.40312,-78.0,34.0
3,39,23.8089,90.40313,-79.0,32.0
3,39,23.80898,90.40314,-87.0,32.0
3,39,23.80906,90.40315,-85.0,31.0
3,39,23.80914,90.40315,-89.0,31.0
3,39,23.80923,90.40315,-90.0,36.0
3,39,23.80933,90.40315,-89.0,37.0
3,39,23.80943,90.40315,-93.0,39.0
3,39,23.80952,90.40317,-86.0,39.0
3,39,23.80962,90.40319,-91.0,39.0
3,39,23.80971,90.4032,-88.0,39.0
3,39,23.8098,90.40321,-92.0,36.0
3,39,23.80989,90.40323,-92.0,34.0
3,39,23.80997,90.40324,-96.0,31.0
3,39,23.81004,90.40325,-95.0,29.0
3,39,23.8101,90.40327,-95.0,25.0
3,39,23.81016,90.40327,-96.0,20.0
3,39,23.81019,90.40327,-95.0,14.0
3,39,23.81022,90.40327,-96.0,12.0
3,39,23.81025,90.40326,-97.0,12.0
3,39,23.81027,90.40325,-96.0,13.0
3,39,23.81031,90.40324,-94.0,15.0
3,39,23.81035,90.40325,-96.0,19.0
3,39,23.81041,90.40327,-93.0,25.0
3,39,23.81047,90.40329,-88.0,26.0
3,39,23.81054,90.40331,-92.0,28.0
3,39,23.81061,90.40333,-92.0,31.0
3,39,23.81069,90.40335,-88.0,33.0
3,39,23.81077,90.40337,-89.0,33.0
3,39,23.81085,90.40338,-88.0,30.0
3,39,23.81092,90.40339,-89.0,25.0
3,39,23.81098,90.4034,-87.0,20.0
3,39,23.81103,90.4034,-86.0,19.0
3,39,23.81108,90.40341,-87.0,20.0
3,39,23.81113,90.40342,-80.0,20.0
3,39,23.81118,90.40343,-80.0,21.0
3,39,23.81124,90.40343,-80.0,21.0
3,39,23.81129,90.40344,-76.0,23.0
3,39,23.81135,90.40345,-65.0,25.0
3,39,23.81142,90.40346,-65.0,25.0
3,39,23.81148,90.40348,-71.0,24.0
3,39,23.81153,90.40352,-70.0,25.0
3,39,23.8116,90.40356,-67.0,29.0
3,39,23.81166,90.4036,-71.0,27.0
3,39,23.81172,90.40363,-77.0,27.0
3,39,23.8118,90.40367,-83.0,35.0
3,39,23.81189,90.40369,-91.0,37.0
3,39,23.812,90.40371,-88.0,39.0
3,39,23.8121,90.40373,-88.0,39.0
3,39,23.8122,90.40374,-85.0,39.0
3,39,23.81231,90.40376,-81.0,40.0
3,39,23.81241,90.40379,-85.0,42.0
3,39,23.81252,90.40382,-84.0,44.0
3,39,23.81264,90.40384,-89.0,47.0
3,39,23.81276,90.40386,-89.0,49.0
3,39,23.81289,90.40389,-94.0,50.0
3,39,23.81302,90.40391,-96.0,50.0
3,39,23.81314,90.40394,-89.0,49.0
3,39,23.81326,90.40397,-99.0,48.0
3,39,23.81339,90.404,-102.0,48.0
3,39,23.81351,90.40404,-102.0,49.0
3,39,23.81363,90.40407,-98.0,48.0
3,39,23.81375,90.40409,-99.0,50.0
3,39,23.81388,90.40412,-101.0,50.0
3,39,23.814,90.40415,-96.0,50.0
3,39,23.81413,90.40418,-97.0,50.0
3,39,23.81426,90.40421,-98.0,51.0
3,39,23.81438,90.40423,-86.0,49.0
3,39,23.81449,90.40425,-92.0,46.0
3,39,23.8146,90.40427,-90.0,46.0
3,39,23.8147,90.40429,-91.0,38.0
3,39,23.81478,90.4043,-85.0,34.0
3,39,23.81486,90.40432,-78.0,31.0
3,39,23.81493,90.40435,-79.0,30.0
3,39,23.815,90.40436,-81.0,27.0
3,39,23.81506,90.40437,-79.0,24.0
3,39,23.81511,90.40438,-83.0,23.0
3,39,23.81517,90.40439,-89.0,22.0
3,39,23.81522,90.40441,-82.0,20.0
3,39,23.81526,90.40442,-80.0,17.0
3,39,23.8153,90.40443,-81.0,14.0
3,39,23.81532,90.40444,-78.0,12.0
3,39,23.81534,90.40445,-81.0,5.0
3,39,23.81535,90.40444,-80.0,2.0
3,39,23.81535,90.40444,-74.0,2.0
3,39,23.81535,90.40443,-77.0,1.0
3,39,23.81534,90.40442,-80.0,2.0
3,39,23.81534,90.40441,-78.0,2.0
3,39,23.81534,90.40441,-77.0,1.0
3,39,23.81534,90.40441,-82.0,1.0
3,39,23.81533,90.40441,-77.0,2.0
3,39,23.81535,90.40442,-77.0,8.0
3,39,23.81537,90.40442,-77.0,8.0
3,39,23.81538,90.40442,-82.0,2.0
3,39,23.81538,90.40443,-81.0,2.0
3,39,23.81538,90.40443,-83.0,0.0
3,39,23.81538,90.40443,-80.0,0.0
3,39,23.81537,90.40443,-81.0,2.0
3,39,23.81537,90.40443,-81.0,1.0
3,39,23.81537,90.40442,-81.0,1.0
3,39,23.81538,90.40441,-82.0,3.0
3,39,23.81539,90.40441,-82.0,4.0
3,39,23.8154,90.40441,-75.0,3.0
3,39,23.8154,90.40442,-76.0,2.0
3,39,23.8154,90.40442,-74.0,2.0
3,39,23.81541,90.40442,-77.0,2.0
3,39,23.81541,90.40442,-78.0,3.0
3,39,23.81542,90.40442,-76.0,4.0
3,39,23.81542,90.40445,-77.0,6.0
3,39,23.81543,90.40446,-77.0,6.0
3,39,23.81545,90.40447,-79.0,5.0
3,39,23.81546,90.40448,-83.0,6.0
3,39,23.81547,90.40449,-80.0,4.0
3,39,23.81548,90.4045,-84.0,6.0
3,39,23.8155,90.4045,-87.0,6.0
3,39,23.81551,90.40449,-88.0,5.0
3,39,23.81553,90.4045,-82.0,6.0
3,39,23.81555,90.40451,-82.0,8.0
3,39,23.81557,90.4045,-85.0,10.0
3,39,23.81559,90.40449,-85.0,10.0
3,39,23.81561,90.40447,-85.0,8.0
3,39,23.81564,90.40445,-85.0,9.0
3,39,23.81566,90.40443,-84.0,9.0
3,39,23.81569,90.40442,-83.0,12.0
3,39,23.81573,90.40442,-82.0,15.0
3,39,23.81577,90.40443,-81.0,15.0
3,39,23.8158,90.40445,-79.0,13.0
3,39,23.81583,90.40447,-77.0,12.0
3,39,23.81586,90.40449,-78.0,15.0
3,39,23.81589,90.40451,-78.0,15.0
3,39,23.81593,90.40453,-78.0,15.0
3,39,23.81596,90.40455,-78.0,12.0
3,39,23.81598,90.40457,-110.0,9.0
3,39,23.816,90.40458,-91.0,7.0
3,39,23.81602,90.40457,-99.0,7.0
3,39,23.81605,90.40455,-105.0,15.0
3,39,23.81608,90.40453,-99.0,13.0
3,39,23.8161,90.4045,-92.0,12.0
3,39,23.81611,90.40447,-100.0,13.0
3,39,23.81612,90.40443,-93.0,13.0
3,39,23.81613,90.4044,-94.0,10.0
3,39,23.81615,90.40438,-97.0,10.0
3,39,23.81616,90.40435,-98.0,13.0
3,39,23.81617,90.40432,-102.0,16.0
3,40,23.81618,90.40429,-76.0,16.0
3,40,23.81619,90.40426,-78.0,13.0
3,40,23.8162,90.40422,-79.0,11.0
3,40,23.81621,90.40419,-78.0,12.0
3,40,23.8162,90.40414,-82.0,15.0
3,40,23.8162,90.40408,-79.0,15.0
3,40,23.81619,90.40402,-76.0,18.0
3,40,23.8162,90.40397,-88.0,19.0
3,40,23.8162,90.40392,-78.0,20.0
3,40,23.81621,90.40385,-78.0,20.0
3,40,23.81623,90.40379,-84.0,20.0
3,40,23.81625,90.40372,-85.0,17.0
3,40,23.81626,90.40363,-85.0,19.0
3,40,23.81626,90.4035,-81.0,26.0
3,40,23.81626,90.40338,-79.0,32.0
3,40,23.81626,90.40327,-82.0,32.0
3,40,23.81627,90.40318,-85.0,30.0
3,40,23.81628,90.4031,-84.0,30.0
3,40,23.8163,90.40302,-79.0,30.0
3,40,23.81632,90.40287,-78.0,37.0
3,40,23.81635,90.40269,-85.0,37.0
3,40,23.81636,90.40254,-94.0,38.0
3,40,23.81637,90.40241,-88.0,36.0
3,40,23.81639,90.40227,-75.0,36.0
3,40,23.8164,90.40213,-74.0,39.0
3,40,23.81642,90.402,-70.5,39.0
3,40,23.81642,90.40186,-67.0,39.0
3,40,23.81643,90.40173,-88.0,37.0
3,40,23.81645,90.40159,-89.0,40.0
3,40,23.81647,90.40145,-73.0,41.0
3,40,23.81649,90.40131,-91.0,41.0
3,40,23.81651,90.40119,-78.0,38.0
3,40,23.81653,90.40106,-99.0,38.0
3,40,23.81655,90.40094,-99.0,39.0
3,40,23.81657,90.40083,-77.0,36.0
3,40,23.81658,90.40072,-85.0,36.0
3,40,23.81657,90.40065,-88.0,27.0
3,40,23.81655,90.4006,-87.5,22.0
3,40,23.81653,90.40054,-87.0,18.0
3,40,23.81651,90.40049,-87.0,14.0
3,40,23.81648,90.40043,-89.0,14.0
3,40,23.81645,90.40038,-84.0,10.0
3,40,23.81641,90.40038,-93.0,13.0
3,40,23.81635,90.40037,-95.0,19.0
3,40,23.81629,90.40033,-94.0,24.0
3,40,23.81621,90.40031,-94.0,26.0
3,40,23.81614,90.40029,-87.0,28.0
3,40,23.81606,90.40027,-87.0,28.0
3,40,23.81599,90.40026,-80.0,29.0
3,40,23.8159,90.40026,-80.0,30.0
3,40,23.81582,90.40026,-92.0,30.0
3,40,23.81574,90.40026,-73.0,28.0
3,40,23.81567,90.40026,-73.0,26.0
3,40,23.81559,90.40026,-90.0,29.0
3,40,23.81551,90.40027,-79.0,28.0
3,40,23.81543,90.40027,-79.0,27.0
3,40,23.81535,90.40027,-79.0,31.0
3,40,23.81526,90.40027,-77.0,31.0
3,40,23.81518,90.40026,-82.0,32.0
3,40,23.81509,90.40025,-86.0,32.0
3,40,23.81501,90.40024,-87.0,31.0
3,40,23.81493,90.40023,-69.0,29.0
3,40,23.81487,90.4002,-96.0,28.0
3,40,23.81478,90.4002,-77.0,33.0
3,40,23.81469,90.40022,-77.0,35.0
3,40,23.81459,90.40024,-76.0,35.0
3,40,23.81451,90.40026,-76.0,31.0
3,40,23.81443,90.40027,-76.0,26.0
3,40,23.81436,90.40027,-75.0,23.0
3,40,23.81429,90.40027,-63.0,25.0
3,40,23.81422,90.40027,-63.0,25.0
3,40,23.81416,90.40027,-72.0,25.0
3,40,23.81409,90.40027,-72.0,27.0
3,40,23.81401,90.40027,-70.0,29.0
3,40,23.81394,90.40027,-69.0,29.0
3,40,23.81387,90.40026,-71.0,29.0
3,40,23.81379,90.40025,-64.0,27.0
3,40,23.81372,90.40024,-72.0,27.0
3,40,23.81365,90.40024,-77.0,26.0
3,40,23.81359,90.40023,-82.0,25.0
3,40,23.81352,90.40021,-78.0,25.0
3,40,23.81345,90.40019,-72.0,27.0
3,40,23.81339,90.40018,-75.0,26.0
3,40,23.81332,90.40016,-76.0,25.0
3,40,23.81326,90.40015,-76.0,26.0
3,40,23.8132,90.40013,-78.0,26.0
3,40,23.81314,90.40011,-76.0,24.0
3,40,23.81308,90.4001,-75.0,22.0
3,40,23.81303,90.40009,-75.0,20.0
3,40,23.81298,90.40008,-76.0,18.0
3,40,23.81293,90.40007,-74.0,18.0
3,40,23.8129,90.40005,-81.0,14.0
3,40,23.81286,90.40004,-82.0,13.0
3,40,23.81283,90.40003,-84.0,12.0
3,40,23.8128,90.40002,-82.0,11.0
3,40,23.81277,90.40002,-78.0,11.0
3,40,23.81275,90.40001,-82.0,10.0
3,40,23.81272,90.4,-85.0,10.0
3,40,23.8127,90.4,-86.0,10.0
3,40,23.81267,90.39999,-85.0,10.0
3,40,23.81264,90.39998,-84.0,13.0
3,40,23.81261,90.39997,-79.0,15.0
3,40,23.81257,90.39996,-86.0,15.0
3,40,23.81253,90.39995,-86.0,13.0
3,40,23.8125,90.39994,-86.0,12.0
3,40,23.81248,90.39993,-87.0,10.0
3,40,23.81246,90.39992,-90.0,6.0
3,40,23.81244,90.39992,-91.0,4.0
3,40,23.81243,90.39991,-87.0,3.0
3,40,23.81243,90.39991,-88.0,1.0
3,40,23.81242,90.39991,-85.0,1.0
3,40,23.81242,90.39991,-87.0,0.0
3,40,23.81242,90.39991,-91.0,1.0
3,40,23.81242,90.3999,-90.0,1.0
3,40,23.81242,90.3999,-89.0,0.0
3,40,23.81242,90.3999,-89.0,1.0
3,40,23.81242,90.3999,-88.0,0.0
3,40,23.81242,90.3999,-88.0,0.0
3,40,23.81242,90.3999,-87.0,0.0
3,40,23.81242,90.3999,-86.0,2.0
3,40,23.8124,90.3999,-89.0,9.0
3,40,23.81237,90.39989,-88.0,13.0
3,40,23.81234,90.39988,-86.0,12.0
3,40,23.81231,90.39987,-85.0,11.0
3,40,23.81229,90.39986,-86.0,11.0
3,40,23.81226,90.39984,-89.0,9.0
3,40,23.81224,90.39983,-85.0,10.0
3,40,23.81221,90.39982,-86.0,9.0
3,40,23.81219,90.39981,-86.0,7.0
3,40,23.81217,90.3998,-88.0,8.0
3,40,23.81214,90.39979,-89.0,8.0
3,40,23.81211,90.39978,-89.0,11.0
3,40,23.81208,90.39976,-89.0,11.0
3,40,23.81205,90.39975,-90.0,12.0
3,40,23.81202,90.39974,-92.0,10.0
3,40,23.81199,90.39973,-90.0,10.0
3,40,23.81196,90.39972,-91.0,10.0
3,40,23.81194,90.39971,-91.0,9.0
3,40,23.81191,90.3997,-92.0,8.0
3,40,23.81189,90.3997,-93.0,7.0
3,40,23.81187,90.39969,-94.0,7.0
3,40,23.81185,90.39968,-89.0,6.0
3,40,23.81183,90.39968,-91.0,8.0
3,40,23.8118,90.39967,-97.0,8.0
3,40,23.81178,90.39966,-94.0,9.0
3,40,23.81175,90.39965,-95.0,9.0
3,40,23.81172,90.39965,-100.0,9.0
3,40,23.8117,90.39964,-98.0,7.0
3,40,23.81168,90.39963,-97.0,6.0
3,40,23.81166,90.39962,-99.0,4.0
3,40,23.81165,90.39962,-97.0,4.0
3,40,23.81163,90.39961,-94.0,6.0
3,40,23.81162,90.39961,-91.0,5.0
3,40,23.8116,90.3996,-91.0,6.0
3,40,23.81158,90.3996,-95.0,6.0
3,40,23.81157,90.39959,-92.0,6.0
3,40,23.81155,90.39959,-95.0,6.0
3,40,23.81154,90.39959,-89.0,5.0
3,40,23.81152,90.39959,-94.0,6.0
3,40,23.8115,90.39958,-94.0,9.0
3,40,23.81147,90.39958,-92.0,9.0
3,40,23.81144,90.39957,-94.0,15.0
3,40,23.8114,90.39956,-94.0,14.0
3,40,23.81137,90.39954,-97.0,10.0
3,40,23.81134,90.39954,-91.0,7.0
3,40,23.81133,90.39953,-93.0,7.0
3,40,23.81132,90.39953,-95.0,1.0
3,40,23.81132,90.39953,-96.0,0.0
3,40,23.81132,90.39953,-96.0,0.0
3,40,23.81132,90.39952,-96.0,0.0
3,40,23.81132,90.39952,-96.0,0.0
3,40,23.81132,90.39952,-96.0,0.0
3,40,23.81132,90.39952,-97.0,0.0
3,40,23.81132,90.39952,-96.0,0.0
3,40,23.81132,90.39952,-96.0,0.0
3,40,23.81132,90.39952,-96.0,0.0
3,40,23.81132,90.39952,-94.0,0.0
3,40,23.81132,90.39952,-94.0,0.0
3,40,23.81132,90.39952,-97.0,0.0
3,40,23.81132,90.39952,-96.0,1.0
3,41,23.81132,90.39952,-95.0,1.0
3,41,23.81132,90.39952,-96.0,0.0
3,41,23.81132,90.39952,-94.0,0.0
3,41,23.81132,90.39952,-96.0,0.0
3,41,23.81132,90.39952,-96.0,0.0
3,41,23.81132,90.39952,-96.0,0.0
3,41,23.81132,90.39952,-96.0,0.0
3,41,23.81132,90.39952,-96.0,0.0
3,41,23.81131,90.39952,-95.0,0.0
3,41,23.81131,90.39952,-97.0,0.0
3,41,23.81131,90.39952,-96.0,0.0
3,41,23.8113,90.39952,-95.0,0.0
3,41,23.8113,90.39952,-96.0,0.0
3,41,23.8113,90.39952,-96.0,0.0
3,41,23.8113,90.39952,-96.0,0.0
3,41,23.8113,90.39952,-94.0,0.0
3,41,23.81129,90.39952,-95.0,0.0
3,41,23.81129,90.39951,-91.0,5.0
3,41,23.81126,90.39951,-94.0,11.0
3,41,23.81123,90.3995,-99.0,13.0
3,41,23.8112,90.39949,-94.0,13.0
3,41,23.81116,90.39947,-95.0,17.0
3,41,23.81112,90.39946,-95.0,20.0
3,41,23.81107,90.39945,-88.0,21.0
3,41,23.81102,90.39943,-90.0,20.0
3,41,23.81096,90.39942,-89.0,20.0
3,41,23.81091,90.39941,-84.0,22.0
3,41,23.81085,90.3994,-84.0,23.0
3,41,23.8108,90.39938,-87.0,22.0
3,41,23.81075,90.39937,-92.0,20.0
3,41,23.8107,90.39936,-92.0,20.0
3,41,23.81065,90.39934,-95.0,20.0
3,41,23.8106,90.39933,-94.0,22.0
3,41,23.81053,90.39932,-94.0,27.0
3,41,23.81046,90.3993,-98.0,30.0
3,41,23.81039,90.39928,-99.0,30.0
3,41,23.81032,90.39927,-103.0,28.0
3,41,23.81026,90.39925,-102.0,26.0
3,41,23.8102,90.39923,-102.0,26.0
3,41,23.81013,90.39921,-99.0,30.0
3,41,23.81005,90.3992,-98.0,31.0
3,41,23.80997,90.39918,-97.0,31.0
3,41,23.80989,90.39917,-91.0,31.0
3,41,23.80981,90.39916,-92.0,29.0
3,41,23.80973,90.39915,-91.0,33.0
3,41,23.80964,90.39915,-91.0,34.0
3,41,23.80955,90.39914,-91.0,35.0
3,41,23.80946,90.39913,-87.0,36.0
3,41,23.80937,90.39913,-79.0,36.0
3,41,23.80927,90.39912,-77.0,37.0
3,41,23.80917,90.39911,-73.0,37.0
3,41,23.80907,90.39911,-70.0,37.0
3,41,23.80897,90.3991,-74.0,39.0
3,41,23.80887,90.39909,-75.0,40.0
3,41,23.80876,90.39908,-70.0,40.0
3,41,23.80866,90.39908,-58.0,40.0
3,41,23.80855,90.39907,-60.0,41.0
3,41,23.80845,90.39906,-58.0,41.0
3,41,23.80835,90.39905,-61.0,41.0
3,41,23.80824,90.39904,-64.0,39.0
3,41,23.80815,90.39902,-66.0,39.0
3,41,23.80805,90.39901,-67.0,37.0
3,41,23.80796,90.399,-80.0,38.0
3,41,23.80786,90.39899,-84.0,38.0
3,41,23.80776,90.39898,-87.0,40.0
3,41,23.80766,90.39897,-90.0,40.0
3,41,23.80756,90.39896,-90.0,40.0
3,41,23.80746,90.39894,-93.0,40.0
3,41,23.80736,90.39893,-84.0,40.0
3,41,23.80725,90.39891,-86.0,41.0
3,41,23.80715,90.3989,-91.0,41.0
3,41,23.80704,90.39889,-89.0,40.0
3,41,23.80694,90.39888,-91.0,40.0
3,41,23.80684,90.39886,-85.0,39.0
3,41,23.80674,90.39885,-92.0,40.0
3,41,23.80664,90.39883,-90.0,40.0
3,41,23.80654,90.39881,-86.0,38.0
3,41,23.80645,90.39879,-89.0,36.0
3,41,23.80635,90.39877,-87.0,37.0
3,41,23.80626,90.39875,-90.0,37.0
3,41,23.80617,90.39872,-83.0,37.0
3,41,23.80608,90.39869,-90.0,38.0
3,41,23.80599,90.39864,-87.0,40.0
3,41,23.8059,90.39859,-82.0,41.0
3,41,23.8058,90.39855,-85.0,41.0
3,41,23.80571,90.3985,-86.0,41.0
3,41,23.80561,90.39845,-88.0,42.0
3,41,23.80552,90.3984,-77.0,42.0
3,41,23.80542,90.39834,-82.0,42.0
3,41,23.80532,90.39829,-84.0,41.0
3,41,23.80524,90.39824,-77.0,41.0
3,41,23.80515,90.39819,-80.0,38.0
3,41,23.80507,90.39813,-88.0,39.0
3,41,23.80499,90.39809,-90.0,36.0
3,41,23.80491,90.39804,-87.0,33.0
3,41,23.80485,90.398,-91.0,33.0
3,41,23.80478,90.39796,-92.0,31.0
3,41,23.80471,90.39792,-89.0,33.0
3,41,23.80464,90.39787,-86.0,34.0
3,41,23.80457,90.39781,-87.0,35.0
3,41,23.8045,90.39776,-88.0,35.0
3,41,23.80443,90.39771,-87.0,35.0
3,41,23.80436,90.39766,-87.0,35.0
3,41,23.80429,90.3976,-92.0,34.0
3,41,23.80421,90.39754,-96.0,35.0
3,41,23.80414,90.39747,-97.0,35.0
3,41,23.80408,90.3974,-91.0,34.0
3,41,23.80401,90.39734,-92.0,34.0
3,41,23.80395,90.39726,-90.0,34.0
3,41,23.80389,90.39719,-90.0,34.0
3,41,23.80383,90.39712,-87.0,34.0
3,41,23.80376,90.39705,-77.0,35.0
3,41,23.8037,90.39698,-87.0,35.0
3,41,23.80363,90.39692,-84.0,35.0
3,41,23.80357,90.39685,-76.0,32.0
3,41,23.80351,90.39679,-77.0,32.0
3,41,23.80346,90.39673,-78.0,30.0
3,41,23.8034,90.39667,-76.0,32.0
3,41,23.80335,90.39661,-79.0,30.0
3,41,23.80329,90.39655,-79.0,29.0
3,41,23.80324,90.39649,-79.0,29.0
3,41,23.80318,90.39644,-79.0,29.0
3,41,23.80312,90.39638,-76.0,30.0
3,41,23.80307,90.39633,-78.0,26.0
3,41,23.80302,90.39627,-79.0,25.0
3,41,23.80298,90.39623,-80.0,25.0
3,41,23.80293,90.39618,-77.0,25.0
3,41,23.80289,90.39612,-79.0,26.0
3,41,23.80284,90.39607,-78.0,26.0
3,41,23.80279,90.39601,-72.0,27.0
3,41,23.80274,90.39596,-79.0,27.0
3,41,23.80269,90.3959,-81.0,27.0
3,41,23.80264,90.39584,-81.0,29.0
3,41,23.80259,90.39578,-79.0,31.0
3,41,23.80253,90.39572,-78.0,32.0
3,41,23.80247,90.39566,-74.0,32.0
3,41,23.8024,90.3956,-71.0,32.0
3,41,23.80234,90.39554,-69.0,32.0
3,41,23.80228,90.39548,-72.0,28.0
3,41,23.80222,90.39542,-72.0,31.0
3,41,23.80216,90.39536,-71.0,31.0
3,41,23.8021,90.39531,-70.0,30.0
3,41,23.80204,90.39525,-69.0,32.0
3,41,23.80197,90.3952,-68.0,33.0
3,41,23.80191,90.39513,-74.0,35.0
3,41,23.80184,90.39507,-75.0,35.0
3,41,23.80177,90.39501,-78.0,35.0
3,41,23.80169,90.39495,-78.0,37.0
3,41,23.80161,90.3949,-84.0,37.0
3,41,23.80152,90.39485,-83.0,39.0
3,41,23.80142,90.3948,-91.0,39.0
3,41,23.80132,90.39476,-90.0,43.0
3,41,23.80122,90.39471,-92.0,44.0
3,41,23.80101,90.39462,-97.0,43.0
3,41,23.80101,90.39462,-96.0,43.0
3,41,23.80091,90.39457,-95.0,42.0
3,41,23.80072,90.39448,-95.0,41.0
3,41,23.80062,90.39444,-93.0,42.0
3,41,23.80062,90.39444,-89.0,42.0
3,41,23.80052,90.3944,-87.5,40.0
3,41,23.80043,90.39436,-86.0,40.0
3,41,23.80025,90.39428,-84.0,39.0
3,41,23.80025,90.39428,-77.0,39.0
3,41,23.80016,90.39424,-77.0,39.0
3,41,23.80007,90.39421,-75.0,38.0
3,41,23.79998,90.39417,-78.0,37.0
3,41,23.79989,90.39414,-75.0,35.0
3,41,23.79981,90.39412,-77.0,33.0
3,41,23.79973,90.3941,-79.0,31.0
3,41,23.79966,90.39407,-80.0,28.0
3,41,23.79959,90.39405,-80.0,28.0
3,41,23.79952,90.39403,-79.0,30.0
3,41,23.79945,90.39401,-86.0,30.0
3,41,23.79937,90.39399,-90.0,31.0
3,41,23.79929,90.39397,-90.0,34.0
3,41,23.79921,90.39394,-90.0,34.0
3,41,23.79912,90.39392,-91.0,38.0
3,41,23.79902,90.39389,-96.0,39.0
3,41,23.79893,90.39386,-93.0,38.0
3,41,23.79883,90.39383,-94.0,39.0
3,42,23.79874,90.3938,-94.0,40.0
3,42,23.79863,90.39377,-89.0,42.0
3,42,23.79853,90.39373,-87.0,43.0
3,42,23.79842,90.3937,-94.0,44.0
3,42,23.79831,90.39367,-92.0,45.0
3,42,23.7982,90.39363,-88.0,46.0
3,42,23.79809,90.3936,-89.0,45.0
3,42,23.79798,90.39357,-92.0,44.0
3,42,23.79787,90.39354,-90.0,45.0
3,42,23.79776,90.39351,-91.0,45.0
3,42,23.79765,90.39347,-90.0,45.0
3,42,23.79753,90.39344,-89.0,44.0
3,42,23.79742,90.39341,-87.0,46.0
3,42,23.79732,90.39337,-75.0,44.0
3,42,23.79722,90.39334,-88.0,44.0
3,42,23.79712,90.39331,-84.0,41.0
3,42,23.79702,90.39328,-81.0,41.0
3,42,23.79692,90.39326,-79.0,39.0
3,42,23.79682,90.39323,-79.5,39.0
3,42,23.79673,90.3932,-80.0,37.0
3,42,23.79664,90.39318,-72.0,36.0
3,42,23.79655,90.39316,-74.0,33.0
3,42,23.79647,90.39314,-74.0,33.0
3,42,23.7963,90.39312,-76.0,32.0
3,42,23.7963,90.39312,-76.0,31.0
3,42,23.79622,90.3931,-77.0,31.0
3,42,23.79614,90.39308,-74.0,30.0
3,42,23.79607,90.39306,-67.0,31.0
3,42,23.79598,90.39304,-71.0,34.0
3,42,23.79591,90.39303,-71.0,30.0
3,42,23.79584,90.39301,-70.0,30.0
3,42,23.79579,90.393,-71.0,22.0
3,42,23.79573,90.39299,-73.0,18.0
3,42,23.79569,90.39298,-78.0,15.0
3,42,23.79567,90.39297,-80.0,11.0
3,42,23.79564,90.39297,-76.0,12.0
3,42,23.7956,90.39297,-77.0,18.0
3,42,23.79554,90.39296,-81.0,24.0
3,42,23.79547,90.39294,-77.0,28.0
3,42,23.79539,90.39293,-73.0,32.0
3,42,23.79531,90.3929,-70.0,32.0
3,42,23.79523,90.39288,-67.0,31.0
3,42,23.79515,90.39285,-65.0,28.0
3,42,23.79508,90.39283,-68.0,29.0
3,42,23.795,90.39281,-69.0,29.0
3,42,23.79491,90.39278,-71.0,36.0
3,42,23.79481,90.39275,-76.0,36.0
3,42,23.79473,90.39272,-79.0,33.0
3,42,23.79466,90.39269,-77.0,32.0
3,42,23.79458,90.39266,-77.0,32.0
3,42,23.7945,90.39263,-81.0,35.0
3,42,23.79441,90.39261,-82.0,37.0
3,42,23.79432,90.39258,-78.0,38.0
3,42,23.79422,90.39255,-77.0,39.0
3,42,23.79412,90.39253,-74.0,39.0
3,42,23.79402,90.39251,-73.0,39.0
3,42,23.79392,90.39248,-71.0,40.0
3,42,23.79382,90.39246,-72.0,39.0
3,42,23.79373,90.39244,-73.0,36.0
3,42,23.79363,90.39242,-74.5,38.0
3,42,23.79353,90.39239,-76.0,38.0
3,42,23.79342,90.39237,-72.0,42.0
3,42,23.79331,90.39235,-78.0,40.0
3,42,23.7932,90.39234,-80.0,41.0
3,42,23.7931,90.39232,-79.0,39.0
3,42,23.79301,90.39231,-76.0,33.0
3,42,23.79293,90.39229,-74.0,31.0
3,42,23.79284,90.39227,-80.0,31.0
3,42,23.79275,90.39226,-86.0,32.0
3,42,23.79267,90.39225,-83.0,30.0
3,42,23.79259,90.39224,-67.0,32.0
3,42,23.7925,90.39222,-74.0,31.0
3,42,23.79242,90.39221,-73.0,31.0
3,42,23.79233,90.3922,-68.0,33.0
3,42,23.79224,90.39218,-74.0,32.0
3,42,23.79216,90.39216,-79.0,32.0
3,42,23.79207,90.39214,-78.0,32.0
3,42,23.79198,90.39213,-79.0,32.0
3,42,23.79188,90.39211,-80.0,31.0
3,42,23.79179,90.3921,-77.0,32.0
3,42,23.7917,90.39208,-75.0,34.0
3,42,23.7916,90.39207,-75.0,34.0
3,42,23.7915,90.39205,-78.0,32.0
3,42,23.7914,90.39203,-80.0,32.0
3,42,23.79131,90.39202,-79.0,32.0
3,42,23.79122,90.392,-78.0,29.0
3,42,23.79114,90.39199,-75.0,26.0
3,42,23.79107,90.39196,-79.0,28.0
3,42,23.791,90.39195,-76.0,22.0
3,42,23.79095,90.39194,-76.0,18.0
3,42,23.79093,90.39194,-76.0,18.0
3,42,23.79091,90.39194,-76.0,8.0
3,42,23.79089,90.39194,-76.0,6.0
3,42,23.79088,90.39194,-76.0,3.0
3,42,23.79089,90.39194,-76.0,1.0
3,42,23.79088,90.39194,-76.0,1.0
3,42,23.79088,90.39194,-76.0,1.0
3,42,23.79088,90.39193,-76.0,1.0
3,42,23.79088,90.39193,-76.0,0.0
3,42,23.79088,90.39192,-76.0,1.0
3,42,23.79088,90.39192,-76.0,1.0
3,42,23.79089,90.39191,-76.0,1.0
3,42,23.79089,90.3919,-78.0,0.0
3,42,23.79088,90.3919,-78.0,2.0
3,42,23.79089,90.39189,-78.0,1.0
3,42,23.79089,90.39189,-78.0,1.0
3,42,23.7909,90.39189,-77.0,1.0
3,42,23.7909,90.39188,-78.0,2.0
3,42,23.79091,90.39187,-78.0,2.0
3,42,23.79091,90.39187,-77.0,1.0
3,42,23.79091,90.39187,-77.0,1.0
3,42,23.79092,90.39187,-79.0,1.0
3,42,23.79092,90.39188,-79.0,1.0
3,42,23.79093,90.39188,-76.0,1.0
3,42,23.79093,90.39189,-76.5,0.0
3,42,23.79093,90.39189,-77.0,0.0
3,42,23.79094,90.39189,-78.0,0.0
3,42,23.79094,90.39189,-79.0,1.0
3,42,23.79095,90.39189,-79.0,1.0
3,42,23.79095,90.39189,-73.0,2.0
3,42,23.79095,90.3919,-72.0,2.0
3,42,23.79095,90.3919,-72.0,0.0
3,42,23.79095,90.3919,-71.0,1.0
3,42,23.79096,90.3919,-71.0,1.0
3,42,23.79096,90.3919,-72.0,1.0
3,42,23.79096,90.3919,-76.0,1.0
3,42,23.79096,90.3919,-77.0,1.0
3,42,23.79095,90.3919,-77.0,4.0
3,42,23.79093,90.3919,-79.0,8.0
3,42,23.7909,90.39189,-78.0,11.0
3,42,23.79085,90.39187,-77.0,13.0
3,42,23.79082,90.39185,-75.0,15.0
3,42,23.79077,90.39184,-77.0,16.0
3,42,23.79073,90.39184,-81.0,16.0
3,42,23.79068,90.39182,-81.0,19.0
3,42,23.79063,90.3918,-82.0,19.0
3,42,23.79055,90.39177,-78.0,31.0
3,42,23.79047,90.39174,-76.5,30.0
3,42,23.79039,90.39172,-75.0,30.0
3,42,23.79031,90.39169,-73.0,33.0
3,42,23.79022,90.39166,-74.0,33.0
3,42,23.79013,90.39163,-74.0,37.0
3,42,23.79002,90.39159,-72.0,41.0
3,42,23.78991,90.39155,-72.0,43.0
3,42,23.7898,90.3915,-74.0,45.0
3,42,23.78969,90.39146,-72.0,45.0
3,42,23.78958,90.39142,-71.0,44.0
3,42,23.78947,90.39138,-70.0,43.0
3,42,23.78936,90.39134,-72.0,43.0
3,42,23.78926,90.3913,-73.0,42.0
3,42,23.78915,90.39127,-71.0,42.0
3,42,23.78905,90.39123,-75.0,40.0
3,42,23.78896,90.39121,-76.0,38.0
3,42,23.78887,90.39118,-77.0,36.0
3,42,23.78878,90.39116,-85.0,36.0
3,42,23.78869,90.39115,-85.0,36.0
3,42,23.78859,90.39114,-89.0,38.0
3,42,23.78849,90.39112,-91.0,40.0
3,42,23.78839,90.39111,-88.0,41.0
3,42,23.78828,90.39109,-88.0,42.0
3,42,23.78818,90.39107,-83.5,42.0
3,42,23.78807,90.39105,-79.0,40.0
3,42,23.78798,90.39104,-79.0,36.0
3,42,23.7879,90.39103,-80.0,34.0
3,42,23.78781,90.39102,-79.5,36.0
3,42,23.78772,90.391,-79.0,36.0
3,42,23.78763,90.39099,-81.0,38.0
3,42,23.78753,90.39097,-80.0,39.0
3,42,23.78743,90.39095,-86.0,41.0
3,42,23.78733,90.39092,-84.0,42.0
3,42,23.78723,90.39088,-80.0,42.0
3,42,23.78713,90.39084,-81.0,43.0
3,42,23.78703,90.3908,-84.0,43.0
3,42,23.78693,90.39075,-81.0,45.0
3,42,23.78682,90.39071,-94.0,45.0
3,42,23.78671,90.39067,-94.0,45.0
3,42,23.7866,90.39063,-97.0,47.0
3,42,23.78649,90.39059,-94.0,46.0
3,42,23.78638,90.39055,-94.0,45.0
3,42,23.78627,90.39051,-92.0,45.0
3,43,23.78617,90.39047,-92.0,42.0
3,43,23.78606,90.39043,-92.0,43.0
3,43,23.78596,90.3904,-95.0,45.0
3,43,23.78585,90.39036,-95.0,44.0
3,43,23.78575,90.39032,-95.0,40.0
3,43,23.78566,90.39029,-100.0,34.0
3,43,23.78558,90.39026,-100.0,31.0
3,43,23.78551,90.39024,-100.0,28.0
3,43,23.78545,90.39022,-99.0,21.0
3,43,23.78539,90.3902,-99.0,21.0
3,43,23.78534,90.39018,-96.0,21.0
3,43,23.78529,90.39016,-98.0,22.0
3,43,23.78524,90.39015,-94.0,23.0
3,43,23.78518,90.39014,-91.0,27.0
3,43,23.78511,90.39011,-92.0,30.0
3,43,23.78503,90.39007,-95.0,33.0
3,43,23.78496,90.39003,-94.0,35.0
3,43,23.78487,90.39001,-92.0,37.0
3,43,23.78478,90.38998,-91.0,38.0
3,43,23.78468,90.38994,-90.0,43.0
3,43,23.78457,90.3899,-93.0,43.0
3,43,23.78447,90.38987,-90.0,41.0
3,43,23.78438,90.38984,-82.0,37.0
3,43,23.78428,90.38981,-83.0,40.0
3,43,23.78418,90.38978,-85.0,38.0
3,43,23.78408,90.38975,-83.0,38.0
3,43,23.78398,90.38972,-79.0,40.0
3,43,23.78388,90.38969,-81.0,40.0
3,43,23.78378,90.38966,-81.0,41.0
3,43,23.78368,90.38964,-80.0,40.0
3,43,23.78357,90.38962,-80.0,41.0
3,43,23.78346,90.3896,-79.0,42.0
3,43,23.78335,90.38957,-82.0,43.0
3,43,23.78324,90.38955,-76.0,43.0
3,43,23.78314,90.38953,-78.0,43.0
3,43,23.78303,90.38951,-69.0,43.0
3,43,23.78292,90.3895,-71.0,44.0
3,43,23.78281,90.38949,-71.0,46.0
3,43,23.7827,90.38948,-72.0,46.0
3,43,23.78259,90.38947,-69.0,45.0
3,43,23.78248,90.38946,-73.0,44.0
3,43,23.78236,90.38946,-78.0,44.0
3,43,23.78225,90.38945,-75.0,45.0
3,43,23.78213,90.38944,-75.5,46.0
3,43,23.78202,90.38944,-76.0,45.0
3,43,23.78189,90.38944,-68.0,47.0
3,43,23.78177,90.38943,-69.0,45.0
3,43,23.78166,90.38943,-63.0,44.0
3,43,23.78155,90.38944,-63.0,42.0
3,43,23.78143,90.38944,-62.0,44.0
3,43,23.78132,90.38944,-65.0,44.0
3,43,23.7812,90.38944,-69.0,46.0
3,43,23.78108,90.38944,-75.0,47.0
3,43,23.78096,90.38944,-72.0,46.0
3,43,23.78085,90.38943,-76.0,45.0
3,43,23.78073,90.38943,-77.5,45.0
3,43,23.78062,90.38943,-79.0,44.0
3,43,23.78051,90.38943,-77.0,43.0
3,43,23.7804,90.38943,-82.0,44.0
3,43,23.78028,90.38942,-80.0,45.0
3,43,23.78017,90.38942,-73.0,46.0
3,43,23.78006,90.38941,-66.0,46.0
3,43,23.77994,90.3894,-72.0,45.0
3,43,23.77982,90.3894,-64.0,46.0
3,43,23.77971,90.3894,-72.0,45.0
3,43,23.77958,90.3894,-75.0,45.0
3,43,23.77946,90.3894,-69.0,47.0
3,43,23.77935,90.38941,-70.0,46.0
3,43,23.77923,90.38942,-75.0,47.0
3,43,23.77911,90.38943,-79.0,46.0
3,43,23.77899,90.38944,-77.0,46.0
3,43,23.77888,90.38944,-76.5,44.0
3,43,23.77877,90.38946,-76.0,43.0
3,43,23.77866,90.38948,-76.0,42.0
3,43,23.77855,90.3895,-76.0,39.0
3,43,23.77846,90.38951,-76.0,39.0
3,43,23.77837,90.38953,-70.0,32.0
3,43,23.77829,90.38954,-70.5,26.0
3,43,23.77823,90.38956,-71.0,25.0
3,43,23.77816,90.38957,-71.0,24.0
3,43,23.77811,90.38958,-70.0,21.0
3,43,23.77806,90.38959,-69.0,22.0
3,43,23.77801,90.38959,-72.0,23.0
3,43,23.77794,90.3896,-67.0,25.0
3,43,23.77788,90.3896,-67.0,26.0
3,43,23.77781,90.38961,-72.0,27.0
3,43,23.77774,90.38962,-73.0,25.0
3,43,23.77768,90.38964,-76.0,25.0
3,43,23.77761,90.38965,-77.0,28.0
3,43,23.77754,90.38965,-79.0,28.0
3,43,23.77746,90.38966,-75.0,28.0
3,43,23.77738,90.38966,-80.0,34.0
3,43,23.77728,90.38967,-85.0,37.0
3,43,23.7772,90.38968,-85.0,36.0
3,43,23.7771,90.38969,-85.0,38.0
3,43,23.777,90.3897,-87.0,39.0
3,43,23.77691,90.38971,-84.0,37.0
3,43,23.77681,90.38971,-86.0,37.0
3,43,23.77672,90.38972,-87.0,35.0
3,43,23.77664,90.38973,-88.0,31.0
3,43,23.77656,90.38974,-91.0,31.0
3,43,23.77648,90.38975,-91.0,26.0
3,43,23.77642,90.38976,-92.0,23.0
3,43,23.77637,90.38978,-90.0,21.0
3,43,23.77631,90.38979,-88.0,19.0
3,43,23.77626,90.3898,-88.5,19.0
3,43,23.77621,90.38981,-89.0,19.0
3,43,23.77616,90.38983,-90.0,18.0
3,43,23.77611,90.38983,-91.0,17.0
3,43,23.77606,90.38984,-89.0,16.0
3,43,23.77602,90.38985,-94.0,12.0
3,43,23.776,90.38984,-91.0,7.0
3,43,23.77599,90.38985,-91.0,3.0
3,43,23.77598,90.38985,-92.0,1.0
3,43,23.77598,90.38985,-92.0,1.0
3,43,23.77598,90.38985,-95.0,1.0
3,43,23.77598,90.38985,-94.0,1.0
3,43,23.77598,90.38986,-91.0,0.0
3,43,23.77597,90.38986,-89.0,0.0
3,43,23.77597,90.38986,-89.5,0.0
3,43,23.77597,90.38986,-90.0,0.0
3,43,23.77597,90.38986,-90.5,0.0
3,43,23.77598,90.38987,-91.0,1.0
3,43,23.77598,90.38987,-91.0,0.0
3,43,23.77598,90.38988,-91.0,0.0
3,43,23.77598,90.38988,-92.0,0.0
3,43,23.77598,90.38989,-92.0,0.0
3,43,23.77599,90.38989,-92.0,1.0
3,43,23.776,90.38989,-92.0,1.0
3,43,23.776,90.38989,-93.0,1.0
3,43,23.77601,90.38989,-96.0,1.0
3,43,23.77601,90.38988,-95.0,1.0
3,43,23.77601,90.38988,-93.0,0.0
3,43,23.77601,90.38988,-93.0,0.0
3,43,23.77601,90.38988,-93.0,0.0
3,43,23.77602,90.38988,-92.0,0.0
3,43,23.77602,90.38987,-91.0,0.0
3,43,23.77602,90.38987,-89.0,0.0
3,43,23.77602,90.38987,-90.0,0.0
3,43,23.77602,90.38987,-88.0,0.0
3,43,23.77602,90.38987,-87.0,0.0
3,43,23.77602,90.38986,-87.0,1.0
3,43,23.77602,90.38986,-85.0,0.0
3,43,23.77602,90.38986,-86.0,0.0
3,43,23.77601,90.38986,-85.0,1.0
3,43,23.77602,90.38986,-85.0,1.0
3,43,23.77602,90.38986,-88.0,0.0
3,43,23.77602,90.38985,-88.0,0.0
3,43,23.77602,90.38985,-89.0,0.0
3,43,23.77602,90.38985,-89.0,0.0
3,43,23.77602,90.38985,-91.0,0.0
3,43,23.77602,90.38985,-90.5,1.0
3,43,23.77602,90.38984,-90.0,1.0
3,43,23.77602,90.38984,-90.0,0.0
3,43,23.77602,90.38984,-89.0,1.0
3,43,23.77602,90.38984,-89.0,0.0
3,43,23.77602,90.38983,-89.0,0.0
3,43,23.77602,90.38983,-90.0,0.0
3,43,23.77602,90.38983,-90.0,1.0
3,43,23.77602,90.38982,-94.0,1.0
3,43,23.77602,90.38982,-92.0,0.0
3,43,23.77602,90.38982,-88.0,0.0
3,43,23.77601,90.38981,-93.0,5.0
3,43,23.77599,90.38982,-91.0,11.0
3,43,23.77595,90.38983,-85.0,16.0
3,43,23.77591,90.38983,-85.0,16.0
3,43,23.77586,90.38984,-86.0,17.0
3,43,23.77582,90.38986,-87.0,18.0
3,43,23.77577,90.38987,-86.0,19.0
3,43,23.77572,90.38989,-86.0,20.0
3,43,23.77567,90.3899,-84.0,19.0
3,43,23.77562,90.38991,-84.0,22.0
3,43,23.77556,90.38993,-90.0,21.0
3,43,23.77551,90.38995,-85.0,19.0
3,43,23.77546,90.38997,-87.0,17.0
3,43,23.77542,90.38999,-91.0,17.0
3,43,23.77539,90.39,-89.0,13.0
3,43,23.77535,90.39,-90.0,15.0
3,43,23.77531,90.39,-86.0,18.0
3,43,23.77526,90.39,-89.0,21.0
4,44,23.83594,90.47239,-79.0,76.0
4,44,23.83597,90.47259,-82.0,77.0
4,44,23.836,90.4728,-78.0,78.0
4,44,23.83603,90.47302,-78.0,80.0
4,44,23.83606,90.47323,-81.0,80.0
4,44,23.83609,90.47345,-97.0,81.0
4,44,23.83612,90.47367,-95.0,81.0
4,44,23.83616,90.47389,-100.0,81.0
4,44,23.8362,90.4741,-104.0,81.0
4,44,23.83625,90.47432,-97.0,81.0
4,44,23.83629,90.47453,-101.0,81.0
4,44,23.83634,90.47475,-102.0,81.0
4,44,23.83638,90.47497,-103.0,81.0
4,44,23.83643,90.47518,-95.0,81.0
4,44,23.83647,90.4754,-99.0,81.0
4,44,23.83652,90.47561,-91.0,81.0
4,44,23.83657,90.47583,-85.0,81.0
4,44,23.83661,90.47605,-80.0,81.0
4,44,23.83666,90.47626,-82.0,81.0
4,44,23.8367,90.47647,-79.0,80.0
4,44,23.83675,90.47669,-79.0,80.0
4,44,23.83679,90.4769,-76.0,79.0
4,44,23.83684,90.47711,-81.0,77.0
4,44,23.83688,90.47731,-84.0,77.0
4,44,23.83692,90.47751,-82.0,77.0
4,44,23.83697,90.47772,-95.0,78.0
4,44,23.837,90.47792,-97.0,79.0
4,44,23.83705,90.47814,-99.0,79.0
4,44,23.83709,90.47834,-92.0,78.0
4,44,23.83713,90.47855,-95.0,76.0
4,44,23.83717,90.47875,-95.0,75.0
4,44,23.8372,90.47894,-90.0,73.0
4,44,23.83724,90.47914,-89.0,72.0
4,44,23.83727,90.47933,-89.0,71.0
4,44,23.8373,90.47952,-91.0,72.0
4,44,23.83733,90.47971,-91.0,73.0
4,44,23.83736,90.47991,-90.0,75.0
4,44,23.83738,90.48011,-84.0,76.0
4,44,23.8374,90.48032,-87.0,77.0
4,44,23.8374,90.48054,-92.0,78.0
4,44,23.8374,90.48075,-90.0,79.0
4,44,23.8374,90.48097,-86.0,79.0
4,44,23.8374,90.48118,-87.0,80.0
4,44,23.8374,90.48139,-88.0,79.0
4,44,23.8374,90.4816,-86.0,78.0
4,44,23.8374,90.4818,-90.0,78.0
4,44,23.8374,90.48201,-83.0,77.0
4,44,23.83739,90.48222,-91.0,79.0
4,44,23.83738,90.48245,-90.0,81.0
4,44,23.83738,90.48267,-92.0,82.0
4,44,23.83737,90.4829,-93.0,84.0
4,44,23.83736,90.48313,-96.0,85.0
4,44,23.83736,90.48336,-99.0,85.0
4,44,23.83736,90.4836,-98.0,85.0
4,44,23.83735,90.48384,-96.0,85.0
4,44,23.83735,90.48406,-99.0,83.0
4,44,23.83735,90.48429,-100.0,83.0
4,44,23.83734,90.48452,-106.0,85.0
4,44,23.83734,90.48473,-105.0,78.0
4,44,23.83735,90.48493,-104.0,74.0
4,44,23.83735,90.48513,-109.0,74.0
4,44,23.83736,90.48535,-108.0,81.0
4,44,23.83736,90.48556,-99.0,77.0
4,44,23.83736,90.48577,-99.0,76.0
4,44,23.83736,90.48598,-99.0,76.0
4,44,23.83736,90.4862,-93.0,75.0
4,44,23.83736,90.4864,-93.0,74.0
4,44,23.83736,90.48661,-96.0,73.0
4,44,23.83736,90.48681,-86.0,72.0
4,44,23.83737,90.48698,-95.0,71.0
4,44,23.83738,90.48715,-86.0,71.0
4,44,23.83738,90.48733,-87.0,71.0
4,44,23.83739,90.48751,-96.0,71.0
4,44,23.83739,90.4877,-87.0,72.0
4,44,23.83739,90.48789,-88.0,72.0
4,44,23.83739,90.48808,-85.0,73.0
4,44,23.83739,90.48828,-91.0,75.0
4,44,23.83739,90.48847,-103.0,75.0
4,44,23.83739,90.48868,-103.0,76.0
4,44,23.83739,90.48888,-93.0,77.0
4,44,23.83739,90.48909,-100.0,77.0
4,44,23.83739,90.4893,-93.0,78.0
4,44,23.83739,90.48951,-93.0,79.0
4,44,23.83739,90.48972,-100.0,79.0
4,44,23.8374,90.48994,-94.0,79.0
4,44,23.8374,90.49015,-102.0,79.0
4,44,23.8374,90.49037,-102.0,80.0
4,44,23.83739,90.49061,-104.0,81.0
4,44,23.83739,90.49084,-108.0,81.0
4,44,23.83739,90.49106,-110.0,82.0
4,44,23.83739,90.49129,-110.0,82.0
4,44,23.83739,90.49152,-111.0,82.0
4,44,23.83738,90.49174,-109.0,83.0
4,44,23.83738,90.49197,-104.0,83.0
4,44,23.83739,90.4922,-110.0,83.0
4,44,23.83739,90.49243,-111.0,83.0
4,44,23.83738,90.49265,-111.0,83.0
4,44,23.83738,90.49288,-111.0,83.0
4,44,23.83738,90.49311,-109.0,83.0
4,44,23.83738,90.49334,-104.0,83.0
4,44,23.83738,90.49356,-111.0,82.0
4,44,23.83739,90.49379,-112.0,82.0
4,44,23.83739,90.49401,-115.0,83.0
4,44,23.83738,90.49424,-114.0,84.0
4,44,23.83738,90.49447,-115.0,84.0
4,44,23.83738,90.4947,-101.0,85.0
4,44,23.83738,90.49494,-99.0,85.0
4,44,23.83738,90.49517,-96.0,85.0
4,44,23.83737,90.4954,-101.0,86.0
4,44,23.83737,90.49564,-105.0,86.0
4,44,23.83737,90.49588,-102.0,87.0
4,44,23.83738,90.49612,-100.0,88.0
4,44,23.83739,90.49636,-102.0,86.0
4,44,23.8374,90.49659,-107.0,83.0
4,44,23.8374,90.49682,-100.0,86.0
4,44,23.8374,90.49705,-95.0,86.0
4,44,23.8374,90.4973,-98.0,88.0
4,44,23.8374,90.49754,-97.0,87.0
4,44,23.83739,90.49778,-101.0,86.0
4,44,23.83739,90.49802,-95.0,86.0
4,44,23.83739,90.49825,-93.0,85.0
4,44,23.83738,90.49849,-93.0,85.0
4,44,23.83738,90.49872,-93.0,85.0
4,44,23.83738,90.49896,-88.0,84.0
4,44,23.83738,90.49919,-89.0,84.0
4,44,23.83738,90.49942,-90.0,83.0
4,44,23.83738,90.49965,-78.0,83.0
4,44,23.83738,90.49987,-78.0,84.0
4,44,23.83738,90.5001,-92.0,83.0
4,44,23.83738,90.50033,-91.0,83.0
4,44,23.83738,90.50056,-94.0,84.0
4,44,23.83739,90.50078,-97.0,83.0
4,44,23.83739,90.50101,-90.0,83.0
4,44,23.83739,90.50124,-95.0,83.0
4,44,23.83739,90.50147,-94.0,83.0
4,44,23.83739,90.50169,-78.0,83.0
4,44,23.83739,90.50192,-80.0,83.0
4,44,23.83739,90.50214,-95.0,83.0
4,44,23.83739,90.50237,-111.0,82.0
4,44,23.83739,90.50259,-110.0,83.0
4,44,23.83739,90.50282,-102.0,82.0
4,44,23.83738,90.50304,-110.0,80.0
4,44,23.83738,90.50325,-104.0,78.0
4,44,23.83738,90.50346,-113.0,77.0
4,44,23.83738,90.50367,-119.0,77.0
4,44,23.83738,90.50389,-91.0,79.0
4,44,23.83738,90.5041,-90.0,80.0
4,44,23.83738,90.50432,-95.0,81.0
4,44,23.83739,90.50455,-95.0,82.0
4,44,23.83739,90.50477,-95.0,83.0
4,44,23.83739,90.505,-95.0,84.0
4,44,23.8374,90.50523,-95.0,85.0
4,44,23.8374,90.50546,-95.0,86.0
4,44,23.8374,90.5057,-99.0,86.0
4,44,23.83739,90.50593,-102.0,87.0
4,44,23.83739,90.50617,-99.0,87.0
4,44,23.83739,90.50641,-106.0,86.0
4,44,23.8374,90.50664,-104.0,85.0
4,44,23.8374,90.50687,-99.0,86.0
4,44,23.83741,90.50711,-103.0,87.0
4,44,23.83742,90.50735,-100.0,88.0
4,44,23.83742,90.50758,-98.0,86.0
4,44,23.83742,90.50781,-96.0,82.0
4,44,23.83741,90.50804,-97.0,82.0
4,44,23.8374,90.50827,-94.0,82.0
4,44,23.8374,90.50849,-88.0,80.0
4,44,23.83739,90.5087,-97.0,80.0
4,44,23.83739,90.50892,-85.0,78.0
4,44,23.83739,90.50913,-94.0,78.0
4,44,23.83739,90.50934,-94.0,78.0
4,44,23.83738,90.50956,-96.0,77.0
4,44,23.83738,90.50977,-99.0,77.0
4,44,23.83737,90.50998,-109.0,77.0
4,44,23.83736,90.51019,-112.0,77.0
4,44,23.83736,90.5104,-114.0,78.0
4,44,23.83735,90.51061,-112.0,79.0
4,44,23.83735,90.51083,-101.0,80.0
4,44,23.83735,90.51105,-96.0,81.0
4,45,23.83735,90.51127,-106.0,81.0
4,45,23.83735,90.51149,-80.0,82.0
4,45,23.83734,90.51172,-80.0,83.0
4,45,23.83734,90.51195,-92.0,84.0
4,45,23.83734,90.51217,-92.0,84.0
4,45,23.83734,90.5124,-91.0,83.0
4,45,23.83734,90.51263,-82.0,83.0
4,45,23.83734,90.51286,-86.0,83.0
4,45,23.83734,90.51308,-78.0,84.0
4,45,23.83734,90.51331,-78.0,84.0
4,45,23.83734,90.51354,-81.0,85.0
4,45,23.83734,90.51377,-78.0,85.0
4,45,23.83733,90.51401,-74.0,86.0
4,45,23.83733,90.51424,-81.0,86.0
4,45,23.83733,90.51448,-85.0,87.0
4,45,23.83733,90.51471,-73.0,87.0
4,45,23.83733,90.51495,-76.0,87.0
4,45,23.83733,90.51519,-79.0,88.0
4,45,23.83733,90.51543,-94.0,88.0
4,45,23.83733,90.51567,-97.0,88.0
4,45,23.83733,90.51591,-94.0,88.0
4,45,23.83733,90.51615,-84.0,88.0
4,45,23.83733,90.5164,-86.0,88.0
4,45,23.83733,90.51664,-86.0,89.0
4,45,23.83733,90.51688,-86.0,89.0
4,45,23.83733,90.51712,-79.0,89.0
4,45,23.83733,90.51736,-80.0,89.0
4,45,23.83733,90.5176,-91.0,88.0
4,45,23.83733,90.51785,-90.0,88.0
4,45,23.83732,90.51809,-81.0,88.0
4,45,23.83732,90.51857,-78.0,88.0
4,45,23.83732,90.51857,-93.0,88.0
4,45,23.83732,90.51881,-88.0,88.0
4,45,23.83732,90.51905,-92.0,88.0
4,45,23.83732,90.51929,-88.0,88.0
4,45,23.83732,90.51953,-92.0,88.0
4,45,23.83732,90.52,-92.0,87.0
4,45,23.83732,90.52,-90.0,87.0
4,45,23.83732,90.52024,-90.0,87.0
4,45,23.83732,90.52047,-100.0,86.0
4,45,23.83732,90.52071,-96.0,86.0
4,45,23.83732,90.52094,-91.0,84.0
4,45,23.83732,90.52116,-97.0,82.0
4,45,23.83732,90.52139,-85.0,80.0
4,45,23.83732,90.5216,-85.0,78.0
4,45,23.83732,90.52181,-85.0,77.0
4,45,23.83731,90.52202,-87.0,76.0
4,45,23.83731,90.52223,-88.0,76.0
4,45,23.83729,90.52244,-88.0,75.0
4,45,23.83726,90.52264,-86.0,75.0
4,45,23.83722,90.52283,-86.0,73.0
4,45,23.83715,90.52302,-83.0,74.0
4,45,23.83707,90.5232,-83.0,74.0
4,45,23.83697,90.52337,-89.0,73.0
4,45,23.83687,90.52354,-89.0,74.0
4,45,23.83676,90.5237,-87.0,75.0
4,45,23.83664,90.52387,-86.0,75.0
4,45,23.83653,90.52404,-87.0,75.0
4,45,23.83642,90.52421,-86.0,75.0
4,45,23.83632,90.52438,-87.0,75.0
4,45,23.83621,90.52455,-93.0,75.0
4,45,23.83611,90.52472,-95.0,74.0
4,45,23.83602,90.52489,-98.0,73.0
4,45,23.83592,90.52506,-94.0,73.0
4,45,23.83583,90.52523,-90.0,72.0
4,45,23.83573,90.52539,-91.0,71.0
4,45,23.83562,90.52555,-95.0,72.0
4,45,23.83551,90.52571,-97.0,72.0
4,45,23.8354,90.52587,-99.0,73.0
4,45,23.8353,90.52604,-102.0,74.0
4,45,23.83519,90.52621,-103.0,75.0
4,45,23.83509,90.52638,-106.0,75.0
4,45,23.83499,90.52656,-103.0,75.0
4,45,23.8349,90.52673,-102.0,75.0
4,45,23.83481,90.52691,-103.0,74.0
4,45,23.83472,90.52709,-105.0,74.0
4,45,23.83459,90.52746,-97.0,73.0
4,45,23.83459,90.52746,-102.0,74.0
4,45,23.83455,90.52766,-97.0,75.0
4,45,23.83452,90.52787,-104.0,76.0
4,45,23.83451,90.52828,-105.0,77.0
4,45,23.83451,90.52828,-104.0,77.0
4,45,23.8345,90.52871,-103.0,78.0
4,45,23.83451,90.52892,-102.0,78.0
4,45,23.83451,90.52935,-100.0,79.0
4,45,23.83451,90.52935,-101.0,79.0
4,45,23.83451,90.52957,-99.0,79.0
4,45,23.83451,90.52978,-100.0,78.0
4,45,23.83451,90.52999,-98.0,77.0
4,45,23.83451,90.5302,-95.0,77.0
4,45,23.83451,90.53041,-95.0,76.0
4,45,23.83451,90.53062,-93.0,77.0
4,45,23.83451,90.53083,-97.0,77.0
4,45,23.83451,90.53104,-91.0,77.0
4,45,23.83452,90.53125,-91.0,77.0
4,45,23.83452,90.53146,-97.0,76.0
4,45,23.83452,90.53167,-93.0,76.0
4,45,23.83452,90.53187,-93.0,75.0
4,45,23.83453,90.53228,-95.0,76.0
4,45,23.83453,90.53249,-97.0,75.0
4,45,23.83454,90.5327,-96.0,76.0
4,45,23.83454,90.53311,-97.0,76.0
4,45,23.83454,90.53332,-97.0,76.0
4,45,23.83454,90.53352,-96.0,75.0
4,45,23.83454,90.53393,-96.0,76.0
4,45,23.83454,90.53413,-96.0,73.0
4,45,23.83454,90.53433,-95.0,71.0
4,45,23.83455,90.53471,-94.0,70.0
4,45,23.83455,90.53489,-93.0,68.0
4,45,23.83455,90.53489,-92.0,66.0
4,45,23.83455,90.53524,-92.0,64.0
4,45,23.83455,90.53524,-90.0,62.0
4,45,23.83455,90.53557,-97.0,61.0
4,45,23.83455,90.53557,-93.0,59.0
4,45,23.83455,90.53573,-92.0,57.0
4,45,23.83456,90.53603,-90.0,56.0
4,45,23.83456,90.53603,-97.0,57.0
4,45,23.83458,90.53635,-90.0,58.0
4,45,23.83459,90.53652,-89.0,61.0
4,45,23.83459,90.53685,-97.0,61.0
4,45,23.83459,90.53685,-98.0,63.0
4,45,23.83459,90.53719,-97.0,63.0
4,45,23.83459,90.53719,-97.0,64.0
4,45,23.83459,90.53736,-97.0,63.0
4,45,23.8346,90.53753,-99.0,63.0
4,45,23.83461,90.5377,-99.0,62.0
4,45,23.83462,90.53787,-92.0,60.0
4,45,23.83464,90.53803,-90.0,60.0
4,45,23.83465,90.53818,-90.0,56.0
4,45,23.83466,90.53833,-90.0,54.0
4,45,23.83466,90.53862,-93.0,52.0
4,45,23.83465,90.53874,-92.0,49.0
4,45,23.83464,90.53887,-92.0,47.0
4,45,23.83465,90.53899,-94.0,41.0
4,45,23.83468,90.53918,-96.0,31.0
4,45,23.8347,90.53924,-96.0,31.0
4,45,23.8347,90.53924,-97.0,21.0
4,45,23.83475,90.5393,-94.0,13.0
4,45,23.83477,90.53932,-96.0,12.0
4,45,23.8348,90.53935,-96.0,17.0
4,45,23.83484,90.53937,-96.0,17.0
4,45,23.83484,90.53937,-97.0,21.0
4,45,23.83495,90.53943,-97.0,24.0
4,45,23.83495,90.53943,-98.0,29.0
4,45,23.83503,90.53943,-97.0,32.0
4,45,23.83512,90.53942,-98.0,35.0
4,45,23.8352,90.5394,-100.0,34.0
4,45,23.83528,90.53937,-102.0,33.0
4,45,23.83536,90.53932,-101.0,36.0
4,45,23.83544,90.53926,-100.0,40.0
4,45,23.83553,90.53918,-97.0,45.0
4,45,23.83562,90.53911,-93.0,47.0
4,45,23.83572,90.53902,-94.0,50.0
4,45,23.83591,90.53884,-93.0,50.0
4,45,23.83591,90.53884,-87.0,50.0
4,45,23.83611,90.53867,-82.0,50.0
4,45,23.83621,90.53859,-97.0,50.0
4,45,23.83631,90.53851,-85.0,50.0
4,45,23.83641,90.53842,-87.0,51.0
4,45,23.83652,90.53834,-89.0,52.0
4,45,23.83672,90.53815,-97.0,52.0
4,45,23.83692,90.53796,-92.0,51.0
4,45,23.83711,90.53777,-94.0,51.0
4,45,23.8372,90.53768,-93.0,51.0
4,45,23.8373,90.53758,-94.0,53.0
4,45,23.83741,90.53749,-94.0,54.0
4,45,23.83762,90.5373,-94.0,54.0
4,45,23.83772,90.53721,-95.0,53.0
4,45,23.83782,90.53712,-95.0,52.0
4,45,23.83802,90.53694,-96.0,51.0
4,45,23.83802,90.53694,-96.0,50.0
4,45,23.83811,90.53685,-97.0,49.0
4,45,23.83821,90.53677,-97.0,47.0
4,45,23.83829,90.53669,-99.0,41.0
4,45,23.83836,90.53663,-105.0,34.0
4,45,23.83841,90.53658,-104.0,25.0
4,45,23.83845,90.53655,-104.0,18.0
4,45,23.83848,90.53652,-107.0,16.0
4,46,23.83852,90.53649,-105.0,17.0
4,46,23.83855,90.53646,-100.0,18.0
4,46,23.83858,90.53643,-101.0,16.0
4,46,23.83861,90.5364,-103.0,13.0
4,46,23.83865,90.53637,-103.0,11.0
4,46,23.83867,90.53635,-101.0,10.0
4,46,23.83867,90.53635,-98.0,9.0
4,46,23.83872,90.53632,-100.0,11.0
4,46,23.83875,90.53629,-100.0,21.0
4,46,23.8388,90.53625,-100.0,24.0
4,46,23.83885,90.5362,-100.0,29.0
4,46,23.8389,90.53614,-102.0,33.0
4,46,23.83897,90.53607,-97.0,33.0
4,46,23.83904,90.536,-98.0,41.0
4,46,23.83912,90.53592,-97.0,41.0
4,46,23.8392,90.53585,-97.0,41.0
4,46,23.83927,90.53577,-97.0,41.0
4,46,23.83935,90.5357,-97.0,43.0
4,46,23.83944,90.53562,-96.0,46.0
4,46,23.83953,90.53553,-98.0,48.0
4,46,23.83963,90.53545,-110.0,50.0
4,46,23.83972,90.53536,-107.0,52.0
4,46,23.83983,90.53526,-102.0,52.0
4,46,23.83994,90.53517,-107.0,56.0
4,46,23.84005,90.53506,-107.0,58.0
4,46,23.84016,90.53496,-107.0,57.0
4,46,23.84027,90.53486,-108.0,57.0
4,46,23.84038,90.53476,-109.0,57.0
4,46,23.84049,90.53467,-111.0,55.0
4,46,23.84059,90.53457,-108.0,53.0
4,46,23.8407,90.53448,-109.0,51.0
4,46,23.84079,90.5344,-111.0,48.0
4,46,23.84088,90.53432,-106.0,40.0
4,46,23.84094,90.53426,-110.0,28.0
4,46,23.84098,90.53422,-112.0,18.0
4,46,23.84101,90.53419,-108.0,17.0
4,46,23.84105,90.53416,-108.0,18.0
4,46,23.84108,90.53413,-106.0,22.0
4,46,23.84113,90.53409,-113.0,25.0
4,46,23.84117,90.53405,-112.0,24.0
4,46,23.84122,90.53401,-112.0,22.0
4,46,23.84126,90.53397,-111.0,19.0
4,46,23.84129,90.53395,-112.0,15.0
4,46,23.84132,90.53392,-106.0,17.0
4,46,23.84136,90.53389,-106.0,20.0
4,46,23.8414,90.53385,-109.0,21.0
4,46,23.84143,90.53381,-109.0,18.0
4,46,23.84148,90.53378,-109.0,18.0
4,46,23.84152,90.53374,-97.0,22.0
4,46,23.84155,90.5337,-108.0,16.0
4,46,23.84158,90.53367,-109.0,17.0
4,46,23.84162,90.53363,-108.0,18.0
4,46,23.84166,90.5336,-110.0,18.0
4,46,23.84169,90.53357,-113.0,16.0
4,46,23.84172,90.53354,-111.0,17.0
4,46,23.84175,90.5335,-115.0,20.0
4,46,23.84179,90.53346,-115.0,25.0
4,46,23.84185,90.53341,-116.0,30.0
4,46,23.8419,90.53334,-109.0,35.0
4,46,23.84197,90.53327,-111.0,36.0
4,46,23.84204,90.53319,-103.0,40.0
4,46,23.84212,90.53311,-104.0,44.0
4,46,23.84221,90.53303,-100.0,42.0
4,46,23.84229,90.53295,-103.0,41.0
4,46,23.84238,90.53287,-110.0,47.0
4,46,23.84247,90.53279,-113.0,48.0
4,46,23.84257,90.53271,-110.0,50.0
4,46,23.84267,90.53263,-107.0,50.0
4,46,23.84278,90.53254,-104.0,49.0
4,46,23.84287,90.53246,-102.0,47.0
4,46,23.84296,90.53237,-102.0,46.0
4,46,23.84305,90.53229,-99.0,44.0
4,46,23.84314,90.53221,-100.0,42.0
4,46,23.84323,90.53213,-100.0,42.0
4,46,23.84331,90.53206,-100.0,40.0
4,46,23.84339,90.532,-94.0,37.0
4,46,23.84346,90.53194,-88.0,34.0
4,46,23.84352,90.53188,-90.0,34.0
4,46,23.84358,90.53182,-93.0,30.0
4,46,23.84364,90.53177,-85.0,30.0
4,46,23.8437,90.53171,-92.0,33.0
4,46,23.84376,90.53164,-93.0,36.0
4,46,23.84383,90.53157,-96.0,36.0
4,46,23.84392,90.5315,-89.0,44.0
4,46,23.84401,90.53143,-88.0,47.0
4,46,23.84411,90.53135,-100.0,50.0
4,46,23.84421,90.53126,-95.0,52.0
4,46,23.84431,90.53117,-94.0,55.0
4,46,23.84442,90.53106,-93.0,58.0
4,46,23.84453,90.53095,-101.0,61.0
4,46,23.84464,90.53084,-97.0,61.0
4,46,23.84477,90.53074,-91.0,61.0
4,46,23.84488,90.53064,-92.0,61.0
4,46,23.845,90.53054,-95.0,55.0
4,46,23.84511,90.53045,-92.0,53.0
4,46,23.84521,90.53037,-96.0,49.0
4,46,23.8453,90.53029,-97.0,45.0
4,46,23.84538,90.53022,-100.0,45.0
4,46,23.84546,90.53015,-100.0,37.0
4,46,23.84553,90.53009,-101.0,33.0
4,46,23.84559,90.53003,-99.0,29.0
4,46,23.84564,90.52998,-101.0,27.0
4,46,23.84569,90.52994,-101.0,27.0
4,46,23.84574,90.5299,-98.0,26.0
4,46,23.84579,90.52985,-99.0,26.0
4,46,23.84584,90.5298,-98.0,28.0
4,46,23.8459,90.52975,-99.0,29.0
4,46,23.84595,90.5297,-100.0,29.0
4,46,23.84602,90.52965,-99.0,32.0
4,46,23.84608,90.52959,-98.0,33.0
4,46,23.84614,90.52953,-102.0,32.0
4,46,23.8462,90.52947,-103.0,31.0
4,46,23.84626,90.52942,-106.0,31.0
4,46,23.84632,90.52936,-105.0,33.0
4,46,23.84638,90.5293,-106.0,34.0
4,46,23.84644,90.52924,-107.0,35.0
4,46,23.84651,90.52917,-104.0,36.0
4,46,23.84658,90.52911,-105.0,36.0
4,46,23.84664,90.52904,-110.0,36.0
4,46,23.84671,90.52898,-109.0,38.0
4,46,23.84679,90.52891,-111.0,38.0
4,46,23.84686,90.52885,-106.0,38.0
4,46,23.84693,90.52878,-109.0,38.0
4,46,23.847,90.52872,-106.0,38.0
4,46,23.84708,90.52865,-105.0,41.0
4,46,23.84716,90.52857,-109.0,42.0
4,46,23.84724,90.5285,-110.0,44.0
4,46,23.84732,90.52842,-110.0,44.0
4,46,23.84741,90.52834,-105.0,42.0
4,46,23.84749,90.52827,-101.0,43.0
4,46,23.84757,90.52819,-101.0,46.0
4,46,23.84767,90.5281,-102.0,49.0
4,46,23.84776,90.52802,-106.0,49.0
4,46,23.84786,90.52793,-108.0,50.0
4,46,23.84796,90.52785,-111.0,44.0
4,46,23.84803,90.52778,-109.0,34.0
4,46,23.84809,90.52773,-109.0,24.0
4,46,23.84813,90.52769,-110.0,19.0
4,46,23.84816,90.52766,-107.0,18.0
4,46,23.8482,90.52763,-108.0,23.0
4,46,23.84825,90.52758,-112.0,28.0
4,46,23.8483,90.52754,-113.0,27.0
4,46,23.84834,90.52749,-114.0,21.0
4,46,23.84837,90.52746,-112.0,16.0
4,46,23.84841,90.52743,-112.0,18.0
4,46,23.84845,90.52739,-104.0,24.0
4,46,23.8485,90.52734,-98.0,27.0
4,46,23.84855,90.52729,-98.0,32.0
4,46,23.84862,90.52723,-92.0,37.0
4,46,23.8487,90.52717,-119.0,37.0
4,46,23.84877,90.52711,-119.0,39.0
4,46,23.84885,90.52704,-121.0,41.0
4,46,23.84894,90.52696,-123.0,44.0
4,46,23.84912,90.52679,-112.0,47.0
4,46,23.84912,90.52679,-97.0,50.0
4,46,23.84933,90.5266,-113.0,53.0
4,46,23.84933,90.5266,-113.0,55.0
4,46,23.84944,90.5265,-113.0,55.0
4,46,23.84955,90.5264,-113.0,58.0
4,46,23.84966,90.5263,-107.0,58.0
4,46,23.84977,90.52619,-105.0,59.0
4,46,23.84989,90.52609,-100.0,57.0
4,46,23.85,90.52599,-101.0,57.0
4,46,23.85013,90.52589,-105.0,60.0
4,46,23.85025,90.52579,-108.0,62.0
4,46,23.85038,90.52568,-107.0,61.0
4,46,23.8505,90.52557,-107.0,62.0
4,46,23.85061,90.52546,-102.0,62.0
4,46,23.85074,90.52535,-101.0,64.0
4,46,23.85086,90.52523,-99.0,65.0
4,46,23.85098,90.52512,-93.0,66.0
4,46,23.85111,90.525,-94.0,67.0
4,46,23.85124,90.52488,-93.0,67.0
4,46,23.85138,90.52475,-92.0,70.0
4,46,23.85151,90.52463,-92.0,70.0
4,46,23.85165,90.5245,-89.0,73.0
4,46,23.85179,90.52437,-94.0,73.0
4,46,23.85193,90.52424,-93.0,73.0
4,47,23.85208,90.52411,-89.0,74.0
4,47,23.85222,90.52397,-89.0,74.0
4,47,23.85236,90.52384,-93.0,75.0
4,47,23.85251,90.52371,-96.0,76.0
4,47,23.85266,90.52357,-96.0,77.0
4,47,23.85281,90.52344,-82.0,75.0
4,47,23.85295,90.5233,-92.0,75.0
4,47,23.8531,90.52317,-89.0,75.0
4,47,23.85324,90.52304,-93.0,75.0
4,47,23.85338,90.5229,-93.0,75.0
4,47,23.85352,90.52277,-97.0,74.0
4,47,23.85366,90.52263,-97.0,74.0
4,47,23.8538,90.5225,-99.0,75.0
4,47,23.85395,90.52237,-98.0,75.0
4,47,23.85409,90.52224,-100.0,73.0
4,47,23.85422,90.52212,-99.0,67.0
4,47,23.85433,90.52201,-97.0,59.0
4,47,23.85443,90.52191,-100.0,48.0
4,47,23.8545,90.52184,-99.0,38.0
4,47,23.85456,90.52178,-100.0,38.0
4,47,23.85461,90.52174,-99.0,23.0
4,47,23.85465,90.52171,-82.0,19.0
4,47,23.85468,90.52168,-97.0,17.0
4,47,23.8547,90.52165,-94.0,15.0
4,47,23.85473,90.52162,-99.0,15.0
4,47,23.85475,90.52159,-96.0,17.0
4,47,23.85477,90.52156,-97.0,19.0
4,47,23.85481,90.52152,-98.0,22.0
4,47,23.85486,90.52148,-92.0,24.0
4,47,23.85491,90.52145,-83.0,24.0
4,47,23.85497,90.5214,-88.0,30.0
4,47,23.85504,90.52135,-84.0,35.0
4,47,23.8551,90.52128,-86.0,37.0
4,47,23.85516,90.52121,-88.0,34.0
4,47,23.85522,90.52116,-96.0,26.0
4,47,23.85527,90.52112,-96.0,22.0
4,47,23.85531,90.52109,-98.0,22.0
4,47,23.85535,90.52105,-98.0,24.0
4,47,23.8554,90.521,-99.0,27.0
4,47,23.85546,90.52095,-98.0,30.0
4,47,23.85552,90.52089,-97.0,31.0
4,47,23.85557,90.52084,-100.0,27.0
4,47,23.85562,90.5208,-99.0,24.0
4,47,23.85567,90.52076,-101.0,23.0
4,47,23.85571,90.52072,-102.0,23.0
4,47,23.85575,90.52068,-102.0,23.0
4,47,23.8558,90.52064,-103.0,23.0
4,47,23.85585,90.52061,-103.0,24.0
4,47,23.85589,90.52057,-102.0,23.0
4,47,23.85594,90.52053,-102.0,25.0
4,47,23.85599,90.52049,-99.0,26.0
4,47,23.85604,90.52044,-99.0,30.0
4,47,23.8561,90.52038,-101.0,36.0
4,47,23.85618,90.52031,-96.0,39.0
4,47,23.85625,90.52024,-92.0,39.0
4,47,23.85634,90.52017,-92.0,41.0
4,47,23.85642,90.52009,-99.0,43.0
4,47,23.85651,90.52002,-97.0,47.0
4,47,23.85661,90.51993,-94.0,50.0
4,47,23.85672,90.51985,-96.0,52.0
4,47,23.85683,90.51977,-96.0,55.0
4,47,23.85708,90.5196,-97.0,57.0
4,47,23.8572,90.51951,-96.0,57.0
4,47,23.85732,90.51943,-97.0,52.0
4,47,23.85743,90.51937,-95.0,45.0
4,47,23.85752,90.51931,-91.0,42.0
4,47,23.85762,90.51925,-91.0,40.0
4,47,23.85771,90.5192,-92.0,43.0
4,47,23.85781,90.51915,-93.0,43.0
4,47,23.85792,90.51909,-97.0,49.0
4,47,23.85803,90.51903,-101.0,52.0
4,47,23.85816,90.51896,-96.0,55.0
4,47,23.85828,90.51889,-96.0,57.0
4,47,23.85842,90.51882,-93.0,57.0
4,47,23.85855,90.51874,-93.0,61.0
4,47,23.85869,90.51866,-92.0,61.0
4,47,23.85883,90.51859,-91.0,61.0
4,47,23.85897,90.51851,-94.0,62.0
4,47,23.85911,90.51843,-95.0,64.0
4,47,23.85926,90.51835,-95.0,66.0
4,47,23.85941,90.51827,-92.0,68.0
4,47,23.85956,90.51818,-92.0,69.0
4,47,23.85972,90.51809,-94.0,71.0
4,47,23.85988,90.518,-93.0,72.0
4,47,23.86004,90.5179,-94.0,73.0
4,47,23.86021,90.51781,-94.0,75.0
4,47,23.86038,90.51771,-97.0,74.0
4,47,23.86054,90.51762,-102.0,72.0
4,47,23.8607,90.51753,-98.0,71.0
4,47,23.86086,90.51744,-95.0,70.0
4,47,23.86102,90.51735,-92.0,71.0
4,47,23.86118,90.51726,-97.0,71.0
4,47,23.86133,90.51717,-100.0,70.0
4,47,23.86149,90.51708,-108.0,70.0
4,47,23.86164,90.517,-105.0,68.0
4,47,23.86179,90.51691,-111.0,68.0
4,47,23.86194,90.51682,-108.0,68.0
4,47,23.86209,90.51674,-108.0,68.0
4,47,23.86224,90.51665,-109.0,68.0
4,47,23.8624,90.51656,-108.0,69.0
4,47,23.86255,90.51647,-109.0,69.0
4,47,23.8627,90.51638,-110.0,69.0
4,47,23.86285,90.51628,-111.0,68.0
4,47,23.863,90.5162,-108.0,68.0
4,47,23.86315,90.51611,-110.0,66.0
4,47,23.86329,90.51602,-111.0,65.0
4,47,23.86344,90.51594,-111.0,67.0
4,47,23.8636,90.51586,-107.0,69.0
4,47,23.86376,90.51577,-113.0,69.0
4,47,23.86392,90.51569,-113.0,73.0
4,47,23.86409,90.5156,-107.0,74.0
4,47,23.86426,90.51551,-107.0,75.0
4,47,23.86443,90.51542,-103.0,75.0
4,47,23.86459,90.51532,-106.0,76.0
4,47,23.86476,90.51522,-106.0,76.0
4,47,23.86493,90.51513,-106.0,76.0
4,47,23.8651,90.51503,-110.0,76.0
4,47,23.86526,90.51493,-113.0,74.0
4,47,23.86543,90.51484,-114.0,72.0
4,47,23.86558,90.51474,-111.0,70.0
4,47,23.86573,90.51464,-108.0,69.0
4,47,23.86587,90.51454,-113.0,67.0
4,47,23.86601,90.51444,-113.0,65.0
4,47,23.86614,90.51434,-108.0,65.0
4,47,23.86625,90.51423,-106.0,62.0
4,47,23.86637,90.51412,-103.0,60.0
4,47,23.86647,90.51401,-100.0,57.0
4,47,23.86657,90.5139,-103.0,52.0
4,47,23.86665,90.51381,-103.0,52.0
4,47,23.86671,90.51372,-99.0,40.0
4,47,23.86677,90.51364,-99.0,38.0
4,47,23.86683,90.51356,-99.0,39.0
4,47,23.8669,90.51347,-105.0,40.0
4,47,23.86696,90.51339,-106.0,40.0
4,47,23.86701,90.51331,-101.0,36.0
4,47,23.86707,90.51324,-102.0,35.0
4,47,23.86712,90.51316,-107.0,35.0
4,47,23.86717,90.51309,-108.0,34.0
4,47,23.86722,90.51301,-108.0,34.0
4,47,23.86728,90.51293,-110.0,36.0
4,47,23.86733,90.51285,-110.0,36.0
4,47,23.86738,90.51277,-107.0,36.0
4,47,23.86743,90.51269,-106.0,37.0
4,47,23.86749,90.51261,-107.0,37.0
4,47,23.86754,90.51253,-101.0,36.0
4,47,23.8676,90.51245,-103.0,38.0
4,47,23.86767,90.51237,-97.0,41.0
4,47,23.86774,90.51229,-106.0,39.0
4,47,23.86779,90.5122,-106.0,39.0
4,47,23.86785,90.51212,-104.0,37.0
4,47,23.86791,90.51204,-109.0,38.0
4,47,23.86796,90.51195,-109.0,38.0
4,47,23.86802,90.51187,-109.0,38.0
4,47,23.86807,90.51179,-110.0,38.0
4,47,23.86813,90.51171,-110.0,36.0
4,47,23.86819,90.51163,-111.0,37.0
4,47,23.86825,90.51155,-109.0,38.0
4,47,23.86831,90.51147,-111.0,39.0
4,47,23.86837,90.51138,-114.0,39.0
4,47,23.86842,90.5113,-111.0,36.0
4,47,23.86848,90.51123,-106.0,34.0
4,47,23.86852,90.51115,-106.0,33.0
4,47,23.86857,90.51109,-107.0,31.0
4,47,23.86861,90.51102,-109.0,31.0
4,47,23.86866,90.51096,-112.0,29.0
4,47,23.8687,90.5109,-109.0,27.0
4,47,23.86874,90.51084,-109.0,30.0
4,47,23.86879,90.51078,-110.0,31.0
4,47,23.86884,90.51071,-115.0,32.0
4,47,23.86889,90.51064,-114.0,31.0
4,47,23.86894,90.51058,-116.0,30.0
4,47,23.86899,90.51051,-113.0,30.0
4,47,23.86903,90.51044,-115.0,29.0
4,47,23.86907,90.51038,-115.0,27.0
4,47,23.86911,90.51033,-116.0,24.0
4,47,23.86914,90.51027,-119.0,23.0
4,47,23.86918,90.51023,-113.0,22.0
4,47,23.86921,90.51018,-113.0,21.0
4,48,23.86924,90.51014,-115.0,20.0
4,48,23.86927,90.51009,-117.0,19.0
4,48,23.8693,90.51005,-114.0,19.0
4,48,23.86933,90.51001,-116.0,18.0
4,48,23.86935,90.50997,-120.0,18.0
4,48,23.86938,90.50993,-116.0,20.0
4,48,23.86941,90.50988,-110.0,22.0
4,48,23.86945,90.50983,-110.0,23.0
4,48,23.86948,90.50979,-110.0,24.0
4,48,23.86952,90.50973,-110.0,25.0
4,48,23.86956,90.50968,-110.0,22.0
4,48,23.86959,90.50964,-117.0,20.0
4,48,23.86962,90.50959,-117.0,21.0
4,48,23.86965,90.50954,-118.0,24.0
4,48,23.86969,90.50948,-117.0,28.0
4,48,23.86974,90.50942,-110.0,30.0
4,48,23.86979,90.50935,-119.0,31.0
4,48,23.86984,90.50929,-119.0,30.0
4,48,23.86988,90.50922,-109.0,28.0
4,48,23.86993,90.50916,-104.0,27.0
4,48,23.86997,90.5091,-109.0,27.0
4,48,23.87001,90.50904,-108.0,28.0
4,48,23.87005,90.50898,-106.0,27.0
4,48,23.87009,90.50892,-111.0,27.0
4,48,23.87013,90.50886,-108.0,28.0
4,48,23.87017,90.5088,-111.0,28.0
4,48,23.87022,90.50874,-107.0,27.0
4,48,23.87026,90.50868,-104.0,26.0
4,48,23.8703,90.50863,-104.0,23.0
4,48,23.87033,90.50858,-101.0,20.0
4,48,23.87036,90.50854,-105.0,20.0
4,48,23.87039,90.50849,-106.0,20.0
4,48,23.87042,90.50844,-110.0,20.0
4,48,23.87045,90.5084,-107.0,19.0
4,48,23.87047,90.50835,-106.0,17.0
4,48,23.8705,90.50832,-106.0,14.0
4,48,23.87051,90.50829,-107.0,11.0
4,48,23.87053,90.50827,-105.0,9.0
4,48,23.87055,90.50825,-108.0,10.0
4,48,23.87056,90.50822,-105.0,12.0
4,48,23.87059,90.50819,-105.0,12.0
4,48,23.87062,90.50816,-107.0,19.0
4,48,23.87065,90.50812,-107.0,21.0
4,48,23.87069,90.50807,-108.0,24.0
4,48,23.87073,90.508,-107.0,30.0
4,48,23.87078,90.50793,-101.0,30.0
4,48,23.87083,90.50785,-101.0,37.0
4,48,23.87089,90.50777,-109.0,38.0
4,48,23.87094,90.50768,-105.0,39.0
4,48,23.87099,90.50758,-109.0,41.0
4,48,23.87104,90.50747,-107.0,41.0
4,48,23.8711,90.50736,-107.0,46.0
4,48,23.87115,90.50725,-104.0,49.0
4,48,23.87121,90.50712,-105.0,52.0
4,48,23.87127,90.50699,-111.0,55.0
4,48,23.87134,90.50685,-107.0,55.0
4,48,23.8714,90.50671,-108.0,60.0
4,48,23.87148,90.50657,-109.0,59.0
4,48,23.87155,90.50642,-106.0,59.0
4,48,23.87162,90.50628,-108.0,61.0
4,48,23.87169,90.50613,-106.0,62.0
4,48,23.87177,90.50598,-108.0,61.0
4,48,23.87185,90.50583,-106.0,61.0
4,48,23.87194,90.50569,-102.0,62.0
4,48,23.87204,90.50556,-83.0,63.0
4,48,23.87227,90.5053,-97.0,65.0
4,48,23.87227,90.5053,-86.0,66.0
4,48,23.87253,90.50507,-84.0,67.0
4,48,23.87253,90.50507,-85.0,69.0
4,48,23.87268,90.50496,-100.0,70.0
4,48,23.87284,90.50487,-102.0,70.0
4,48,23.873,90.50479,-97.0,73.0
4,48,23.87318,90.50472,-100.0,74.0
4,48,23.87336,90.50466,-104.0,75.0
4,48,23.87355,90.5046,-102.0,77.0
4,48,23.87373,90.50453,-102.0,77.0
4,48,23.87392,90.50446,-105.0,78.0
4,48,23.8741,90.50439,-103.0,77.0
4,48,23.87429,90.50432,-101.0,77.0
4,48,23.87447,90.50425,-91.0,76.0
4,48,23.87465,90.50418,-92.0,76.0
4,48,23.87482,90.5041,-88.0,76.0
4,48,23.875,90.50403,-99.0,75.0
4,48,23.87518,90.50395,-101.0,76.0
4,48,23.87536,90.50388,-100.0,75.0
4,48,23.87554,90.50381,-98.0,75.0
4,48,23.87572,90.50375,-89.0,76.0
4,48,23.8759,90.50368,-92.0,77.0
4,48,23.87609,90.50362,-97.0,76.0
4,48,23.87627,90.50355,-90.0,76.0
4,48,23.87646,90.50349,-96.0,76.0
4,48,23.87664,90.50343,-98.0,77.0
4,48,23.87683,90.50336,-97.0,77.0
4,48,23.87702,90.5033,-95.0,77.0
4,48,23.8772,90.50324,-98.0,77.0
4,48,23.87739,90.50319,-100.0,77.0
4,48,23.87758,90.50312,-106.0,79.0
4,48,23.87777,90.50306,-100.0,78.0
4,48,23.87795,90.503,-101.0,79.0
4,48,23.87815,90.50294,-109.0,79.0
4,48,23.87834,90.50288,-108.0,79.0
4,48,23.87853,90.50281,-108.0,80.0
4,48,23.87872,90.50275,-102.0,81.0
4,48,23.87892,90.50268,-102.0,81.0
4,48,23.87911,90.5026,-103.0,82.0
4,48,23.87931,90.50252,-104.0,84.0
4,48,23.8795,90.50243,-97.0,85.0
4,48,23.8797,90.50234,-97.0,83.0
4,48,23.87989,90.50226,-105.0,77.0
4,48,23.88006,90.50219,-106.0,69.0
4,48,23.88021,90.50213,-105.0,69.0
4,48,23.88034,90.50208,-104.0,55.0
4,48,23.88047,90.50203,-102.0,53.0
4,48,23.88059,90.50199,-97.0,52.0
4,48,23.88072,90.50195,-101.0,50.0
4,48,23.88083,90.5019,-101.0,51.0
4,48,23.88095,90.50185,-101.0,52.0
4,48,23.88107,90.5018,-97.0,52.0
4,48,23.88119,90.50174,-102.0,54.0
4,48,23.88131,90.50168,-97.0,55.0
4,48,23.88144,90.5016,-104.0,55.0
4,48,23.88156,90.50153,-102.0,60.0
4,48,23.8817,90.50145,-101.0,63.0
4,48,23.88185,90.50138,-99.0,64.0
4,48,23.88199,90.5013,-101.0,64.0
4,48,23.88214,90.50123,-97.0,64.0
4,48,23.88229,90.50116,-99.0,67.0
4,48,23.88244,90.50108,-96.0,69.0
4,48,23.8826,90.501,-94.0,71.0
4,48,23.88277,90.50091,-97.0,73.0
4,48,23.88293,90.50082,-93.0,73.0
4,48,23.88311,90.50073,-91.0,76.0
4,48,23.88328,90.50065,-86.0,77.0
4,48,23.88346,90.50056,-90.0,78.0
4,48,23.88364,90.50047,-91.0,79.0
4,48,23.88382,90.50037,-88.0,79.0
4,48,23.884,90.50027,-84.0,81.0
4,48,23.88418,90.50017,-78.0,82.0
4,48,23.88435,90.50004,-77.0,82.0
4,48,23.88452,90.49991,-75.0,83.0
4,48,23.88468,90.49976,-73.0,83.0
4,48,23.88482,90.49959,-77.0,85.0
4,48,23.88495,90.49941,-70.0,84.0
4,48,23.88507,90.49922,-70.0,83.0
4,48,23.88517,90.49902,-77.0,82.0
4,48,23.88526,90.49882,-75.0,81.0
4,48,23.88533,90.49861,-74.0,81.0
4,48,23.8854,90.4984,-80.0,82.0
4,48,23.88544,90.49817,-84.0,83.0
4,48,23.88547,90.49795,-86.0,83.0
4,48,23.88549,90.49773,-97.0,83.0
4,48,23.88551,90.49751,-82.0,76.0
4,48,23.88553,90.49732,-82.0,68.0
4,48,23.88554,90.49715,-82.0,55.0
4,48,23.88555,90.49701,-78.0,49.0
4,48,23.88555,90.49688,-73.0,48.0
4,48,23.88556,90.49676,-76.0,45.0
4,48,23.88556,90.49664,-82.0,44.0
4,48,23.88556,90.49652,-77.0,45.0
4,48,23.88556,90.4964,-76.0,43.0
4,48,23.88557,90.49629,-83.0,40.0
4,48,23.88558,90.49618,-84.0,39.0
4,48,23.88559,90.49608,-76.0,40.0
4,48,23.8856,90.49597,-82.0,42.0
4,48,23.88561,90.49585,-75.0,42.0
4,48,23.88562,90.49573,-73.0,43.0
4,48,23.88562,90.49562,-72.0,43.0
4,48,23.88563,90.4955,-83.0,43.0
4,48,23.88564,90.49538,-78.0,44.0
4,48,23.88565,90.49526,-87.0,44.0
4,48,23.88566,90.49514,-76.0,44.0
4,48,23.88568,90.49503,-79.0,43.0
4,48,23.88569,90.49491,-84.0,43.0
4,48,23.8857,90.49479,-87.0,43.0
4,48,23.88572,90.49468,-86.0,43.0
4,48,23.88573,90.49456,-90.0,44.0
4,48,23.88574,90.49444,-86.0,44.0
4,48,23.88576,90.49432,-97.0,44.0
4,49,23.88577,90.4942,-87.0,45.0
4,49,23.88579,90.49408,-83.0,44.0
4,49,23.8858,90.49396,-78.0,44.0
4,49,23.88582,90.49384,-82.0,45.0
4,49,23.88583,90.49371,-83.0,47.0
4,49,23.88584,90.49358,-82.0,47.0
4,49,23.88584,90.49346,-79.0,46.0
4,49,23.88585,90.49333,-78.0,46.0
4,49,23.88586,90.4932,-77.0,48.0
4,49,23.88587,90.49306,-77.0,49.0
4,49,23.88588,90.49293,-80.0,50.0
4,49,23.88589,90.49278,-82.0,53.0
4,49,23.8859,90.49264,-84.0,53.0
4,49,23.88592,90.49248,-86.0,59.0
4,49,23.88593,90.49231,-86.0,61.0
4,49,23.88594,90.49214,-87.0,63.0
4,49,23.88594,90.49197,-83.0,64.0
4,49,23.88594,90.49179,-77.0,64.0
4,49,23.88595,90.49161,-77.0,67.0
4,49,23.88596,90.49142,-79.0,68.0
4,49,23.88596,90.49123,-78.0,69.0
4,49,23.88597,90.49104,-80.0,70.0
4,49,23.88598,90.49084,-83.0,70.0
4,49,23.88599,90.49064,-80.0,72.0
4,49,23.88601,90.49044,-80.0,74.0
4,49,23.88604,90.49024,-82.0,75.0
4,49,23.88606,90.49003,-82.0,76.0
4,49,23.8861,90.48982,-78.0,76.0
4,49,23.88614,90.48961,-80.0,79.0
4,49,23.88618,90.48939,-89.0,81.0
4,49,23.88623,90.48917,-92.0,82.0
4,49,23.88628,90.48895,-89.0,83.0
4,49,23.88633,90.48873,-87.0,83.0
4,49,23.88639,90.4885,-92.0,85.0
4,49,23.88645,90.48828,-97.0,85.0
4,49,23.8865,90.48805,-98.0,86.0
4,49,23.88656,90.48782,-98.0,85.0
4,49,23.88662,90.4876,-97.0,85.0
4,49,23.88667,90.48737,-99.0,83.0
4,49,23.88673,90.48715,-97.0,82.0
4,49,23.88678,90.48694,-99.0,80.0
4,49,23.88684,90.48673,-99.0,78.0
4,49,23.88689,90.48653,-99.0,78.0
4,49,23.88695,90.48633,-102.0,75.0
4,49,23.887,90.48613,-101.0,76.0
4,49,23.88706,90.48593,-101.0,76.0
4,49,23.88713,90.48574,-104.0,77.0
4,49,23.8872,90.48555,-104.0,77.0
4,49,23.88729,90.48537,-95.0,75.0
4,49,23.88739,90.48519,-102.0,75.0
4,49,23.8875,90.48502,-102.0,77.0
4,49,23.88763,90.48487,-107.0,77.0
4,49,23.88777,90.48472,-105.0,77.0
4,49,23.88792,90.48459,-104.0,76.0
4,49,23.88808,90.48448,-99.0,74.0
4,49,23.88825,90.48438,-95.0,75.0
4,49,23.88843,90.4843,-95.0,76.0
4,49,23.88861,90.48423,-91.0,76.0
4,49,23.8888,90.48417,-92.0,77.0
4,49,23.88899,90.48413,-95.0,77.0
4,49,23.88918,90.48411,-91.0,77.0
4,49,23.88938,90.48409,-95.0,78.0
4,49,23.88957,90.48407,-96.0,78.0
4,49,23.88977,90.48406,-91.0,79.0
4,49,23.88997,90.48405,-97.0,79.0
4,49,23.89017,90.48404,-96.0,78.0
4,49,23.89037,90.48402,-100.0,78.0
4,49,23.89056,90.48401,-97.0,78.0
4,49,23.89076,90.484,-97.0,78.0
4,49,23.89096,90.48399,-99.0,78.0
4,49,23.89116,90.48397,-96.0,79.0
4,49,23.89136,90.48395,-95.0,81.0
4,49,23.89157,90.48392,-89.0,81.0
4,49,23.89177,90.48388,-94.0,83.0
4,49,23.89198,90.48383,-100.0,84.0
4,49,23.89219,90.48376,-95.0,85.0
4,49,23.89239,90.48369,-98.0,85.0
4,49,23.89259,90.48361,-95.0,85.0
4,49,23.8928,90.48353,-96.0,88.0
4,49,23.89301,90.48344,-90.0,90.0
4,49,23.89322,90.48335,-85.0,91.0
4,49,23.89344,90.48326,-93.0,90.0
4,49,23.89365,90.48317,-90.0,90.0
4,49,23.89386,90.48308,-95.0,91.0
4,49,23.89408,90.48299,-97.0,93.0
4,49,23.8943,90.4829,-90.0,93.0
4,49,23.89452,90.4828,-92.0,94.0
4,49,23.89474,90.48271,-93.0,94.0
4,49,23.89496,90.48261,-94.0,95.0
4,49,23.89518,90.48251,-91.0,95.0
4,49,23.8954,90.48241,-93.0,94.0
4,49,23.89562,90.4823,-89.0,94.0
4,49,23.89584,90.4822,-91.0,94.0
4,49,23.89605,90.48211,-91.0,92.0
4,49,23.89627,90.48203,-97.0,92.0
4,49,23.8965,90.48197,-92.0,92.0
4,49,23.89673,90.48192,-93.0,92.0
4,49,23.89695,90.48187,-97.0,92.0
4,49,23.89718,90.48182,-93.0,93.0
4,49,23.89741,90.48177,-93.0,93.0
4,49,23.89763,90.48171,-91.0,92.0
4,49,23.89786,90.48165,-89.0,91.0
4,49,23.89808,90.48159,-87.0,91.0
4,49,23.8983,90.48152,-87.0,92.0
4,49,23.89852,90.48146,-86.0,91.0
4,49,23.89874,90.48139,-84.0,91.0
4,49,23.89896,90.48133,-81.0,89.0
4,49,23.89918,90.48127,-82.0,89.0
4,49,23.89939,90.48121,-87.0,88.0
4,49,23.89961,90.48115,-86.0,87.0
4,49,23.89982,90.48109,-87.0,87.0
4,49,23.90003,90.48103,-90.0,87.0
4,49,23.90025,90.48097,-92.0,87.0
4,49,23.90046,90.48091,-96.0,88.0
4,49,23.90068,90.48084,-94.0,89.0
4,49,23.9009,90.48078,-100.0,90.0
4,49,23.90112,90.48071,-98.0,90.0
4,49,23.90134,90.48065,-98.0,91.0
4,49,23.90156,90.48058,-101.0,92.0
4,49,23.90178,90.48051,-100.0,92.0
4,49,23.90201,90.48045,-99.0,92.0
4,49,23.90223,90.48038,-93.0,93.0
4,49,23.90246,90.48031,-93.0,93.0
4,49,23.90268,90.48025,-92.0,93.0
4,49,23.90291,90.48018,-91.0,93.0
4,49,23.90313,90.48011,-95.0,93.0
4,49,23.90336,90.48004,-98.0,92.0
4,49,23.90358,90.47997,-98.0,92.0
4,49,23.9038,90.47989,-100.0,92.0
4,49,23.90402,90.47982,-101.0,92.0
4,49,23.90424,90.47974,-100.0,92.0
4,49,23.90446,90.47966,-103.0,92.0
4,49,23.90468,90.47959,-106.0,92.0
4,49,23.9049,90.47951,-106.0,91.0
4,49,23.90512,90.47943,-97.0,92.0
4,49,23.90534,90.47935,-101.0,92.0
4,49,23.90555,90.47927,-105.0,92.0
4,49,23.90578,90.47919,-100.0,91.0
4,49,23.90599,90.47912,-103.0,90.0
4,49,23.9062,90.47905,-103.0,87.0
4,49,23.90641,90.47897,-99.0,85.0
4,49,23.90661,90.4789,-100.0,83.0
4,49,23.9068,90.47882,-106.0,83.0
4,49,23.90698,90.47874,-100.0,80.0
4,49,23.90717,90.47865,-93.0,80.0
4,49,23.90734,90.47855,-111.0,80.0
4,49,23.90751,90.47844,-112.0,79.0
4,49,23.90767,90.47832,-109.0,79.0
4,49,23.90782,90.47819,-108.0,78.0
4,49,23.90797,90.47805,-112.0,78.0
4,49,23.90811,90.4779,-111.0,78.0
4,49,23.90824,90.47775,-112.0,78.0
4,49,23.90837,90.47759,-111.0,78.0
4,49,23.90849,90.47743,-113.0,78.0
4,49,23.90861,90.47727,-111.0,78.0
4,49,23.90874,90.4771,-112.0,78.0
4,49,23.90886,90.47694,-115.0,79.0
4,49,23.90898,90.47677,-114.0,79.0
4,49,23.90911,90.47661,-116.0,79.0
4,49,23.90924,90.47644,-90.0,79.0
4,49,23.90936,90.47628,-90.0,79.0
4,49,23.90949,90.47611,-82.0,80.0
4,49,23.90962,90.47594,-82.0,80.0
4,49,23.90975,90.47577,-76.0,81.0
4,49,23.90987,90.4756,-77.0,81.0
4,49,23.91,90.47542,-78.0,82.0
4,49,23.91014,90.47525,-80.0,83.0
4,49,23.91027,90.47507,-80.0,83.0
4,49,23.91041,90.4749,-83.0,84.0
4,49,23.91054,90.47472,-83.0,85.0
4,49,23.91068,90.47454,-86.0,86.0
4,49,23.91082,90.47436,-86.0,86.0
4,49,23.91096,90.47418,-88.0,86.0
4,49,23.91109,90.47399,-93.0,87.0
4,49,23.91124,90.47381,-93.0,88.0
4,49,23.91138,90.47362,-88.0,89.0
4,49,23.91153,90.47344,-94.0,90.0
4,49,23.91167,90.47325,-90.0,90.0
4,50,23.91182,90.47306,-95.0,90.0
4,50,23.91197,90.47287,-88.0,90.0
4,50,23.91211,90.47268,-87.0,91.0
4,50,23.91226,90.47249,-98.0,90.0
4,50,23.9124,90.4723,-102.0,90.0
4,50,23.91255,90.47211,-102.0,89.0
4,50,23.91269,90.47193,-100.0,89.0
4,50,23.91284,90.47174,-102.0,89.0
4,50,23.91298,90.47155,-105.0,88.0
4,50,23.91312,90.47137,-104.0,88.0
4,50,23.91326,90.47119,-108.0,86.0
4,50,23.9134,90.47101,-109.0,85.0
4,50,23.91353,90.47083,-108.0,84.0
4,50,23.91367,90.47066,-110.0,83.0
4,50,23.91381,90.4705,-109.0,83.0
4,50,23.91395,90.47034,-109.0,80.0
4,50,23.9141,90.47019,-114.0,80.0
4,50,23.91425,90.47005,-111.0,80.0
4,50,23.91441,90.46991,-111.0,81.0
4,50,23.91458,90.46978,-111.0,81.0
4,50,23.91475,90.46966,-114.0,82.0
4,50,23.91492,90.46955,-117.0,82.0
4,50,23.91511,90.46944,-88.0,82.0
4,50,23.9153,90.46935,-88.0,83.0
4,50,23.91549,90.46927,-83.0,83.0
4,50,23.91569,90.46919,-88.0,83.0
4,50,23.91589,90.46912,-91.0,83.0
4,50,23.91609,90.46906,-87.0,82.0
4,50,23.91629,90.46899,-88.0,82.0
4,50,23.91649,90.46894,-90.0,82.0
4,50,23.91668,90.46888,-92.0,78.0
4,50,23.91687,90.46882,-95.0,77.0
4,50,23.91706,90.46876,-92.0,76.0
4,50,23.91724,90.4687,-93.0,75.0
4,50,23.91742,90.46865,-93.0,75.0
4,50,23.9176,90.46859,-94.0,75.0
4,50,23.91779,90.46853,-96.0,76.0
4,50,23.91797,90.46847,-99.0,76.0
4,50,23.91815,90.46842,-100.0,76.0
4,50,23.91834,90.46835,-99.0,76.0
4,50,23.91852,90.46829,-97.0,78.0
4,50,23.9187,90.46822,-97.0,77.0
4,50,23.91889,90.46815,-95.0,77.0
4,50,23.91907,90.46807,-93.0,77.0
4,50,23.91924,90.46798,-92.0,76.0
4,50,23.9194,90.46788,-94.0,76.0
4,50,23.91956,90.46775,-95.0,76.0
4,50,23.91971,90.46762,-88.0,75.0
4,50,23.91984,90.46748,-94.0,75.0
4,50,23.91996,90.46732,-90.0,75.0
4,50,23.92007,90.46716,-85.0,75.0
4,50,23.92017,90.46698,-95.0,75.0
4,50,23.92026,90.46681,-95.0,74.0
4,50,23.92035,90.46663,-96.0,74.0
4,50,23.92043,90.46645,-92.0,74.0
4,50,23.92052,90.46627,-94.0,74.0
4,50,23.92061,90.46609,-94.0,75.0
4,50,23.92069,90.46591,-93.0,75.0
4,50,23.92078,90.46573,-95.0,76.0
4,50,23.92087,90.46554,-92.0,76.0
4,50,23.92096,90.46536,-93.0,78.0
4,50,23.92105,90.46517,-88.0,79.0
4,50,23.92114,90.46498,-88.0,80.0
4,50,23.92124,90.46478,-80.0,80.0
4,50,23.92133,90.46459,-79.0,82.0
4,50,23.92143,90.46439,-76.0,83.0
4,50,23.92152,90.46419,-79.0,83.0
4,50,23.92162,90.46398,-85.0,84.0
4,50,23.92172,90.46378,-72.0,85.0
4,50,23.92181,90.46357,-72.0,85.0
4,50,23.92191,90.46336,-72.0,86.0
4,50,23.92201,90.46315,-79.0,87.0
4,50,23.92212,90.46294,-83.0,87.0
4,50,23.92222,90.46273,-84.0,87.0
4,50,23.92232,90.46252,-69.0,87.0
4,50,23.92242,90.46231,-68.0,86.0
4,50,23.92252,90.4621,-67.0,86.0
4,50,23.92262,90.46189,-69.0,87.0
4,50,23.92272,90.46168,-76.0,87.0
4,50,23.92282,90.46147,-73.0,87.0
4,50,23.92292,90.46126,-82.0,87.0
4,50,23.92303,90.46105,-79.0,88.0
4,50,23.92313,90.46083,-82.0,88.0
4,50,23.92323,90.46062,-82.0,89.0
4,50,23.92333,90.4604,-84.0,89.0
4,50,23.92344,90.46018,-83.0,91.0
4,50,23.92355,90.45996,-89.0,91.0
4,50,23.92365,90.45974,-87.0,92.0
4,50,23.92376,90.45951,-92.0,93.0
4,50,23.92387,90.45929,-87.0,93.0
4,50,23.92398,90.45906,-87.0,94.0
4,50,23.92409,90.45883,-86.0,95.0
4,50,23.9242,90.4586,-89.0,95.0
4,50,23.92431,90.45837,-89.0,96.0
4,50,23.92442,90.45813,-84.0,96.0
4,50,23.92452,90.45789,-83.0,97.0
4,50,23.92463,90.45765,-85.0,97.0
4,50,23.92473,90.45741,-89.0,97.0
4,50,23.92484,90.45717,-90.0,98.0
4,50,23.92495,90.45693,-90.0,98.0
4,50,23.92505,90.45669,-87.0,97.0
4,50,23.92516,90.45645,-84.0,96.0
4,50,23.92526,90.45622,-76.0,93.0
4,50,23.92538,90.456,-76.0,90.0
4,50,23.9255,90.4558,-78.0,90.0
4,50,23.92562,90.45561,-83.0,85.0
4,50,23.92576,90.45543,-82.0,82.0
4,50,23.9259,90.45528,-79.0,80.0
4,50,23.92605,90.45513,-73.0,80.0
4,50,23.92621,90.455,-73.0,80.0
4,50,23.92638,90.45488,-79.0,80.0
4,50,23.92655,90.45478,-80.0,79.0
4,50,23.92673,90.45469,-75.0,79.0
4,50,23.92692,90.4546,-71.0,80.0
4,50,23.9271,90.45452,-72.0,80.0
4,50,23.92729,90.45444,-77.0,79.0
4,50,23.92747,90.45437,-73.0,79.0
4,50,23.92766,90.45429,-75.0,79.0
4,50,23.92784,90.45421,-81.0,79.0
4,50,23.92803,90.45413,-75.0,79.0
4,50,23.92821,90.45404,-75.0,78.0
4,50,23.92838,90.45397,-79.0,75.0
4,50,23.92855,90.45389,-78.0,72.0
4,50,23.92871,90.45381,-77.0,69.0
4,50,23.92887,90.45373,-78.0,69.0
4,50,23.92902,90.45363,-74.0,70.0
4,50,23.92918,90.45353,-78.0,71.0
4,50,23.92933,90.45342,-78.0,73.0
4,50,23.92948,90.4533,-82.0,74.0
4,50,23.92962,90.45317,-78.0,74.0
4,50,23.92976,90.45303,-81.0,78.0
4,50,23.92991,90.45288,-81.0,79.0
4,50,23.93004,90.45273,-87.0,79.0
4,50,23.93017,90.45257,-78.0,79.0
4,50,23.9303,90.4524,-87.0,79.0
4,50,23.93043,90.45222,-83.0,83.0
4,50,23.93055,90.45203,-72.0,86.0
4,50,23.93068,90.45184,-78.0,88.0
4,50,23.93081,90.45164,-74.0,90.0
4,50,23.93094,90.45144,-84.0,90.0
4,50,23.93108,90.45124,-79.0,93.0
4,50,23.93123,90.45103,-88.0,93.0
4,50,23.93137,90.45083,-83.0,94.0
4,50,23.93151,90.45062,-89.0,95.0
4,50,23.93166,90.45042,-91.0,95.0
4,50,23.93181,90.45021,-92.0,95.0
4,50,23.93195,90.45001,-86.0,94.0
4,50,23.93209,90.4498,-86.0,93.0
4,50,23.93223,90.4496,-83.0,91.0
4,50,23.93237,90.44941,-81.0,90.0
4,50,23.93251,90.44922,-84.0,88.0
4,50,23.93264,90.44903,-84.0,87.0
4,50,23.93277,90.44884,-81.0,85.0
4,50,23.9329,90.44866,-82.0,84.0
4,50,23.93303,90.44848,-82.0,83.0
4,50,23.93316,90.4483,-82.0,82.0
4,50,23.93329,90.44812,-81.0,82.0
4,50,23.93342,90.44794,-83.0,84.0
4,50,23.93355,90.44776,-83.0,85.0
4,50,23.93368,90.44758,-81.0,86.0
4,50,23.93381,90.44739,-81.0,86.0
4,50,23.93394,90.4472,-83.0,86.0
4,50,23.93408,90.44702,-82.0,86.0
4,50,23.93421,90.44683,-81.0,86.0
4,50,23.93434,90.44665,-81.0,86.0
4,50,23.93447,90.44646,-83.0,85.0
4,50,23.9346,90.44628,-88.0,84.0
4,50,23.93472,90.44609,-86.0,84.0
4,50,23.93485,90.44591,-83.0,83.0
4,50,23.93498,90.44573,-84.0,83.0
4,50,23.9351,90.44555,-85.0,83.0
4,50,23.93523,90.44538,-92.0,82.0
4,50,23.93536,90.4452,-91.0,82.0
4,50,23.93549,90.44503,-88.0,81.0
4,50,23.93561,90.44485,-90.0,81.0
4,50,23.93574,90.44468,-86.0,81.0
4,50,23.93587,90.44451,-88.0,80.0
4,50,23.936,90.44434,-77.0,81.0
4,51,23.93613,90.44417,-80.0,81.0
4,51,23.93626,90.444,-83.0,81.0
4,51,23.93638,90.44383,-88.0,81.0
4,51,23.93651,90.44366,-91.0,81.0
4,51,23.93664,90.44349,-93.0,81.0
4,51,23.93677,90.44332,-93.0,81.0
4,51,23.9369,90.44315,-90.0,82.0
4,51,23.93704,90.44298,-91.0,84.0
4,51,23.93718,90.4428,-89.0,84.0
4,51,23.93731,90.44263,-88.0,85.0
4,51,23.93745,90.44245,-86.0,86.0
4,51,23.93759,90.44227,-86.0,86.0
4,51,23.93774,90.44209,-87.0,86.0
4,51,23.93788,90.44192,-87.0,86.0
4,51,23.93802,90.44174,-88.0,86.0
4,51,23.93817,90.44156,-88.0,86.0
4,51,23.93831,90.44139,-87.0,86.0
4,51,23.93846,90.44121,-90.0,86.0
4,51,23.9386,90.44104,-88.0,87.0
4,51,23.93875,90.44086,-90.0,88.0
4,51,23.9389,90.44068,-87.0,89.0
4,51,23.93905,90.4405,-86.0,90.0
4,51,23.9392,90.44032,-86.0,90.0
4,51,23.93936,90.44013,-87.0,91.0
4,51,23.93951,90.43995,-91.0,92.0
4,51,23.93967,90.43977,-91.0,92.0
4,51,23.93983,90.43958,-94.0,92.0
4,51,23.93999,90.4394,-93.0,92.0
4,51,23.94014,90.43921,-90.0,92.0
4,51,23.9403,90.43902,-91.0,92.0
4,51,23.94045,90.43884,-92.0,92.0
4,51,23.94061,90.43865,-92.0,92.0
4,51,23.94077,90.43846,-92.0,92.0
4,51,23.94092,90.43828,-90.0,92.0
4,51,23.94108,90.43809,-86.0,92.0
4,51,23.94124,90.4379,-93.0,92.0
4,51,23.9414,90.43772,-91.0,92.0
4,51,23.94155,90.43753,-91.0,91.0
4,51,23.94171,90.43735,-91.0,90.0
4,51,23.94186,90.43717,-93.0,90.0
4,51,23.94201,90.43699,-93.0,89.0
4,51,23.94216,90.4368,-94.0,89.0
4,51,23.94229,90.43662,-94.0,87.0
4,51,23.94243,90.43643,-94.0,87.0
4,51,23.94255,90.43623,-98.0,87.0
4,51,23.94267,90.43603,-96.0,87.0
4,51,23.94278,90.43583,-96.0,87.0
4,51,23.94288,90.43562,-101.0,86.0
4,51,23.94299,90.43541,-99.0,86.0
4,51,23.9431,90.43521,-98.0,87.0
4,51,23.9432,90.435,-100.0,87.0
4,51,23.94331,90.43479,-97.0,87.0
4,51,23.94342,90.43458,-103.0,87.0
4,51,23.94352,90.43438,-104.0,86.0
4,51,23.94363,90.43417,-96.0,86.0
4,51,23.94373,90.43397,-99.0,84.0
4,51,23.94384,90.43377,-94.0,84.0
4,51,23.94394,90.43358,-102.0,83.0
4,51,23.94404,90.43338,-105.0,82.0
4,51,23.94414,90.43318,-105.0,83.0
4,51,23.94424,90.43298,-112.0,83.0
4,51,23.94434,90.43279,-111.0,83.0
4,51,23.94445,90.43259,-109.0,84.0
4,51,23.94456,90.43239,-112.0,84.0
4,51,23.94466,90.43219,-113.0,85.0
4,51,23.94477,90.43199,-108.0,86.0
4,51,23.94487,90.43178,-113.0,86.0
4,51,23.94498,90.43158,-107.0,86.0
4,51,23.94508,90.43137,-106.0,87.0
4,51,23.94519,90.43117,-103.0,87.0
4,51,23.9453,90.43096,-102.0,85.0
4,51,23.9454,90.43076,-107.0,85.0
4,51,23.9455,90.43055,-105.0,85.0
4,51,23.9456,90.43035,-104.0,85.0
4,51,23.9457,90.43014,-98.0,85.0
4,51,23.94579,90.42993,-95.0,85.0
4,51,23.94588,90.42972,-92.0,85.0
4,51,23.94597,90.42951,-99.0,85.0
4,51,23.94606,90.4293,-101.0,87.0
4,51,23.94615,90.42908,-106.0,87.0
4,51,23.94624,90.42886,-106.0,87.0
4,51,23.94633,90.42864,-106.0,87.0
4,51,23.94642,90.42842,-103.0,88.0
4,51,23.94651,90.4282,-102.0,89.0
4,51,23.9466,90.42798,-101.0,88.0
4,51,23.94668,90.42776,-104.0,89.0
4,51,23.94677,90.42753,-104.0,89.0
4,51,23.94686,90.42731,-103.0,87.0
4,51,23.94695,90.4271,-102.0,87.0
4,51,23.94704,90.42688,-100.0,86.0
4,51,23.94712,90.42666,-94.0,86.0
4,51,23.9472,90.42645,-90.0,86.0
4,51,23.94729,90.42623,-88.0,85.0
4,51,23.94737,90.42602,-88.0,85.0
4,51,23.94745,90.42581,-92.0,84.0
4,51,23.94754,90.4256,-102.0,84.0
4,51,23.94763,90.42539,-106.0,84.0
4,51,23.94771,90.42518,-99.0,84.0
4,51,23.9478,90.42496,-118.0,85.0
4,51,23.94788,90.42475,-120.0,85.0
4,51,23.94797,90.42454,-122.0,85.0
4,51,23.94805,90.42432,-119.0,85.0
4,51,23.94814,90.4241,-118.0,86.0
4,51,23.94821,90.42388,-118.0,86.0
4,51,23.94829,90.42366,-117.0,87.0
4,51,23.94835,90.42344,-114.0,87.0
4,51,23.94841,90.4232,-126.0,87.0
4,51,23.94846,90.42297,-141.0,88.0
4,51,23.94851,90.42273,-141.0,89.0
4,51,23.94855,90.4225,-141.0,88.0
4,51,23.94858,90.42226,-141.0,89.0
4,51,23.94861,90.42201,-141.0,89.0
4,51,23.94864,90.42177,-141.0,89.0
4,51,23.94866,90.42153,-141.0,90.0
4,51,23.94869,90.42128,-141.0,90.0
4,51,23.94872,90.42104,-141.0,89.0
4,51,23.94875,90.4208,-141.0,89.0
4,51,23.94878,90.42056,-141.0,89.0
4,51,23.9488,90.42031,-141.0,89.0
4,51,23.94883,90.42007,-141.0,89.0
4,51,23.94886,90.41983,-141.0,89.0
4,51,23.94889,90.41959,-141.0,89.0
4,51,23.94891,90.41935,-141.0,89.0
4,51,23.94894,90.41911,-141.0,87.0
4,51,23.94897,90.41888,-141.0,87.0
4,51,23.949,90.41864,-141.0,87.0
4,51,23.94902,90.41841,-141.0,87.0
4,51,23.94905,90.41817,-141.0,87.0
4,51,23.94907,90.41794,-141.0,86.0
4,51,23.9491,90.41771,-141.0,86.0
4,51,23.94913,90.41748,-141.0,84.0
4,51,23.94915,90.41725,-141.0,84.0
4,51,23.94918,90.41702,-141.0,84.0
4,51,23.94921,90.4168,-141.0,83.0
4,51,23.94924,90.41658,-141.0,83.0
4,51,23.94926,90.41635,-141.0,82.0
4,51,23.94929,90.41613,-141.0,82.0
4,51,23.94932,90.41591,-141.0,81.0
4,51,23.94935,90.41569,-141.0,81.0
4,51,23.94938,90.41548,-141.0,80.0
4,51,23.94941,90.41526,-141.0,81.0
4,51,23.94945,90.41504,-141.0,81.0
4,51,23.9495,90.41482,-141.0,82.0
4,51,23.94955,90.4146,-141.0,83.0
4,51,23.9496,90.41438,-141.0,83.0
4,51,23.94965,90.41416,-141.0,83.0
4,51,23.94971,90.41394,-141.0,83.0
4,51,23.94977,90.41372,-141.0,86.0
4,51,23.94984,90.41349,-141.0,86.0
4,51,23.9499,90.41326,-141.0,86.0
4,51,23.94996,90.41303,-141.0,87.0
4,51,23.95003,90.4128,-141.0,87.0
4,51,23.95009,90.41257,-141.0,90.0
4,51,23.95016,90.41233,-141.0,91.0
4,51,23.95023,90.41209,-141.0,91.0
4,51,23.9503,90.41185,-141.0,91.0
4,51,23.95037,90.41161,-80.0,91.0
4,51,23.95043,90.41137,-83.0,91.0
4,51,23.9505,90.41113,-84.0,90.0
4,51,23.95063,90.41067,-90.0,88.0
4,51,23.95063,90.41067,-84.0,88.0
4,51,23.95069,90.41043,-83.0,87.0
4,51,23.95075,90.4102,-81.0,88.0
4,51,23.9508,90.40997,-84.0,87.0
4,51,23.95086,90.40974,-87.0,87.0
4,51,23.95092,90.40951,-83.0,87.0
4,51,23.95098,90.40928,-76.0,87.0
4,51,23.95103,90.40905,-83.0,86.0
4,51,23.95108,90.40882,-82.0,87.0
4,51,23.95113,90.40859,-72.0,87.0
4,51,23.95118,90.40836,-72.0,86.0
4,51,23.95123,90.40813,-88.0,85.0
4,51,23.95128,90.40791,-88.0,84.0
4,51,23.95133,90.40769,-96.0,84.0
4,51,23.95138,90.40747,-96.0,84.0
4,51,23.95143,90.40724,-92.0,85.0
4,51,23.95148,90.40701,-94.0,84.0
4,51,23.95153,90.40679,-92.0,84.0
4,52,23.95163,90.40635,-95.0,84.0
4,52,23.95163,90.40635,-94.0,84.0
4,52,23.95168,90.40612,-95.0,84.0
4,52,23.95173,90.4059,-97.0,84.0
4,52,23.95178,90.40568,-93.0,84.0
4,52,23.95183,90.40545,-91.0,84.0
4,52,23.95188,90.40523,-97.0,83.0
4,52,23.95192,90.40501,-90.0,83.0
4,52,23.95202,90.40457,-88.0,82.0
4,52,23.95202,90.40457,-97.0,82.0
4,52,23.95207,90.40436,-90.0,81.0
4,52,23.95212,90.40414,-93.0,80.0
4,52,23.95217,90.40394,-94.0,78.0
4,52,23.95223,90.40374,-98.0,77.0
4,52,23.9523,90.40354,-96.0,77.0
4,52,23.95238,90.40335,-89.0,77.0
4,52,23.95257,90.40298,-89.0,77.0
4,52,23.95257,90.40298,-87.0,78.0
4,52,23.95269,90.40281,-85.0,79.0
4,52,23.95281,90.40264,-88.0,79.0
4,52,23.95295,90.40248,-92.0,79.0
4,52,23.95309,90.40233,-89.0,79.0
4,52,23.95324,90.40219,-97.0,79.0
4,52,23.9534,90.40206,-93.0,79.0
4,52,23.95357,90.40194,-90.0,79.0
4,52,23.95375,90.40183,-89.0,80.0
4,52,23.95393,90.40174,-90.0,81.0
4,52,23.95412,90.40166,-99.0,81.0
4,52,23.95431,90.40159,-96.0,81.0
4,52,23.95452,90.40154,-95.0,82.0
4,52,23.95472,90.40149,-95.0,83.0
4,52,23.95493,90.40144,-79.0,83.0
4,52,23.95514,90.4014,-77.0,86.0
4,52,23.95536,90.40136,-89.0,86.0
4,52,23.95557,90.40132,-85.0,86.0
4,52,23.95579,90.40128,-86.0,87.0
4,52,23.956,90.40124,-91.0,87.0
4,52,23.95622,90.4012,-89.0,88.0
4,52,23.95644,90.40115,-88.0,88.0
4,52,23.95666,90.40111,-99.0,88.0
4,52,23.95688,90.40107,-92.0,87.0
4,52,23.9571,90.40102,-92.0,87.0
4,52,23.95732,90.40098,-86.0,88.0
4,52,23.95754,90.40094,-97.0,88.0
4,52,23.95775,90.40089,-94.0,87.0
4,52,23.95797,90.40085,-95.0,87.0
4,52,23.95819,90.40081,-96.0,88.0
4,52,23.9584,90.40077,-93.0,88.0
4,52,23.95862,90.40073,-96.0,88.0
4,52,23.95884,90.40069,-89.0,88.0
4,52,23.95906,90.40065,-91.0,89.0
4,52,23.95928,90.4006,-93.0,89.0
4,52,23.9595,90.40056,-92.0,89.0
4,52,23.95972,90.40052,-94.0,90.0
4,52,23.95994,90.40047,-86.0,89.0
4,52,23.96015,90.40043,-88.0,89.0
4,52,23.96038,90.40038,-95.0,90.0
4,52,23.9606,90.40034,-98.0,90.0
4,52,23.96082,90.40029,-100.0,90.0
4,52,23.96104,90.40025,-90.0,89.0
4,52,23.96126,90.4002,-90.0,89.0
4,52,23.96148,90.40016,-87.0,88.0
4,52,23.96169,90.40011,-84.0,88.0
4,52,23.96191,90.40007,-84.0,88.0
4,52,23.96212,90.40002,-90.0,87.0
4,52,23.96234,90.39997,-85.0,87.0
4,52,23.96255,90.39992,-92.0,86.0
4,52,23.96276,90.39987,-92.0,86.0
4,52,23.96298,90.39981,-98.0,86.0
4,52,23.96319,90.39975,-94.0,87.0
4,52,23.9634,90.39969,-94.0,87.0
4,52,23.96362,90.39963,-92.0,88.0
4,52,23.96383,90.39956,-93.0,88.0
4,52,23.96405,90.39949,-98.0,88.0
4,52,23.96426,90.39942,-97.0,90.0
4,52,23.96448,90.39934,-93.0,90.0
4,52,23.9647,90.39926,-92.0,90.0
4,52,23.96491,90.39919,-95.0,90.0
4,52,23.96513,90.3991,-97.0,90.0
4,52,23.96534,90.39902,-98.0,90.0
4,52,23.96555,90.39894,-92.0,89.0
4,52,23.96576,90.39886,-97.0,89.0
4,52,23.96598,90.39878,-97.0,89.0
4,52,23.96619,90.3987,-102.0,89.0
4,52,23.96639,90.39862,-104.0,87.0
4,52,23.9666,90.39854,-99.0,87.0
4,52,23.96681,90.39846,-107.0,87.0
4,52,23.96702,90.39839,-101.0,87.0
4,52,23.96722,90.39831,-107.0,87.0
4,52,23.96743,90.39823,-103.0,87.0
4,52,23.96764,90.39816,-102.0,88.0
4,52,23.96785,90.39808,-106.0,87.0
4,52,23.96805,90.39801,-105.0,87.0
4,52,23.96826,90.39793,-103.0,87.0
4,52,23.96847,90.39786,-106.0,86.0
4,52,23.96868,90.39778,-108.0,86.0
4,52,23.96889,90.39771,-109.0,87.0
4,52,23.9691,90.39764,-106.0,87.0
4,52,23.9693,90.39756,-105.0,86.0
4,52,23.96951,90.39749,-110.0,87.0
4,52,23.96972,90.39742,-111.0,86.0
4,52,23.96993,90.39735,-112.0,86.0
4,52,23.97013,90.39728,-111.0,86.0
4,52,23.97034,90.3972,-110.0,86.0
4,52,23.97055,90.39713,-111.0,86.0
4,52,23.97075,90.39707,-110.0,86.0
4,52,23.97096,90.397,-111.0,85.0
4,52,23.97117,90.39693,-109.0,85.0
4,52,23.97137,90.39686,-110.0,84.0
4,52,23.97157,90.39678,-120.0,84.0
4,52,23.97176,90.3967,-115.0,83.0
4,52,23.97195,90.39661,-104.0,83.0
4,52,23.97214,90.39651,-110.0,83.0
4,52,23.97232,90.39639,-110.0,83.0
4,52,23.97248,90.39626,-113.0,83.0
4,52,23.97264,90.39611,-117.0,82.0
4,52,23.97278,90.39595,-108.0,81.0
4,52,23.97291,90.39578,-108.0,80.0
4,52,23.97303,90.3956,-108.0,80.0
4,52,23.97313,90.39542,-113.0,79.0
4,52,23.97322,90.39523,-112.0,78.0
4,52,23.9733,90.39503,-111.0,78.0
4,52,23.97337,90.39483,-112.0,79.0
4,52,23.97343,90.39463,-110.0,79.0
4,52,23.97349,90.39442,-115.0,80.0
4,52,23.97355,90.39421,-110.0,81.0
4,52,23.97362,90.394,-116.0,81.0
4,52,23.97368,90.39379,-116.0,80.0
4,52,23.97374,90.39359,-116.0,79.0
4,52,23.9738,90.39338,-117.0,79.0
4,52,23.97387,90.39318,-113.0,77.0
4,52,23.97393,90.39298,-113.0,77.0
4,52,23.97399,90.39279,-97.0,76.0
4,52,23.97405,90.39259,-114.0,76.0
4,52,23.97412,90.39241,-116.0,74.0
4,52,23.97419,90.39222,-116.0,74.0
4,52,23.97426,90.39204,-114.0,73.0
4,52,23.97433,90.39185,-112.0,73.0
4,52,23.9744,90.39167,-110.0,73.0
4,52,23.97447,90.3915,-109.0,71.0
4,52,23.97454,90.39133,-112.0,70.0
4,52,23.97462,90.39115,-108.0,69.0
4,52,23.97469,90.39098,-115.0,67.0
4,52,23.97476,90.39081,-115.0,67.0
4,52,23.97482,90.39065,-115.0,64.0
4,52,23.97488,90.3905,-113.0,58.0
4,52,23.97494,90.39036,-113.0,53.0
4,52,23.97499,90.39023,-113.0,49.0
4,52,23.97503,90.39012,-111.0,49.0
4,52,23.97508,90.39002,-113.0,38.0
4,52,23.97512,90.38994,-115.0,34.0
4,52,23.97515,90.38986,-115.0,31.0
4,52,23.97517,90.38978,-114.0,29.0
4,52,23.97519,90.38971,-114.0,27.0
4,52,23.97522,90.38965,-114.0,25.0
4,52,23.97523,90.38959,-115.0,22.0
4,52,23.97525,90.38954,-113.0,20.0
4,52,23.97527,90.3895,-116.0,16.0
4,52,23.97528,90.38946,-117.0,14.0
4,52,23.97529,90.38943,-117.0,12.0
4,52,23.9753,90.38941,-119.0,6.0
4,52,23.9753,90.38941,-117.0,1.0
4,52,23.9753,90.38941,-113.0,1.0
4,52,23.9753,90.38942,-114.0,1.0
4,52,23.9753,90.38942,-112.0,1.0
4,52,23.97529,90.38943,-114.0,0.0
4,52,23.97529,90.38943,-112.0,0.0
4,52,23.97529,90.38943,-112.0,0.0
4,52,23.97529,90.38943,-113.0,0.0
4,52,23.97529,90.38943,-113.0,0.0
4,52,23.97528,90.38944,-112.0,0.0
4,52,23.97528,90.38944,-112.0,0.0
4,52,23.97528,90.38944,-113.0,1.0
4,52,23.97529,90.38944,-112.0,1.0
4,52,23.97529,90.38944,-112.0,1.0
4,52,23.97529,90.38944,-113.0,1.0
4,52,23.97529,90.38944,-112.0,1.0
4,52,23.97528,90.38944,-113.0,0.0
4,53,23.97528,90.38945,-113.0,1.0
4,53,23.97528,90.38945,-113.0,1.0
4,53,23.97528,90.38945,-113.0,0.0
4,53,23.97528,90.38945,-113.0,1.0
4,53,23.97528,90.38945,-116.0,1.0
4,53,23.97528,90.38945,-112.0,1.0
4,53,23.97528,90.38945,-112.0,0.0
4,53,23.97528,90.38945,-112.0,0.0
4,53,23.97528,90.38946,-112.0,0.0
4,53,23.97528,90.38945,-111.0,0.0
4,53,23.97528,90.38946,-111.0,0.0
4,53,23.97529,90.38946,-112.0,1.0
4,53,23.97529,90.38946,-115.0,0.0
4,53,23.97529,90.38946,-118.0,0.0
4,53,23.97529,90.38946,-118.0,1.0
4,53,23.97529,90.38945,-118.0,1.0
4,53,23.97529,90.38945,-117.0,1.0
4,53,23.97529,90.38945,-116.0,1.0
4,53,23.9753,90.38945,-118.0,1.0
4,53,23.9753,90.38945,-117.0,2.0
4,53,23.9753,90.38945,-111.0,1.0
4,53,23.9753,90.38944,-116.0,1.0
4,53,23.9753,90.38944,-117.0,1.0
4,53,23.9753,90.38945,-117.0,2.0
4,53,23.97531,90.38945,-118.0,2.0
4,53,23.97531,90.38944,-117.0,2.0
4,53,23.97531,90.38944,-117.0,2.0
4,53,23.97531,90.38943,-117.0,1.0
4,53,23.97531,90.38944,-118.0,1.0
4,53,23.97531,90.38945,-118.0,1.0
4,53,23.97531,90.38945,-116.0,1.0
4,53,23.97531,90.38945,-117.0,1.0
4,53,23.97531,90.38945,-118.0,0.0
4,53,23.9753,90.38945,-115.0,0.0
4,53,23.9753,90.38945,-117.0,2.0
4,53,23.9753,90.38943,-118.0,6.0
4,53,23.9753,90.38942,-118.0,5.0
4,53,23.97531,90.38941,-118.0,6.0
4,53,23.97531,90.38939,-118.0,5.0
4,53,23.97532,90.38938,-119.0,4.0
4,53,23.97532,90.38936,-115.0,3.0
4,53,23.97532,90.38935,-115.0,2.0
4,53,23.97531,90.38934,-116.0,1.0
4,53,23.97531,90.38934,-117.0,0.0
4,53,23.97532,90.38933,-117.0,0.0
4,53,23.97531,90.38933,-117.0,1.0
4,53,23.97531,90.38933,-116.0,1.0
4,53,23.97531,90.38933,-117.0,0.0
4,53,23.97531,90.38932,-117.0,1.0
4,53,23.97531,90.38932,-117.0,2.0
4,53,23.97532,90.38931,-114.0,4.0
4,53,23.97533,90.38929,-117.0,8.0
4,53,23.97534,90.38926,-115.0,15.0
4,53,23.97536,90.38921,-119.0,20.0
4,53,23.97538,90.38916,-118.0,22.0
4,53,23.97541,90.3891,-115.0,24.0
4,53,23.97544,90.38904,-116.0,28.0
4,53,23.97547,90.38896,-115.0,32.0
4,53,23.9755,90.38887,-115.0,36.0
4,53,23.97554,90.38877,-117.0,36.0
4,53,23.97557,90.38868,-115.0,36.0
4,53,23.97559,90.3886,-97.0,31.0
4,53,23.97561,90.38852,-114.0,27.0
4,53,23.97563,90.38845,-118.0,23.0
4,53,23.97565,90.3884,-117.0,19.0
4,53,23.97566,90.38835,-120.0,14.0
4,53,23.97568,90.38832,-119.0,14.0
4,53,23.97569,90.38829,-118.0,13.0
4,53,23.97571,90.38825,-118.0,14.0
4,53,23.97573,90.38821,-119.0,18.0
4,53,23.97575,90.38816,-119.0,18.0
4,53,23.97577,90.3881,-118.0,23.0
4,53,23.9758,90.38805,-118.0,22.0
4,53,23.97581,90.38799,-118.0,20.0
4,53,23.97583,90.38794,-120.0,18.0
4,53,23.97584,90.3879,-116.0,14.0
4,53,23.97585,90.38787,-118.0,8.0
4,53,23.97585,90.38785,-118.0,3.0
4,53,23.97585,90.38785,-117.0,2.0
4,53,23.97585,90.38785,-117.0,1.0
4,53,23.97585,90.38785,-120.0,1.0
4,53,23.97585,90.38785,-116.0,1.0
4,53,23.97585,90.38785,-115.0,1.0
4,53,23.97585,90.38784,-118.0,4.0
4,53,23.97585,90.38783,-118.0,6.0
4,53,23.97586,90.38782,-115.0,5.0
4,53,23.97586,90.3878,-116.0,4.0
4,53,23.97586,90.38779,-115.0,3.0
4,53,23.97586,90.38779,-117.0,2.0
4,53,23.97586,90.38778,-117.0,4.0
4,53,23.97586,90.38776,-115.0,7.0
4,53,23.97587,90.38774,-116.0,10.0
4,53,23.97588,90.38771,-109.0,12.0
4,53,23.9759,90.38768,-109.0,13.0
4,53,23.97591,90.38763,-113.0,18.0
4,53,23.97593,90.38759,-113.0,19.0
4,53,23.97596,90.38753,-113.0,21.0
4,53,23.97598,90.38747,-112.0,26.0
4,53,23.97601,90.3874,-114.0,27.0
4,53,23.97604,90.38732,-114.0,28.0
4,53,23.97608,90.38724,-114.0,33.0
4,53,23.97612,90.38716,-116.0,37.0
4,53,23.97617,90.38706,-117.0,41.0
4,53,23.9762,90.38694,-118.0,43.0
4,53,23.97624,90.38683,-116.0,42.0
4,53,23.97627,90.38672,-116.0,41.0
4,53,23.97631,90.38661,-115.0,42.0
4,53,23.97634,90.3865,-113.0,40.0
4,53,23.97638,90.3864,-112.0,36.0
4,53,23.9764,90.38632,-114.0,30.0
4,53,23.97643,90.38624,-113.0,26.0
4,53,23.97645,90.38618,-116.0,26.0
4,53,23.97648,90.38611,-116.0,29.0
4,53,23.97651,90.38603,-116.0,32.0
4,53,23.97654,90.38594,-118.0,33.0
4,53,23.97657,90.38586,-116.0,33.0
4,53,23.9766,90.38579,-114.0,25.0
4,53,23.97662,90.38573,-110.0,21.0
4,53,23.97664,90.38568,-111.0,15.0
4,53,23.97666,90.38565,-115.0,9.0
4,53,23.97666,90.38563,-110.0,4.0
4,53,23.97666,90.38562,-106.0,3.0
4,53,23.97666,90.38562,-114.0,0.0
4,53,23.97666,90.38562,-109.0,0.0
4,53,23.97666,90.3856,-106.0,3.0
4,53,23.97666,90.38558,-110.0,3.0
4,53,23.97666,90.38555,-107.0,11.0
4,53,23.97668,90.38551,-106.0,15.0
4,53,23.9767,90.38546,-97.0,19.0
4,53,23.97672,90.3854,-110.0,20.0
4,53,23.97674,90.38535,-106.0,20.0
4,53,23.97677,90.3853,-106.0,19.0
4,53,23.97679,90.38525,-104.0,21.0
4,53,23.97682,90.38519,-108.0,20.0
4,53,23.97684,90.38514,-107.0,18.0
4,53,23.97686,90.3851,-108.0,18.0
4,53,23.97686,90.38507,-108.0,6.0
4,53,23.97686,90.38506,-108.0,3.0
4,53,23.97686,90.38505,-111.0,2.0
4,53,23.97686,90.38504,-108.0,2.0
4,53,23.97686,90.38503,-110.0,2.0
4,53,23.97686,90.38502,-110.0,3.0
4,53,23.97686,90.385,-108.0,3.0
4,53,23.97687,90.38499,-106.0,3.0
4,53,23.97687,90.38498,-107.0,2.0
4,53,23.97686,90.38498,-106.0,2.0
4,53,23.97687,90.38497,-105.0,1.0
4,53,23.97687,90.38497,-106.0,1.0
4,53,23.97687,90.38497,-106.0,1.0
4,53,23.97687,90.38496,-105.0,0.0
4,53,23.97687,90.38496,-106.0,0.0
4,53,23.97688,90.38496,-105.0,0.0
4,53,23.97688,90.38495,-105.0,0.0
4,53,23.97688,90.38495,-102.0,0.0
4,53,23.97688,90.38495,-104.0,1.0
4,53,23.97688,90.38495,-104.0,1.0
4,53,23.97688,90.38495,-103.0,1.0
4,53,23.97688,90.38495,-104.0,0.0
4,53,23.97689,90.38495,-104.0,0.0
4,53,23.97689,90.38495,-104.0,1.0
4,53,23.97689,90.38495,-103.0,1.0
4,53,23.97689,90.38495,-104.0,1.0
4,53,23.97689,90.38495,-104.0,1.0
4,53,23.9769,90.38495,-104.0,2.0
4,53,23.9769,90.38495,-103.0,0.0
4,53,23.9769,90.38494,-103.0,0.0
4,53,23.9769,90.38494,-102.0,1.0
4,53,23.9769,90.38494,-103.0,1.0
4,53,23.9769,90.38494,-103.0,1.0
4,53,23.9769,90.38494,-103.0,0.0
4,53,23.9769,90.38494,-97.0,0.0
4,53,23.9769,90.38494,-102.0,0.0
4,53,23.9769,90.38493,-102.0,0.0
4,53,23.9769,90.38493,-97.0,0.0
4,53,23.9769,90.38493,-103.0,0.0
4,53,23.9769,90.38493,-103.0,0.0
4,53,23.9769,90.38493,-102.0,0.0
4,53,23.9769,90.38493,-103.0,0.0
4,54,23.97691,90.38493,-103.0,1.0
4,54,23.97691,90.38494,-101.0,0.0
4,54,23.97691,90.38494,-102.0,0.0
4,54,23.97691,90.38494,-102.0,1.0
4,54,23.97691,90.38494,-102.0,0.0
4,54,23.97691,90.38494,-102.0,0.0
4,54,23.97691,90.38493,-102.0,1.0
4,54,23.97691,90.38493,-103.0,1.0
4,54,23.97692,90.38493,-102.0,1.0
4,54,23.97692,90.38493,-102.0,0.0
4,54,23.97692,90.38493,-105.0,1.0
4,54,23.97692,90.38493,-103.0,1.0
4,54,23.97692,90.38493,-101.0,1.0
4,54,23.97693,90.38493,-101.0,2.0
4,54,23.97692,90.38493,-101.0,1.0
4,54,23.97692,90.38492,-102.0,2.0
4,54,23.97691,90.38492,-102.0,1.0
4,54,23.97691,90.38492,-102.0,1.0
4,54,23.97692,90.38492,-102.0,2.0
4,54,23.97692,90.38493,-102.0,3.0
4,54,23.97692,90.38494,-101.0,2.0
4,54,23.97692,90.38495,-102.0,3.0
4,54,23.97691,90.38495,-102.0,1.0
4,54,23.97691,90.38494,-101.0,1.0
4,54,23.97691,90.38494,-101.0,2.0
4,54,23.9769,90.38495,-101.0,3.0
4,54,23.9769,90.38495,-101.0,3.0
4,54,23.97689,90.38495,-101.0,2.0
4,54,23.97689,90.38495,-101.0,1.0
4,54,23.97689,90.38494,-102.0,1.0
4,54,23.97688,90.38493,-101.0,3.0
4,54,23.97688,90.38492,-101.0,2.0
4,54,23.97688,90.38492,-102.0,0.0
4,54,23.97688,90.38492,-101.0,1.0
4,54,23.97689,90.38492,-101.0,1.0
4,54,23.97688,90.38492,-101.0,2.0
4,54,23.97688,90.38492,-101.0,1.0
4,54,23.97687,90.38492,-101.0,1.0
4,54,23.97687,90.38492,-101.0,1.0
4,54,23.97687,90.38493,-101.0,1.0
4,54,23.97687,90.38493,-101.0,1.0
4,54,23.97687,90.38492,-103.0,1.0
4,54,23.97687,90.38491,-107.0,2.0
4,54,23.97687,90.38491,-107.0,1.0
4,54,23.97688,90.38492,-107.0,0.0
4,54,23.97688,90.38492,-107.0,0.0
4,54,23.97688,90.38492,-108.0,1.0
4,54,23.97688,90.38492,-108.0,0.0
4,54,23.97688,90.38492,-109.0,1.0
4,54,23.97688,90.38492,-108.0,0.0
4,54,23.97687,90.38492,-108.0,0.0
4,54,23.97687,90.38491,-105.0,0.0
4,54,23.97686,90.38491,-104.0,0.0
4,54,23.97686,90.38491,-103.0,0.0
4,54,23.97685,90.38491,-103.0,0.0
4,54,23.97685,90.38492,-104.0,1.0
4,54,23.97685,90.38492,-104.0,1.0
4,54,23.97685,90.38493,-104.0,0.0
4,54,23.97685,90.38493,-105.0,0.0
4,54,23.97685,90.38493,-104.0,1.0
4,54,23.97685,90.38493,-105.0,2.0
4,54,23.97686,90.38493,-104.0,1.0
4,54,23.97685,90.38493,-105.0,0.0
4,54,23.97685,90.38492,-104.0,0.0
4,54,23.97685,90.38492,-105.0,1.0
4,54,23.97685,90.38492,-105.0,0.0
4,54,23.97685,90.38492,-104.0,1.0
4,54,23.97685,90.38492,-105.0,1.0
4,54,23.97684,90.38491,-105.0,1.0
4,54,23.97684,90.38491,-105.0,1.0
4,54,23.97684,90.38491,-106.0,1.0
4,54,23.97684,90.38491,-104.0,1.0
4,54,23.97684,90.38491,-105.0,1.0
4,54,23.97684,90.38491,-105.0,1.0
4,54,23.97684,90.38491,-105.0,1.0
4,54,23.97683,90.38491,-104.0,0.0
4,54,23.97683,90.38491,-104.0,1.0
4,54,23.97683,90.38491,-104.0,1.0
4,54,23.97683,90.3849,-104.0,0.0
4,54,23.97683,90.3849,-104.0,0.0
4,54,23.97683,90.3849,-104.0,1.0
4,54,23.97684,90.38491,-104.0,1.0
4,54,23.97684,90.38491,-104.0,0.0
4,54,23.97684,90.3849,-104.0,1.0
4,54,23.97684,90.3849,-104.0,1.0
4,54,23.97684,90.3849,-105.0,1.0
4,54,23.97684,90.3849,-105.0,0.0
4,54,23.97684,90.3849,-106.0,0.0
4,54,23.97684,90.3849,-104.0,1.0
4,54,23.97684,90.3849,-104.0,1.0
4,54,23.97683,90.3849,-103.0,1.0
4,54,23.97683,90.3849,-104.0,0.0
4,54,23.97683,90.3849,-104.0,0.0
4,54,23.97683,90.3849,-106.0,0.0
4,54,23.97682,90.3849,-106.0,0.0
4,54,23.97682,90.38491,-105.0,1.0
4,54,23.97682,90.38491,-104.0,1.0
4,54,23.97682,90.38491,-107.0,1.0
4,54,23.97682,90.38491,-108.0,0.0
4,54,23.97682,90.38491,-108.0,1.0
4,54,23.97682,90.38491,-107.0,0.0
4,54,23.97682,90.38491,-107.0,1.0
4,54,23.97683,90.38491,-107.0,1.0
4,54,23.97683,90.38491,-107.0,0.0
4,54,23.97683,90.38491,-107.0,1.0
4,54,23.97683,90.38491,-108.0,0.0
4,54,23.97683,90.38491,-108.0,1.0
4,54,23.97684,90.3849,-106.0,1.0
4,54,23.97684,90.38489,-104.0,6.0
4,54,23.97685,90.38487,-105.0,6.0
4,54,23.97687,90.38486,-109.0,5.0
4,54,23.97688,90.38485,-104.0,5.0
4,54,23.97688,90.38484,-106.0,5.0
4,54,23.97689,90.38483,-102.0,3.0
4,54,23.97689,90.38483,-106.0,1.0
4,54,23.97689,90.38483,-105.0,0.0
4,54,23.97689,90.38483,-106.0,1.0
4,54,23.97689,90.38483,-106.0,1.0
4,54,23.97689,90.38483,-106.0,0.0
4,54,23.97689,90.38483,-107.0,0.0
4,54,23.97689,90.38483,-106.0,0.0
4,54,23.97689,90.38484,-105.0,1.0
4,54,23.97689,90.38484,-104.0,1.0
4,54,23.97689,90.38484,-105.0,0.0
4,54,23.97689,90.38484,-105.0,0.0
4,54,23.97689,90.38484,-105.0,1.0
4,54,23.97689,90.38484,-106.0,0.0
4,54,23.97689,90.38484,-106.0,0.0
4,54,23.97689,90.38484,-106.0,1.0
4,54,23.97689,90.38484,-106.0,0.0
4,54,23.9769,90.38484,-105.0,0.0
4,54,23.9769,90.38484,-105.0,1.0
4,54,23.9769,90.38483,-105.0,0.0
4,54,23.9769,90.38483,-105.0,0.0
4,54,23.9769,90.38483,-105.0,0.0
4,54,23.97691,90.38483,-105.0,0.0
4,54,23.97691,90.38483,-105.0,1.0
4,54,23.97691,90.38482,-105.0,1.0
4,54,23.97691,90.38482,-104.0,0.0
4,54,23.97691,90.38482,-105.0,0.0
4,54,23.97691,90.38482,-106.0,0.0
4,54,23.97691,90.38482,-105.0,0.0
4,54,23.97692,90.38481,-105.0,0.0
4,54,23.97692,90.38481,-104.0,0.0
4,54,23.97692,90.38481,-105.0,1.0
4,54,23.97692,90.38481,-106.0,1.0
4,54,23.97692,90.38481,-105.0,1.0
4,54,23.97692,90.38481,-107.0,1.0
4,54,23.97692,90.38482,-106.0,1.0
4,54,23.97692,90.38482,-106.0,0.0
4,54,23.97692,90.38482,-107.0,0.0
4,54,23.97693,90.38482,-107.0,1.0
4,54,23.97693,90.38482,-105.0,1.0
4,54,23.97693,90.38481,-104.0,1.0
4,54,23.97694,90.38481,-97.0,1.0
4,54,23.97694,90.38481,-97.0,0.0
4,54,23.97694,90.3848,-97.0,0.0
4,54,23.97694,90.3848,-97.0,0.0
4,54,23.97694,90.3848,-97.0,0.0
4,54,23.97694,90.38479,-97.0,0.0
4,54,23.97694,90.38479,-97.0,0.0
4,54,23.97694,90.38479,-97.0,0.0
4,54,23.97694,90.38479,-97.0,1.0
4,54,23.97694,90.38479,-103.0,1.0
4,54,23.97694,90.38479,-108.0,2.0
4,54,23.97695,90.38478,-106.0,2.0
4,54,23.97695,90.38478,-107.0,0.0
4,54,23.97695,90.38478,-108.0,1.0
4,54,23.97695,90.38478,-110.0,0.0
4,54,23.97694,90.38479,-109.0,0.0
4,54,23.97694,90.38479,-109.0,0.0
4,54,23.97694,90.38479,-110.0,0.0
4,54,23.97694,90.38479,-110.0,0.0
4,54,23.97694,90.38479,-111.0,0.0
4,54,23.97694,90.38479,-110.0,0.0
4,54,23.97694,90.38479,-110.0,0.0
4,54,23.97694,90.38479,-109.0,0.0
4,54,23.97694,90.38479,-109.0,0.0
4,55,23.97694,90.38479,-108.0,0.0
4,55,23.97694,90.38479,-109.0,0.0
4,55,23.97694,90.3848,-109.0,1.0
4,55,23.97694,90.3848,-110.0,0.0
4,55,23.97694,90.3848,-110.0,0.0
4,55,23.97694,90.38481,-110.0,0.0
4,55,23.97694,90.38481,-110.0,1.0
4,55,23.97694,90.38481,-111.0,1.0
4,55,23.97694,90.3848,-110.0,1.0
4,55,23.97694,90.3848,-110.0,1.0
4,55,23.97694,90.3848,-110.0,2.0
4,55,23.97694,90.38479,-110.0,2.0
4,55,23.97695,90.38479,-112.0,2.0
4,55,23.97695,90.38478,-112.0,1.0
4,55,23.97695,90.38478,-111.0,2.0
4,55,23.97695,90.38477,-111.0,2.0
4,55,23.97696,90.38476,-112.0,4.0
4,55,23.97696,90.38475,-111.0,5.0
4,55,23.97697,90.38474,-110.0,5.0
4,55,23.97697,90.38473,-112.0,6.0
4,55,23.97698,90.38471,-109.0,6.0
4,55,23.97699,90.38469,-111.0,6.0
4,55,23.977,90.38468,-109.0,6.0
4,55,23.977,90.38465,-113.0,9.0
4,55,23.97701,90.38463,-113.0,8.0
4,55,23.97702,90.38461,-113.0,8.0
4,55,23.97703,90.38458,-113.0,7.0
4,55,23.97703,90.38457,-109.0,7.0
4,55,23.97704,90.38454,-110.0,9.0
4,55,23.97705,90.38452,-111.0,9.0
4,55,23.97705,90.38449,-111.0,8.0
4,55,23.97706,90.38447,-110.0,6.0
4,55,23.97706,90.38445,-112.0,6.0
4,55,23.97707,90.38442,-110.0,13.0
4,55,23.97708,90.38439,-111.0,11.0
4,55,23.97709,90.38436,-108.0,8.0
4,55,23.97709,90.38433,-108.0,9.0
4,55,23.9771,90.3843,-108.0,14.0
4,55,23.97711,90.38426,-108.0,16.0
4,55,23.97712,90.38421,-109.0,16.0
4,55,23.97713,90.38417,-110.0,12.0
4,55,23.97714,90.38414,-112.0,12.0
4,55,23.97715,90.3841,-108.0,12.0
4,55,23.97716,90.38407,-109.0,11.0
4,55,23.97716,90.38404,-108.0,11.0
4,55,23.97717,90.38401,-107.0,11.0
4,55,23.97718,90.38398,-108.0,10.0
4,55,23.97719,90.38394,-108.0,10.0
4,55,23.97719,90.38392,-108.0,9.0
4,55,23.9772,90.38389,-108.0,9.0
4,55,23.9772,90.38386,-109.0,14.0
4,55,23.97721,90.38382,-109.0,16.0
4,55,23.97722,90.38377,-108.0,16.0
4,55,23.97723,90.38373,-109.0,16.0
4,55,23.97724,90.38368,-111.0,15.0
4,55,23.97725,90.38365,-108.0,11.0
4,55,23.97725,90.38362,-108.0,7.0
4,55,23.97726,90.38361,-104.0,6.0
4,55,23.97726,90.38359,-104.0,5.0
4,55,23.97726,90.38358,-105.0,4.0
4,55,23.97726,90.38356,-105.0,4.0
4,55,23.97726,90.38355,-106.0,5.0
4,55,23.97726,90.38353,-103.0,5.0
4,55,23.97726,90.38352,-108.0,4.0
4,55,23.97725,90.3835,-106.0,6.0
4,55,23.97725,90.38349,-108.0,4.0
4,55,23.97725,90.38347,-104.0,4.0
4,55,23.97725,90.38346,-108.0,5.0
4,55,23.97725,90.38344,-110.0,5.0
4,55,23.97724,90.38343,-112.0,4.0
4,55,23.97724,90.38342,-107.0,3.0
4,55,23.97724,90.38341,-110.0,4.0
4,55,23.97724,90.3834,-108.0,3.0
4,55,23.97724,90.38339,-110.0,3.0
4,55,23.97723,90.38337,-109.0,4.0
4,55,23.97723,90.38336,-108.0,3.0
4,55,23.97723,90.38335,-105.0,4.0
4,55,23.97723,90.38333,-104.0,4.0
4,55,23.97724,90.38333,-107.0,5.0
4,55,23.97724,90.38332,-104.0,4.0
4,55,23.97724,90.38331,-104.0,5.0
4,55,23.97725,90.38329,-106.0,4.0
4,55,23.97725,90.38328,-107.0,4.0
4,55,23.97725,90.38327,-104.0,3.0
4,55,23.97725,90.38326,-104.0,5.0
4,55,23.97726,90.38324,-105.0,7.0
4,55,23.97727,90.38321,-105.0,10.0
4,55,23.97727,90.38319,-106.0,10.0
4,55,23.97728,90.38316,-105.0,9.0
4,55,23.97729,90.38313,-108.0,9.0
4,55,23.97729,90.38311,-107.0,7.0
4,55,23.9773,90.38309,-107.0,6.0
4,55,23.9773,90.38308,-107.0,5.0
4,55,23.9773,90.38306,-108.0,3.0
4,55,23.9773,90.38306,-108.0,2.0
4,55,23.9773,90.38305,-108.0,1.0
4,55,23.97731,90.38305,-108.0,1.0
4,55,23.97731,90.38304,-109.0,1.0
4,55,23.97731,90.38304,-109.0,1.0
4,55,23.9773,90.38303,-109.0,1.0
4,55,23.9773,90.38303,-110.0,0.0
4,55,23.9773,90.38302,-110.0,1.0
4,55,23.9773,90.38302,-110.0,1.0
4,55,23.9773,90.38302,-108.0,1.0
4,55,23.9773,90.38301,-109.0,2.0
4,55,23.97729,90.38301,-109.0,3.0
4,55,23.97729,90.383,-108.0,7.0
4,55,23.9773,90.38297,-108.0,9.0
4,55,23.9773,90.38295,-107.0,9.0
4,55,23.9773,90.38293,-106.0,8.0
4,55,23.9773,90.3829,-106.0,8.0
4,55,23.9773,90.38288,-105.0,8.0
4,55,23.97731,90.38286,-106.0,9.0
4,55,23.97731,90.38284,-107.0,7.0
4,55,23.97731,90.38282,-103.0,6.0
4,55,23.97731,90.38281,-105.0,4.0
4,55,23.97732,90.38279,-105.0,8.0
4,55,23.97732,90.38276,-104.0,12.0
4,55,23.97733,90.38272,-107.0,15.0
4,55,23.97733,90.38269,-104.0,12.0
4,55,23.97733,90.38265,-106.0,9.0
4,55,23.97734,90.38264,-103.0,6.0
4,55,23.97734,90.38263,-102.0,6.0
4,55,23.97733,90.38262,-104.0,2.0
4,55,23.97733,90.38262,-101.0,2.0
4,55,23.97734,90.38261,-102.0,4.0
4,55,23.97734,90.3826,-100.0,5.0
4,55,23.97735,90.38259,-100.0,8.0
4,55,23.97735,90.38256,-102.0,10.0
4,55,23.97736,90.38253,-102.0,12.0
4,55,23.97736,90.38249,-104.0,14.0
4,55,23.97737,90.38246,-102.0,13.0
4,55,23.97737,90.38242,-101.0,14.0
4,55,23.97737,90.38238,-103.0,15.0
4,55,23.97738,90.38233,-104.0,14.0
4,55,23.97738,90.38229,-102.0,9.0
4,55,23.97738,90.38226,-102.0,8.0
4,55,23.97739,90.38224,-103.0,6.0
4,55,23.97739,90.38222,-102.0,6.0
4,55,23.97739,90.3822,-98.0,6.0
4,55,23.97739,90.38218,-84.0,4.0
4,55,23.97739,90.38217,-84.0,4.0
4,55,23.97739,90.38216,-82.0,4.0
4,55,23.97739,90.38214,-83.0,3.0
4,55,23.97738,90.38213,-84.0,3.0
4,55,23.97738,90.38212,-84.0,2.0
4,55,23.97738,90.38212,-86.0,1.0
4,55,23.97738,90.38211,-85.0,2.0
4,55,23.97738,90.38211,-84.0,2.0
4,55,23.97738,90.3821,-78.0,3.0
4,55,23.97738,90.38209,-81.0,3.0
4,55,23.97738,90.38208,-83.0,3.0
4,55,23.97738,90.38206,-83.0,3.0
4,55,23.97738,90.38204,-83.0,6.0
4,55,23.97738,90.38203,-86.0,7.0
4,55,23.97738,90.38201,-88.0,6.0
4,55,23.97738,90.38199,-89.0,5.0
4,55,23.97738,90.38198,-88.0,5.0
4,55,23.97738,90.38196,-88.0,6.0
4,55,23.97738,90.38194,-87.0,6.0
4,55,23.97738,90.38193,-86.0,6.0
4,55,23.97738,90.38191,-86.0,8.0
4,55,23.97738,90.38188,-89.0,8.0
4,55,23.97739,90.38187,-89.0,6.0
4,55,23.97739,90.38185,-89.0,6.0
4,55,23.97739,90.38183,-92.0,6.0
4,55,23.97739,90.38181,-91.0,4.0
4,55,23.97739,90.3818,-90.0,4.0
4,55,23.9774,90.38179,-81.0,4.0
4,55,23.9774,90.38177,-81.0,7.0
4,55,23.9774,90.38175,-85.0,7.0
4,55,23.9774,90.38172,-100.0,9.0
4,55,23.97741,90.38168,-103.0,15.0
4,55,23.97741,90.38163,-102.0,18.0
4,55,23.97742,90.38158,-104.0,15.0
4,55,23.97742,90.38154,-108.0,15.0
4,55,23.97742,90.38149,-108.0,15.0
4,55,23.97742,90.38145,-107.0,12.0
4,56,23.97743,90.38141,-103.0,14.0
4,56,23.97743,90.38137,-105.0,13.0
4,56,23.97744,90.38133,-107.0,13.0
4,56,23.97744,90.38128,-107.0,13.0
4,56,23.97745,90.38124,-107.0,11.0
4,56,23.97745,90.38121,-90.0,6.0
4,56,23.97745,90.38119,-88.0,6.0
4,56,23.97745,90.38116,-88.0,9.0
4,56,23.97745,90.38113,-83.0,8.0
4,56,23.97745,90.3811,-84.0,9.0
4,56,23.97745,90.38107,-76.0,8.0
4,56,23.97745,90.38104,-76.0,10.0
4,56,23.97745,90.38101,-77.0,11.0
4,56,23.97745,90.38097,-84.0,11.0
4,56,23.97744,90.38094,-85.0,11.0
4,56,23.97743,90.38092,-78.0,6.0
4,56,23.97742,90.38091,-80.0,4.0
4,56,23.97741,90.3809,-85.0,3.0
4,56,23.9774,90.38089,-88.0,5.0
4,56,23.97738,90.38089,-95.0,6.0
4,56,23.97737,90.38089,-96.0,7.0
4,56,23.97734,90.38089,-89.0,15.0
4,56,23.97729,90.38089,-88.0,20.0
4,56,23.97723,90.38089,-90.0,23.0
4,56,23.97716,90.38089,-82.0,30.0
4,56,23.97706,90.3809,-84.0,36.0
4,56,23.97696,90.38091,-83.0,38.0
4,56,23.97687,90.38091,-85.0,31.0
4,56,23.97679,90.38091,-85.0,26.0
4,56,23.97673,90.3809,-81.0,25.0
4,56,23.97666,90.3809,-90.0,25.0
4,56,23.97659,90.38089,-83.0,25.0
4,56,23.97653,90.3809,-82.0,21.0
4,56,23.97649,90.3809,-88.0,14.0
4,56,23.97645,90.3809,-85.0,10.0
4,56,23.97642,90.3809,-86.0,10.0
4,56,23.97639,90.3809,-83.0,15.0
4,56,23.97634,90.3809,-84.0,20.0
4,56,23.97628,90.38089,-88.0,22.0
4,56,23.97622,90.38089,-84.0,25.0
4,56,23.97615,90.38089,-78.0,28.0
4,56,23.97608,90.38089,-83.0,31.0
4,56,23.976,90.38089,-82.0,34.0
4,56,23.97591,90.38089,-84.0,35.0
4,56,23.97582,90.38088,-85.0,35.0
4,56,23.97573,90.38086,-87.0,34.0
4,56,23.97564,90.38086,-84.0,33.0
4,56,23.97555,90.38084,-87.0,32.0
4,56,23.97547,90.38082,-92.0,32.0
4,56,23.97539,90.38081,-96.0,34.0
4,56,23.9753,90.3808,-94.0,35.0
4,56,23.97521,90.3808,-91.0,36.0
4,56,23.97512,90.38078,-94.0,35.0
4,56,23.97503,90.38077,-93.0,32.0
4,56,23.97495,90.38076,-93.0,29.0
4,56,23.97489,90.38074,-91.0,27.0
4,56,23.97481,90.38073,-93.0,27.0
4,56,23.97474,90.38072,-92.0,29.0
4,56,23.97467,90.38069,-93.0,32.0
4,56,23.97459,90.38067,-85.0,34.0
4,56,23.97451,90.38066,-92.0,36.0
4,56,23.97442,90.38065,-92.0,36.0
4,56,23.97433,90.38064,-91.0,34.0
4,56,23.97425,90.38064,-90.0,31.0
4,56,23.97417,90.38064,-92.0,29.0
4,56,23.97409,90.38064,-93.0,33.0
4,56,23.974,90.38063,-97.0,35.0
4,56,23.97391,90.38062,-100.0,36.0
4,56,23.97382,90.38061,-96.0,34.0
4,56,23.97374,90.38061,-98.0,29.0
4,56,23.97368,90.3806,-99.0,23.0
4,56,23.97362,90.38059,-101.0,18.0
4,56,23.97358,90.38058,-99.0,16.0
4,56,23.97354,90.38058,-102.0,16.0
4,56,23.9735,90.38058,-102.0,15.0
4,56,23.97346,90.38058,-102.0,13.0
4,56,23.97343,90.38058,-101.0,11.0
4,56,23.97341,90.38058,-104.0,8.0
4,56,23.97339,90.38058,-102.0,4.0
4,56,23.97338,90.38058,-104.0,3.0
4,56,23.97338,90.38058,-105.0,2.0
4,56,23.97337,90.38058,-104.0,3.0
4,56,23.97335,90.38058,-107.0,9.0
4,56,23.97332,90.38057,-106.0,14.0
4,56,23.97328,90.38057,-106.0,18.0
4,56,23.97323,90.38056,-107.0,21.0
4,56,23.97317,90.38055,-107.0,24.0
4,56,23.97311,90.38055,-108.0,23.0
4,56,23.97306,90.38054,-107.0,19.0
4,56,23.97301,90.38055,-107.0,14.0
4,56,23.97299,90.38055,-107.0,8.0
4,56,23.97297,90.38054,-107.0,4.0
4,56,23.97296,90.38054,-107.0,4.0
4,56,23.97295,90.38054,-108.0,5.0
4,56,23.97293,90.38054,-77.0,7.0
4,56,23.97291,90.38053,-78.0,10.0
4,56,23.97288,90.38053,-76.0,11.0
4,56,23.97285,90.38054,-78.0,13.0
4,56,23.97281,90.38053,-76.0,17.0
4,56,23.97276,90.38053,-77.0,17.0
4,56,23.97271,90.38053,-76.0,18.0
4,56,23.97266,90.38052,-76.0,21.0
4,56,23.97261,90.38051,-75.0,24.0
4,56,23.97254,90.38051,-78.0,29.0
4,56,23.97246,90.38051,-81.0,29.0
4,56,23.97238,90.3805,-80.0,31.0
4,56,23.9723,90.3805,-80.0,31.0
4,56,23.97222,90.38049,-80.0,33.0
4,56,23.97213,90.38049,-79.0,35.0
4,56,23.97203,90.38048,-78.0,37.0
4,56,23.97194,90.38047,-75.0,38.0
4,56,23.97184,90.38045,-76.0,39.0
4,56,23.97174,90.38044,-77.0,40.0
4,56,23.97163,90.38043,-77.0,43.0
4,56,23.97152,90.38042,-78.0,43.0
4,56,23.97141,90.38041,-78.0,44.0
4,56,23.9713,90.3804,-79.0,44.0
4,56,23.97118,90.3804,-82.0,44.0
4,56,23.97107,90.38039,-82.0,45.0
4,56,23.97095,90.38038,-83.0,45.0
4,56,23.97084,90.38038,-85.0,45.0
4,56,23.97073,90.38037,-84.0,43.0
4,56,23.97062,90.38037,-84.0,42.0
4,56,23.97052,90.38036,-87.0,40.0
4,56,23.97042,90.38036,-87.0,40.0
4,56,23.97033,90.38035,-84.0,39.0
4,56,23.97023,90.38035,-85.0,39.0
4,56,23.97013,90.38035,-87.0,37.0
4,56,23.97003,90.38034,-83.0,38.0
4,56,23.96994,90.38033,-76.0,38.0
4,56,23.96985,90.38032,-76.0,37.0
4,56,23.96976,90.38032,-78.0,38.0
4,56,23.96966,90.38031,-80.0,40.0
4,56,23.96955,90.38031,-83.0,42.0
4,56,23.96944,90.38031,-78.0,42.0
4,56,23.96933,90.3803,-78.0,44.0
4,56,23.96922,90.38029,-79.0,42.0
4,56,23.96912,90.38029,-79.0,39.0
4,56,23.96902,90.38029,-78.0,38.0
4,56,23.96893,90.38029,-78.0,38.0
4,56,23.96884,90.38029,-75.0,35.0
4,56,23.96876,90.38028,-71.0,32.0
4,56,23.96868,90.38028,-72.0,31.0
4,56,23.9686,90.38028,-69.0,33.0
4,56,23.96851,90.38027,-70.0,33.0
4,56,23.96842,90.38027,-69.0,37.0
4,56,23.96832,90.38027,-70.0,38.0
4,56,23.96822,90.38026,-76.0,38.0
4,56,23.96812,90.38027,-74.0,40.0
4,56,23.96802,90.38027,-74.0,40.0
4,56,23.96791,90.38027,-78.0,44.0
4,56,23.9678,90.38027,-81.0,44.0
4,56,23.96768,90.38027,-82.0,46.0
4,56,23.96757,90.38026,-84.0,46.0
4,56,23.96745,90.38025,-82.0,46.0
4,56,23.96733,90.38024,-74.0,48.0
4,56,23.9672,90.38024,-72.0,48.0
4,56,23.96708,90.38024,-73.0,48.0
4,56,23.96696,90.38024,-72.0,47.0
4,56,23.96684,90.38025,-80.0,47.0
4,56,23.96672,90.38025,-81.0,47.0
4,56,23.9666,90.38026,-87.0,46.0
4,56,23.96648,90.38027,-87.0,48.0
4,56,23.96635,90.38028,-85.0,49.0
4,56,23.96622,90.38028,-86.0,49.0
4,56,23.96609,90.38028,-89.0,52.0
4,56,23.96596,90.38028,-91.0,53.0
4,56,23.96583,90.38029,-90.0,54.0
4,56,23.96569,90.38029,-87.0,56.0
4,56,23.96555,90.3803,-89.0,56.0
4,56,23.9654,90.38031,-82.0,60.0
4,56,23.96525,90.38033,-80.0,59.0
4,56,23.9651,90.38035,-74.0,57.0
4,56,23.96495,90.38036,-79.0,57.0
4,56,23.96481,90.38038,-82.0,57.0
4,56,23.96466,90.38039,-80.0,57.0
4,56,23.96452,90.38041,-88.0,56.0
4,56,23.96438,90.38043,-87.0,56.0
4,57,23.96424,90.38044,-77.0,56.0
4,57,23.96409,90.38045,-81.0,56.0
4,57,23.96395,90.38047,-81.0,59.0
4,57,23.9638,90.38048,-83.0,61.0
4,57,23.96364,90.3805,-83.0,63.0
4,57,23.96348,90.38052,-82.0,64.0
4,57,23.96331,90.38053,-75.0,64.0
4,57,23.96315,90.38055,-74.0,63.0
4,57,23.963,90.38056,-77.0,61.0
4,57,23.96285,90.38058,-67.0,57.0
4,57,23.96271,90.38059,-75.0,54.0
4,57,23.96257,90.38061,-74.0,52.0
4,57,23.96245,90.38062,-68.0,49.0
4,57,23.96233,90.38062,-77.0,48.0
4,57,23.96221,90.38063,-74.0,46.0
4,57,23.9621,90.38064,-81.0,47.0
4,57,23.96198,90.38065,-77.0,48.0
4,57,23.96186,90.38066,-71.0,48.0
4,57,23.96174,90.38067,-78.0,48.0
4,57,23.96162,90.38068,-74.0,50.0
4,57,23.96149,90.38069,-81.0,52.0
4,57,23.96135,90.38069,-80.0,54.0
4,57,23.96121,90.38071,-85.0,56.0
4,57,23.96107,90.38073,-85.0,58.0
4,57,23.96092,90.38074,-82.0,59.0
4,57,23.96077,90.38076,-84.0,61.0
4,57,23.96062,90.38078,-82.0,61.0
4,57,23.96046,90.38081,-86.0,61.0
4,57,23.96031,90.38082,-87.0,59.0
4,57,23.96017,90.38084,-79.0,56.0
4,57,23.96003,90.38085,-79.0,55.0
4,57,23.95989,90.38087,-92.0,57.0
4,57,23.95975,90.38088,-92.0,58.0
4,57,23.9596,90.3809,-94.0,59.0
4,57,23.95945,90.38092,-88.0,60.0
4,57,23.9593,90.38094,-89.0,59.0
4,57,23.95915,90.38095,-90.0,60.0
4,57,23.959,90.38096,-87.0,58.0
4,57,23.95886,90.38098,-89.0,55.0
4,57,23.95873,90.38099,-86.0,53.0
4,57,23.95859,90.381,-91.0,53.0
4,57,23.95846,90.38101,-86.0,54.0
4,57,23.95832,90.38102,-82.0,55.0
4,57,23.95818,90.38104,-78.0,53.0
4,57,23.95805,90.38104,-78.0,53.0
4,57,23.95791,90.38106,-76.0,55.0
4,57,23.95777,90.38107,-72.0,57.0
4,57,23.95763,90.38108,-71.0,58.0
4,57,23.95748,90.38109,-70.0,59.0
4,57,23.95733,90.3811,-75.0,60.0
4,57,23.95718,90.38111,-77.0,61.0
4,57,23.95703,90.38113,-72.0,60.0
4,57,23.95688,90.38114,-73.0,58.0
4,57,23.95674,90.38115,-79.0,56.0
4,57,23.9566,90.38116,-79.0,55.0
4,57,23.95647,90.38117,-77.0,52.0
4,57,23.95634,90.38117,-77.0,46.0
4,57,23.95624,90.38118,-81.0,38.0
4,57,23.95615,90.38119,-78.0,34.0
4,57,23.95607,90.38119,-78.0,33.0
4,57,23.95599,90.38121,-78.0,34.0
4,57,23.9559,90.38122,-75.0,34.0
4,57,23.95582,90.38123,-79.0,36.0
4,57,23.95572,90.38124,-77.0,39.0
4,57,23.95562,90.38124,-73.0,41.0
4,57,23.95552,90.38124,-73.0,41.0
4,57,23.95542,90.38125,-75.0,41.0
4,57,23.95532,90.38126,-71.0,42.0
4,57,23.95521,90.38127,-71.0,44.0
4,57,23.9551,90.38128,-74.0,46.0
4,57,23.95498,90.38129,-73.0,46.0
4,57,23.95486,90.3813,-72.0,46.0
4,57,23.95475,90.38132,-74.0,46.0
4,57,23.95464,90.38132,-73.0,44.0
4,57,23.95453,90.38133,-76.0,44.0
4,57,23.95441,90.38134,-75.0,46.0
4,57,23.95429,90.38134,-83.0,46.0
4,57,23.95418,90.38134,-83.0,44.0
4,57,23.95408,90.38133,-76.0,39.0
4,57,23.95399,90.38133,-72.0,33.0
4,57,23.95391,90.38132,-76.0,25.0
4,57,23.95386,90.38132,-74.0,25.0
4,57,23.95381,90.38132,-72.0,16.0
4,57,23.95378,90.38131,-67.0,14.0
4,57,23.95375,90.3813,-69.0,12.0
4,57,23.95373,90.38128,-73.0,8.0
4,57,23.95372,90.38127,-72.0,5.0
4,57,23.95371,90.38126,-79.0,5.0
4,57,23.9537,90.38126,-72.0,5.0
4,57,23.95369,90.38125,-78.0,7.0
4,57,23.95366,90.38125,-78.0,11.0
4,57,23.95363,90.38124,-83.0,11.0
4,57,23.9536,90.38123,-83.0,15.0
4,57,23.95356,90.38123,-87.0,14.0
4,57,23.95353,90.38122,-86.0,12.0
4,57,23.9535,90.38122,-84.0,10.0
4,57,23.95347,90.38122,-84.0,8.0
4,57,23.95345,90.38122,-81.0,7.0
4,57,23.95343,90.38122,-75.0,6.0
4,57,23.95342,90.38122,-81.0,5.0
4,57,23.9534,90.38122,-82.0,6.0
4,57,23.95338,90.38121,-86.0,9.0
4,57,23.95335,90.38121,-86.0,13.0
4,57,23.95331,90.38121,-86.0,19.0
4,57,23.95325,90.3812,-86.0,24.0
4,57,23.95317,90.3812,-87.0,28.0
4,57,23.9531,90.3812,-89.0,28.0
4,57,23.95302,90.3812,-88.0,28.0
4,57,23.95295,90.3812,-84.0,29.0
4,57,23.95288,90.3812,-81.0,28.0
4,57,23.95281,90.3812,-78.0,27.0
4,57,23.95274,90.3812,-77.0,27.0
4,57,23.95267,90.38119,-74.0,27.0
4,57,23.9526,90.38119,-72.0,26.0
4,57,23.95253,90.3812,-73.0,25.0
4,57,23.95247,90.3812,-74.0,24.0
4,57,23.95241,90.3812,-70.0,24.0
4,57,23.95235,90.3812,-70.0,23.0
4,57,23.95229,90.3812,-72.0,22.0
4,57,23.95224,90.38121,-70.0,23.0
4,57,23.95218,90.38121,-72.0,26.0
4,57,23.9521,90.3812,-74.0,26.0
4,57,23.95203,90.3812,-72.0,32.0
4,57,23.95194,90.38119,-72.0,32.0
4,57,23.95186,90.38119,-68.0,32.0
4,57,23.95178,90.38119,-70.0,32.0
4,57,23.9517,90.38119,-71.0,30.0
4,57,23.95163,90.3812,-77.0,28.0
4,57,23.95156,90.3812,-71.0,24.0
4,57,23.9515,90.3812,-71.0,22.0
4,57,23.95145,90.3812,-76.0,20.0
4,57,23.9514,90.3812,-74.0,21.0
4,57,23.95134,90.3812,-74.0,20.0
4,57,23.95129,90.3812,-76.0,20.0
4,57,23.95124,90.3812,-74.0,21.0
4,57,23.95119,90.3812,-72.0,23.0
4,57,23.95113,90.3812,-77.0,25.0
4,57,23.95107,90.3812,-75.0,26.0
4,57,23.951,90.38121,-77.0,26.0
4,57,23.95093,90.38122,-75.0,27.0
4,57,23.95086,90.38122,-71.0,28.0
4,57,23.95079,90.38123,-73.0,28.0
4,57,23.95072,90.38123,-71.0,26.0
4,57,23.95066,90.38124,-74.0,23.0
4,57,23.95061,90.38124,-78.0,20.0
4,57,23.95055,90.38124,-77.0,20.0
4,57,23.9505,90.38124,-75.0,20.0
4,57,23.95046,90.38124,-77.0,19.0
4,57,23.95041,90.38124,-75.0,19.0
4,57,23.95036,90.38124,-78.0,19.0
4,57,23.95031,90.38124,-74.0,19.0
4,57,23.95026,90.38125,-79.0,19.0
4,57,23.95022,90.38125,-79.0,18.0
4,57,23.95017,90.38125,-80.0,17.0
4,57,23.95013,90.38125,-81.0,18.0
4,57,23.95009,90.38125,-83.0,18.0
4,57,23.95005,90.38125,-82.0,15.0
4,57,23.95001,90.38125,-83.0,17.0
4,57,23.94996,90.38124,-85.0,19.0
4,57,23.94991,90.38125,-81.0,22.0
4,57,23.94985,90.38125,-82.0,24.0
4,57,23.94978,90.38125,-81.0,26.0
4,57,23.94972,90.38125,-82.0,26.0
4,57,23.94966,90.38126,-81.0,24.0
4,57,23.9496,90.38126,-81.0,21.0
4,57,23.94955,90.38126,-86.0,20.0
