operating_point,threshold,alarm_rate,alarms_per_hour,min_lead_time_s,n_adverse_events,n_warned,max_avoidable_frac,random_alarm_reference,lift_over_random,excess_over_random,actuator_efficacy,attainable_benefit_frac,ranker,seed
alarm_top_2pct,0.7399924407539611,0.020077972709551656,72.6845045574831,0.0,269,25,0.09293680297397769,0.18357705612384978,0.5062550023205412,-0.09064025314987209,0.25,0.023234200743494422,dedicated ping-pong model,1337
alarm_top_2pct,0.7399924407539611,0.020077972709551656,72.6845045574831,0.0,269,25,0.09293680297397769,0.18357705612384978,0.5062550023205412,-0.09064025314987209,0.5,0.046468401486988845,dedicated ping-pong model,1337
alarm_top_2pct,0.7399924407539611,0.020077972709551656,72.6845045574831,0.0,269,25,0.09293680297397769,0.18357705612384978,0.5062550023205412,-0.09064025314987209,0.75,0.06970260223048327,dedicated ping-pong model,1337
alarm_top_2pct,0.7399924407539611,0.020077972709551656,72.6845045574831,0.0,269,25,0.09293680297397769,0.18357705612384978,0.5062550023205412,-0.09064025314987209,1.0,0.09293680297397769,dedicated ping-pong model,1337
alarm_top_2pct,0.7399924407539611,0.020077972709551656,72.6845045574831,1.0,269,25,0.09293680297397769,0.16684907458033604,0.5570111983403876,-0.07391227160635835,0.25,0.023234200743494422,dedicated ping-pong model,1337
alarm_top_2pct,0.7399924407539611,0.020077972709551656,72.6845045574831,1.0,269,25,0.09293680297397769,0.16684907458033604,0.5570111983403876,-0.07391227160635835,0.5,0.046468401486988845,dedicated ping-pong model,1337
alarm_top_2pct,0.7399924407539611,0.020077972709551656,72.6845045574831,1.0,269,25,0.09293680297397769,0.16684907458033604,0.5570111983403876,-0.07391227160635835,0.75,0.06970260223048327,dedicated ping-pong model,1337
alarm_top_2pct,0.7399924407539611,0.020077972709551656,72.6845045574831,1.0,269,25,0.09293680297397769,0.16684907458033604,0.5570111983403876,-0.07391227160635835,1.0,0.09293680297397769,dedicated ping-pong model,1337
alarm_top_2pct,0.7399924407539611,0.020077972709551656,72.6845045574831,2.0,269,24,0.08921933085501858,0.14977834744323126,0.5956757594006327,-0.06055901658821268,0.25,0.022304832713754646,dedicated ping-pong model,1337
alarm_top_2pct,0.7399924407539611,0.020077972709551656,72.6845045574831,2.0,269,24,0.08921933085501858,0.14977834744323126,0.5956757594006327,-0.06055901658821268,0.5,0.04460966542750929,dedicated ping-pong model,1337
alarm_top_2pct,0.7399924407539611,0.020077972709551656,72.6845045574831,2.0,269,24,0.08921933085501858,0.14977834744323126,0.5956757594006327,-0.06055901658821268,0.75,0.06691449814126393,dedicated ping-pong model,1337
alarm_top_2pct,0.7399924407539611,0.020077972709551656,72.6845045574831,2.0,269,24,0.08921933085501858,0.14977834744323126,0.5956757594006327,-0.06055901658821268,1.0,0.08921933085501858,dedicated ping-pong model,1337
alarm_top_2pct,0.7399924407539611,0.020077972709551656,72.6845045574831,3.0,269,21,0.07806691449814127,0.1323578520755473,0.5898170246339611,-0.05429093757740602,0.25,0.019516728624535316,dedicated ping-pong model,1337
alarm_top_2pct,0.7399924407539611,0.020077972709551656,72.6845045574831,3.0,269,21,0.07806691449814127,0.1323578520755473,0.5898170246339611,-0.05429093757740602,0.5,0.03903345724907063,dedicated ping-pong model,1337
alarm_top_2pct,0.7399924407539611,0.020077972709551656,72.6845045574831,3.0,269,21,0.07806691449814127,0.1323578520755473,0.5898170246339611,-0.05429093757740602,0.75,0.05855018587360595,dedicated ping-pong model,1337
alarm_top_2pct,0.7399924407539611,0.020077972709551656,72.6845045574831,3.0,269,21,0.07806691449814127,0.1323578520755473,0.5898170246339611,-0.05429093757740602,1.0,0.07806691449814127,dedicated ping-pong model,1337
alarm_top_2pct,0.7399924407539611,0.020077972709551656,72.6845045574831,5.0,269,17,0.06319702602230483,0.09643874370569083,0.6553074375913462,-0.033241717683386005,0.25,0.015799256505576207,dedicated ping-pong model,1337
alarm_top_2pct,0.7399924407539611,0.020077972709551656,72.6845045574831,5.0,269,17,0.06319702602230483,0.09643874370569083,0.6553074375913462,-0.033241717683386005,0.5,0.031598513011152414,dedicated ping-pong model,1337
alarm_top_2pct,0.7399924407539611,0.020077972709551656,72.6845045574831,5.0,269,17,0.06319702602230483,0.09643874370569083,0.6553074375913462,-0.033241717683386005,0.75,0.047397769516728624,dedicated ping-pong model,1337
alarm_top_2pct,0.7399924407539611,0.020077972709551656,72.6845045574831,5.0,269,17,0.06319702602230483,0.09643874370569083,0.6553074375913462,-0.033241717683386005,1.0,0.06319702602230483,dedicated ping-pong model,1337
alarm_top_5pct,0.5198976908612744,0.05,181.0055865921788,0.0,269,47,0.17472118959107807,0.4012630607616213,0.4354280437861556,-0.22654187117054325,0.25,0.04368029739776952,dedicated ping-pong model,1337
alarm_top_5pct,0.5198976908612744,0.05,181.0055865921788,0.0,269,47,0.17472118959107807,0.4012630607616213,0.4354280437861556,-0.22654187117054325,0.5,0.08736059479553904,dedicated ping-pong model,1337
alarm_top_5pct,0.5198976908612744,0.05,181.0055865921788,0.0,269,47,0.17472118959107807,0.4012630607616213,0.4354280437861556,-0.22654187117054325,0.75,0.13104089219330856,dedicated ping-pong model,1337
alarm_top_5pct,0.5198976908612744,0.05,181.0055865921788,0.0,269,47,0.17472118959107807,0.4012630607616213,0.4354280437861556,-0.22654187117054325,1.0,0.17472118959107807,dedicated ping-pong model,1337
alarm_top_5pct,0.5198976908612744,0.05,181.0055865921788,1.0,269,42,0.15613382899628253,0.3697505902753909,0.4222679641430559,-0.2136167612791084,0.25,0.03903345724907063,dedicated ping-pong model,1337
alarm_top_5pct,0.5198976908612744,0.05,181.0055865921788,1.0,269,42,0.15613382899628253,0.3697505902753909,0.4222679641430559,-0.2136167612791084,0.5,0.07806691449814127,dedicated ping-pong model,1337
alarm_top_5pct,0.5198976908612744,0.05,181.0055865921788,1.0,269,42,0.15613382899628253,0.3697505902753909,0.4222679641430559,-0.2136167612791084,0.75,0.1171003717472119,dedicated ping-pong model,1337
alarm_top_5pct,0.5198976908612744,0.05,181.0055865921788,1.0,269,42,0.15613382899628253,0.3697505902753909,0.4222679641430559,-0.2136167612791084,1.0,0.15613382899628253,dedicated ping-pong model,1337
alarm_top_5pct,0.5198976908612744,0.05,181.0055865921788,2.0,269,36,0.13382899628252787,0.33657956871093775,0.3976147357817292,-0.20275057242840988,0.25,0.03345724907063197,dedicated ping-pong model,1337
alarm_top_5pct,0.5198976908612744,0.05,181.0055865921788,2.0,269,36,0.13382899628252787,0.33657956871093775,0.3976147357817292,-0.20275057242840988,0.5,0.06691449814126393,dedicated ping-pong model,1337
alarm_top_5pct,0.5198976908612744,0.05,181.0055865921788,2.0,269,36,0.13382899628252787,0.33657956871093775,0.3976147357817292,-0.20275057242840988,0.75,0.10037174721189591,dedicated ping-pong model,1337
alarm_top_5pct,0.5198976908612744,0.05,181.0055865921788,2.0,269,36,0.13382899628252787,0.33657956871093775,0.3976147357817292,-0.20275057242840988,1.0,0.13382899628252787,dedicated ping-pong model,1337
alarm_top_5pct,0.5198976908612744,0.05,181.0055865921788,3.0,269,33,0.12267657992565056,0.3016627039062503,0.40666803796791395,-0.1789861239805997,0.25,0.03066914498141264,dedicated ping-pong model,1337
alarm_top_5pct,0.5198976908612744,0.05,181.0055865921788,3.0,269,33,0.12267657992565056,0.3016627039062503,0.40666803796791395,-0.1789861239805997,0.5,0.06133828996282528,dedicated ping-pong model,1337
alarm_top_5pct,0.5198976908612744,0.05,181.0055865921788,3.0,269,33,0.12267657992565056,0.3016627039062503,0.40666803796791395,-0.1789861239805997,0.75,0.09200743494423792,dedicated ping-pong model,1337
alarm_top_5pct,0.5198976908612744,0.05,181.0055865921788,3.0,269,33,0.12267657992565056,0.3016627039062503,0.40666803796791395,-0.1789861239805997,1.0,0.12267657992565056,dedicated ping-pong model,1337
alarm_top_5pct,0.5198976908612744,0.05,181.0055865921788,5.0,269,26,0.09665427509293681,0.22621906250000023,0.4272596395051222,-0.12956478740706343,0.25,0.024163568773234202,dedicated ping-pong model,1337
alarm_top_5pct,0.5198976908612744,0.05,181.0055865921788,5.0,269,26,0.09665427509293681,0.22621906250000023,0.4272596395051222,-0.12956478740706343,0.5,0.048327137546468404,dedicated ping-pong model,1337
alarm_top_5pct,0.5198976908612744,0.05,181.0055865921788,5.0,269,26,0.09665427509293681,0.22621906250000023,0.4272596395051222,-0.12956478740706343,0.75,0.0724907063197026,dedicated ping-pong model,1337
alarm_top_5pct,0.5198976908612744,0.05,181.0055865921788,5.0,269,26,0.09665427509293681,0.22621906250000023,0.4272596395051222,-0.12956478740706343,1.0,0.09665427509293681,dedicated ping-pong model,1337
alarm_top_10pct,0.32436692488812807,0.1,362.0111731843576,0.0,269,83,0.30855018587360594,0.6513215599,0.4737294216407928,-0.342771374026394,0.25,0.07713754646840149,dedicated ping-pong model,1337
alarm_top_10pct,0.32436692488812807,0.1,362.0111731843576,0.0,269,83,0.30855018587360594,0.6513215599,0.4737294216407928,-0.342771374026394,0.5,0.15427509293680297,dedicated ping-pong model,1337
alarm_top_10pct,0.32436692488812807,0.1,362.0111731843576,0.0,269,83,0.30855018587360594,0.6513215599,0.4737294216407928,-0.342771374026394,0.75,0.23141263940520446,dedicated ping-pong model,1337
alarm_top_10pct,0.32436692488812807,0.1,362.0111731843576,0.0,269,83,0.30855018587360594,0.6513215599,0.4737294216407928,-0.342771374026394,1.0,0.30855018587360594,dedicated ping-pong model,1337
alarm_top_10pct,0.32436692488812807,0.1,362.0111731843576,1.0,269,78,0.2899628252788104,0.6125795109999999,0.4733472472911528,-0.32261668572118946,0.25,0.0724907063197026,dedicated ping-pong model,1337
alarm_top_10pct,0.32436692488812807,0.1,362.0111731843576,1.0,269,78,0.2899628252788104,0.6125795109999999,0.4733472472911528,-0.32261668572118946,0.5,0.1449814126394052,dedicated ping-pong model,1337
alarm_top_10pct,0.32436692488812807,0.1,362.0111731843576,1.0,269,78,0.2899628252788104,0.6125795109999999,0.4733472472911528,-0.32261668572118946,0.75,0.2174721189591078,dedicated ping-pong model,1337
alarm_top_10pct,0.32436692488812807,0.1,362.0111731843576,1.0,269,78,0.2899628252788104,0.6125795109999999,0.4733472472911528,-0.32261668572118946,1.0,0.2899628252788104,dedicated ping-pong model,1337
alarm_top_10pct,0.32436692488812807,0.1,362.0111731843576,2.0,269,72,0.26765799256505574,0.5695327899999999,0.4699606366212133,-0.30187479743494416,0.25,0.06691449814126393,dedicated ping-pong model,1337
alarm_top_10pct,0.32436692488812807,0.1,362.0111731843576,2.0,269,72,0.26765799256505574,0.5695327899999999,0.4699606366212133,-0.30187479743494416,0.5,0.13382899628252787,dedicated ping-pong model,1337
alarm_top_10pct,0.32436692488812807,0.1,362.0111731843576,2.0,269,72,0.26765799256505574,0.5695327899999999,0.4699606366212133,-0.30187479743494416,0.75,0.20074349442379183,dedicated ping-pong model,1337
alarm_top_10pct,0.32436692488812807,0.1,362.0111731843576,2.0,269,72,0.26765799256505574,0.5695327899999999,0.4699606366212133,-0.30187479743494416,1.0,0.26765799256505574,dedicated ping-pong model,1337
alarm_top_10pct,0.32436692488812807,0.1,362.0111731843576,3.0,269,69,0.25650557620817843,0.5217030999999999,0.49166964161834287,-0.26519752379182143,0.25,0.06412639405204461,dedicated ping-pong model,1337
alarm_top_10pct,0.32436692488812807,0.1,362.0111731843576,3.0,269,69,0.25650557620817843,0.5217030999999999,0.49166964161834287,-0.26519752379182143,0.5,0.12825278810408922,dedicated ping-pong model,1337
alarm_top_10pct,0.32436692488812807,0.1,362.0111731843576,3.0,269,69,0.25650557620817843,0.5217030999999999,0.49166964161834287,-0.26519752379182143,0.75,0.19237918215613384,dedicated ping-pong model,1337
alarm_top_10pct,0.32436692488812807,0.1,362.0111731843576,3.0,269,69,0.25650557620817843,0.5217030999999999,0.49166964161834287,-0.26519752379182143,1.0,0.25650557620817843,dedicated ping-pong model,1337
alarm_top_10pct,0.32436692488812807,0.1,362.0111731843576,5.0,269,56,0.20817843866171004,0.40950999999999993,0.5083598414244098,-0.2013315613382899,0.25,0.05204460966542751,dedicated ping-pong model,1337
alarm_top_10pct,0.32436692488812807,0.1,362.0111731843576,5.0,269,56,0.20817843866171004,0.40950999999999993,0.5083598414244098,-0.2013315613382899,0.5,0.10408921933085502,dedicated ping-pong model,1337
alarm_top_10pct,0.32436692488812807,0.1,362.0111731843576,5.0,269,56,0.20817843866171004,0.40950999999999993,0.5083598414244098,-0.2013315613382899,0.75,0.15613382899628253,dedicated ping-pong model,1337
alarm_top_10pct,0.32436692488812807,0.1,362.0111731843576,5.0,269,56,0.20817843866171004,0.40950999999999993,0.5083598414244098,-0.2013315613382899,1.0,0.20817843866171004,dedicated ping-pong model,1337
alarm_top_20pct,0.14787132367495653,0.2,724.0223463687151,0.0,269,136,0.5055762081784386,0.8926258175999999,0.5663920964528897,-0.3870496094215613,0.25,0.12639405204460966,dedicated ping-pong model,1337
alarm_top_20pct,0.14787132367495653,0.2,724.0223463687151,0.0,269,136,0.5055762081784386,0.8926258175999999,0.5663920964528897,-0.3870496094215613,0.5,0.2527881040892193,dedicated ping-pong model,1337
alarm_top_20pct,0.14787132367495653,0.2,724.0223463687151,0.0,269,136,0.5055762081784386,0.8926258175999999,0.5663920964528897,-0.3870496094215613,0.75,0.379182156133829,dedicated ping-pong model,1337
alarm_top_20pct,0.14787132367495653,0.2,724.0223463687151,0.0,269,136,0.5055762081784386,0.8926258175999999,0.5663920964528897,-0.3870496094215613,1.0,0.5055762081784386,dedicated ping-pong model,1337
alarm_top_20pct,0.14787132367495653,0.2,724.0223463687151,1.0,269,125,0.4646840148698885,0.8657822719999999,0.5367215637211483,-0.40109825713011144,0.25,0.11617100371747212,dedicated ping-pong model,1337
alarm_top_20pct,0.14787132367495653,0.2,724.0223463687151,1.0,269,125,0.4646840148698885,0.8657822719999999,0.5367215637211483,-0.40109825713011144,0.5,0.23234200743494424,dedicated ping-pong model,1337
alarm_top_20pct,0.14787132367495653,0.2,724.0223463687151,1.0,269,125,0.4646840148698885,0.8657822719999999,0.5367215637211483,-0.40109825713011144,0.75,0.34851301115241634,dedicated ping-pong model,1337
alarm_top_20pct,0.14787132367495653,0.2,724.0223463687151,1.0,269,125,0.4646840148698885,0.8657822719999999,0.5367215637211483,-0.40109825713011144,1.0,0.4646840148698885,dedicated ping-pong model,1337
alarm_top_20pct,0.14787132367495653,0.2,724.0223463687151,2.0,269,116,0.4312267657992565,0.8322278399999999,0.518159505213448,-0.40100107420074343,0.25,0.10780669144981413,dedicated ping-pong model,1337
alarm_top_20pct,0.14787132367495653,0.2,724.0223463687151,2.0,269,116,0.4312267657992565,0.8322278399999999,0.518159505213448,-0.40100107420074343,0.5,0.21561338289962825,dedicated ping-pong model,1337
alarm_top_20pct,0.14787132367495653,0.2,724.0223463687151,2.0,269,116,0.4312267657992565,0.8322278399999999,0.518159505213448,-0.40100107420074343,0.75,0.32342007434944237,dedicated ping-pong model,1337
alarm_top_20pct,0.14787132367495653,0.2,724.0223463687151,2.0,269,116,0.4312267657992565,0.8322278399999999,0.518159505213448,-0.40100107420074343,1.0,0.4312267657992565,dedicated ping-pong model,1337
alarm_top_20pct,0.14787132367495653,0.2,724.0223463687151,3.0,269,113,0.4200743494423792,0.7902847999999999,0.5315480563998944,-0.3702104505576207,0.25,0.1050185873605948,dedicated ping-pong model,1337
alarm_top_20pct,0.14787132367495653,0.2,724.0223463687151,3.0,269,113,0.4200743494423792,0.7902847999999999,0.5315480563998944,-0.3702104505576207,0.5,0.2100371747211896,dedicated ping-pong model,1337
alarm_top_20pct,0.14787132367495653,0.2,724.0223463687151,3.0,269,113,0.4200743494423792,0.7902847999999999,0.5315480563998944,-0.3702104505576207,0.75,0.3150557620817844,dedicated ping-pong model,1337
alarm_top_20pct,0.14787132367495653,0.2,724.0223463687151,3.0,269,113,0.4200743494423792,0.7902847999999999,0.5315480563998944,-0.3702104505576207,1.0,0.4200743494423792,dedicated ping-pong model,1337
alarm_top_20pct,0.14787132367495653,0.2,724.0223463687151,5.0,269,100,0.37174721189591076,0.6723199999999999,0.5529319548665974,-0.30057278810408916,0.25,0.09293680297397769,dedicated ping-pong model,1337
alarm_top_20pct,0.14787132367495653,0.2,724.0223463687151,5.0,269,100,0.37174721189591076,0.6723199999999999,0.5529319548665974,-0.30057278810408916,0.5,0.18587360594795538,dedicated ping-pong model,1337
alarm_top_20pct,0.14787132367495653,0.2,724.0223463687151,5.0,269,100,0.37174721189591076,0.6723199999999999,0.5529319548665974,-0.30057278810408916,0.75,0.2788104089219331,dedicated ping-pong model,1337
alarm_top_20pct,0.14787132367495653,0.2,724.0223463687151,5.0,269,100,0.37174721189591076,0.6723199999999999,0.5529319548665974,-0.30057278810408916,1.0,0.37174721189591076,dedicated ping-pong model,1337
alarm_top_40pct,0.04498796963529987,0.4,1448.0446927374303,0.0,269,209,0.7769516728624535,0.9939533824,0.7816781819147552,-0.2170017095375465,0.25,0.19423791821561337,dedicated ping-pong model,1337
alarm_top_40pct,0.04498796963529987,0.4,1448.0446927374303,0.0,269,209,0.7769516728624535,0.9939533824,0.7816781819147552,-0.2170017095375465,0.5,0.38847583643122674,dedicated ping-pong model,1337
alarm_top_40pct,0.04498796963529987,0.4,1448.0446927374303,0.0,269,209,0.7769516728624535,0.9939533824,0.7816781819147552,-0.2170017095375465,0.75,0.5827137546468402,dedicated ping-pong model,1337
alarm_top_40pct,0.04498796963529987,0.4,1448.0446927374303,0.0,269,209,0.7769516728624535,0.9939533824,0.7816781819147552,-0.2170017095375465,1.0,0.7769516728624535,dedicated ping-pong model,1337
alarm_top_40pct,0.04498796963529987,0.4,1448.0446927374303,1.0,269,199,0.7397769516728625,0.989922304,0.7473080954774229,-0.2501453523271375,0.25,0.18494423791821563,dedicated ping-pong model,1337
alarm_top_40pct,0.04498796963529987,0.4,1448.0446927374303,1.0,269,199,0.7397769516728625,0.989922304,0.7473080954774229,-0.2501453523271375,0.5,0.36988847583643125,dedicated ping-pong model,1337
alarm_top_40pct,0.04498796963529987,0.4,1448.0446927374303,1.0,269,199,0.7397769516728625,0.989922304,0.7473080954774229,-0.2501453523271375,0.75,0.5548327137546468,dedicated ping-pong model,1337
alarm_top_40pct,0.04498796963529987,0.4,1448.0446927374303,1.0,269,199,0.7397769516728625,0.989922304,0.7473080954774229,-0.2501453523271375,1.0,0.7397769516728625,dedicated ping-pong model,1337
alarm_top_40pct,0.04498796963529987,0.4,1448.0446927374303,2.0,269,188,0.6988847583643123,0.98320384,0.7108238698135193,-0.28431908163568775,0.25,0.17472118959107807,dedicated ping-pong model,1337
alarm_top_40pct,0.04498796963529987,0.4,1448.0446927374303,2.0,269,188,0.6988847583643123,0.98320384,0.7108238698135193,-0.28431908163568775,0.5,0.34944237918215615,dedicated ping-pong model,1337
alarm_top_40pct,0.04498796963529987,0.4,1448.0446927374303,2.0,269,188,0.6988847583643123,0.98320384,0.7108238698135193,-0.28431908163568775,0.75,0.5241635687732342,dedicated ping-pong model,1337
alarm_top_40pct,0.04498796963529987,0.4,1448.0446927374303,2.0,269,188,0.6988847583643123,0.98320384,0.7108238698135193,-0.28431908163568775,1.0,0.6988847583643123,dedicated ping-pong model,1337
alarm_top_40pct,0.04498796963529987,0.4,1448.0446927374303,3.0,269,181,0.6728624535315985,0.9720064,0.6922407645994907,-0.2991439464684016,0.25,0.16821561338289961,dedicated ping-pong model,1337
alarm_top_40pct,0.04498796963529987,0.4,1448.0446927374303,3.0,269,181,0.6728624535315985,0.9720064,0.6922407645994907,-0.2991439464684016,0.5,0.33643122676579923,dedicated ping-pong model,1337
alarm_top_40pct,0.04498796963529987,0.4,1448.0446927374303,3.0,269,181,0.6728624535315985,0.9720064,0.6922407645994907,-0.2991439464684016,0.75,0.5046468401486989,dedicated ping-pong model,1337
alarm_top_40pct,0.04498796963529987,0.4,1448.0446927374303,3.0,269,181,0.6728624535315985,0.9720064,0.6922407645994907,-0.2991439464684016,1.0,0.6728624535315985,dedicated ping-pong model,1337
alarm_top_40pct,0.04498796963529987,0.4,1448.0446927374303,5.0,269,163,0.6059479553903345,0.9222400000000001,0.6570393340023578,-0.31629204460966553,0.25,0.15148698884758363,dedicated ping-pong model,1337
alarm_top_40pct,0.04498796963529987,0.4,1448.0446927374303,5.0,269,163,0.6059479553903345,0.9222400000000001,0.6570393340023578,-0.31629204460966553,0.5,0.30297397769516726,dedicated ping-pong model,1337
alarm_top_40pct,0.04498796963529987,0.4,1448.0446927374303,5.0,269,163,0.6059479553903345,0.9222400000000001,0.6570393340023578,-0.31629204460966553,0.75,0.4544609665427509,dedicated ping-pong model,1337
alarm_top_40pct,0.04498796963529987,0.4,1448.0446927374303,5.0,269,163,0.6059479553903345,0.9222400000000001,0.6570393340023578,-0.31629204460966553,1.0,0.6059479553903345,dedicated ping-pong model,1337
alarm_top_2pct,0.9917713800597603,0.020077972709551656,72.6845045574831,0.0,269,106,0.3940520446096654,0.18357705612384978,2.146521209839095,0.21047498848581564,0.25,0.09851301115241635,generic handover model,1337
alarm_top_2pct,0.9917713800597603,0.020077972709551656,72.6845045574831,0.0,269,106,0.3940520446096654,0.18357705612384978,2.146521209839095,0.21047498848581564,0.5,0.1970260223048327,generic handover model,1337
alarm_top_2pct,0.9917713800597603,0.020077972709551656,72.6845045574831,0.0,269,106,0.3940520446096654,0.18357705612384978,2.146521209839095,0.21047498848581564,0.75,0.2955390334572491,generic handover model,1337
alarm_top_2pct,0.9917713800597603,0.020077972709551656,72.6845045574831,0.0,269,106,0.3940520446096654,0.18357705612384978,2.146521209839095,0.21047498848581564,1.0,0.3940520446096654,generic handover model,1337
alarm_top_2pct,0.9917713800597603,0.020077972709551656,72.6845045574831,1.0,269,76,0.2825278810408922,0.16684907458033604,1.6933140429547786,0.11567880646055617,0.25,0.07063197026022305,generic handover model,1337
alarm_top_2pct,0.9917713800597603,0.020077972709551656,72.6845045574831,1.0,269,76,0.2825278810408922,0.16684907458033604,1.6933140429547786,0.11567880646055617,0.5,0.1412639405204461,generic handover model,1337
alarm_top_2pct,0.9917713800597603,0.020077972709551656,72.6845045574831,1.0,269,76,0.2825278810408922,0.16684907458033604,1.6933140429547786,0.11567880646055617,0.75,0.21189591078066913,generic handover model,1337
alarm_top_2pct,0.9917713800597603,0.020077972709551656,72.6845045574831,1.0,269,76,0.2825278810408922,0.16684907458033604,1.6933140429547786,0.11567880646055617,1.0,0.2825278810408922,generic handover model,1337
alarm_top_2pct,0.9917713800597603,0.020077972709551656,72.6845045574831,2.0,269,70,0.26022304832713755,0.14977834744323126,1.7373876315851786,0.11044470088390629,0.25,0.06505576208178439,generic handover model,1337
alarm_top_2pct,0.9917713800597603,0.020077972709551656,72.6845045574831,2.0,269,70,0.26022304832713755,0.14977834744323126,1.7373876315851786,0.11044470088390629,0.5,0.13011152416356878,generic handover model,1337
alarm_top_2pct,0.9917713800597603,0.020077972709551656,72.6845045574831,2.0,269,70,0.26022304832713755,0.14977834744323126,1.7373876315851786,0.11044470088390629,0.75,0.19516728624535315,generic handover model,1337
alarm_top_2pct,0.9917713800597603,0.020077972709551656,72.6845045574831,2.0,269,70,0.26022304832713755,0.14977834744323126,1.7373876315851786,0.11044470088390629,1.0,0.26022304832713755,generic handover model,1337
alarm_top_2pct,0.9917713800597603,0.020077972709551656,72.6845045574831,3.0,269,63,0.2342007434944238,0.1323578520755473,1.7694510739018836,0.10184289141887651,0.25,0.05855018587360595,generic handover model,1337
alarm_top_2pct,0.9917713800597603,0.020077972709551656,72.6845045574831,3.0,269,63,0.2342007434944238,0.1323578520755473,1.7694510739018836,0.10184289141887651,0.5,0.1171003717472119,generic handover model,1337
alarm_top_2pct,0.9917713800597603,0.020077972709551656,72.6845045574831,3.0,269,63,0.2342007434944238,0.1323578520755473,1.7694510739018836,0.10184289141887651,0.75,0.17565055762081785,generic handover model,1337
alarm_top_2pct,0.9917713800597603,0.020077972709551656,72.6845045574831,3.0,269,63,0.2342007434944238,0.1323578520755473,1.7694510739018836,0.10184289141887651,1.0,0.2342007434944238,generic handover model,1337
alarm_top_2pct,0.9917713800597603,0.020077972709551656,72.6845045574831,5.0,269,48,0.17843866171003717,0.09643874370569083,1.8502798237873306,0.08199991800434633,0.25,0.04460966542750929,generic handover model,1337
alarm_top_2pct,0.9917713800597603,0.020077972709551656,72.6845045574831,5.0,269,48,0.17843866171003717,0.09643874370569083,1.8502798237873306,0.08199991800434633,0.5,0.08921933085501858,generic handover model,1337
alarm_top_2pct,0.9917713800597603,0.020077972709551656,72.6845045574831,5.0,269,48,0.17843866171003717,0.09643874370569083,1.8502798237873306,0.08199991800434633,0.75,0.13382899628252787,generic handover model,1337
alarm_top_2pct,0.9917713800597603,0.020077972709551656,72.6845045574831,5.0,269,48,0.17843866171003717,0.09643874370569083,1.8502798237873306,0.08199991800434633,1.0,0.17843866171003717,generic handover model,1337
alarm_top_5pct,0.8403462754589006,0.05,181.0055865921788,0.0,269,198,0.7360594795539034,0.4012630607616213,1.8343564397799748,0.33479641879228206,0.25,0.18401486988847585,generic handover model,1337
alarm_top_5pct,0.8403462754589006,0.05,181.0055865921788,0.0,269,198,0.7360594795539034,0.4012630607616213,1.8343564397799748,0.33479641879228206,0.5,0.3680297397769517,generic handover model,1337
alarm_top_5pct,0.8403462754589006,0.05,181.0055865921788,0.0,269,198,0.7360594795539034,0.4012630607616213,1.8343564397799748,0.33479641879228206,0.75,0.5520446096654275,generic handover model,1337
alarm_top_5pct,0.8403462754589006,0.05,181.0055865921788,0.0,269,198,0.7360594795539034,0.4012630607616213,1.8343564397799748,0.33479641879228206,1.0,0.7360594795539034,generic handover model,1337
alarm_top_5pct,0.8403462754589006,0.05,181.0055865921788,1.0,269,146,0.5427509293680297,0.3697505902753909,1.4678838753544323,0.1730003390926388,0.25,0.13568773234200743,generic handover model,1337
alarm_top_5pct,0.8403462754589006,0.05,181.0055865921788,1.0,269,146,0.5427509293680297,0.3697505902753909,1.4678838753544323,0.1730003390926388,0.5,0.27137546468401486,generic handover model,1337
alarm_top_5pct,0.8403462754589006,0.05,181.0055865921788,1.0,269,146,0.5427509293680297,0.3697505902753909,1.4678838753544323,0.1730003390926388,0.75,0.4070631970260223,generic handover model,1337
alarm_top_5pct,0.8403462754589006,0.05,181.0055865921788,1.0,269,146,0.5427509293680297,0.3697505902753909,1.4678838753544323,0.1730003390926388,1.0,0.5427509293680297,generic handover model,1337
alarm_top_5pct,0.8403462754589006,0.05,181.0055865921788,2.0,269,139,0.516728624535316,0.33657956871093775,1.5352346742683434,0.18014905582437823,0.25,0.129182156133829,generic handover model,1337
alarm_top_5pct,0.8403462754589006,0.05,181.0055865921788,2.0,269,139,0.516728624535316,0.33657956871093775,1.5352346742683434,0.18014905582437823,0.5,0.258364312267658,generic handover model,1337
alarm_top_5pct,0.8403462754589006,0.05,181.0055865921788,2.0,269,139,0.516728624535316,0.33657956871093775,1.5352346742683434,0.18014905582437823,0.75,0.387546468401487,generic handover model,1337
alarm_top_5pct,0.8403462754589006,0.05,181.0055865921788,2.0,269,139,0.516728624535316,0.33657956871093775,1.5352346742683434,0.18014905582437823,1.0,0.516728624535316,generic handover model,1337
alarm_top_5pct,0.8403462754589006,0.05,181.0055865921788,3.0,269,122,0.45353159851301117,0.3016627039062503,1.5034394130935,0.1518688946067609,0.25,0.11338289962825279,generic handover model,1337
alarm_top_5pct,0.8403462754589006,0.05,181.0055865921788,3.0,269,122,0.45353159851301117,0.3016627039062503,1.5034394130935,0.1518688946067609,0.5,0.22676579925650558,generic handover model,1337
alarm_top_5pct,0.8403462754589006,0.05,181.0055865921788,3.0,269,122,0.45353159851301117,0.3016627039062503,1.5034394130935,0.1518688946067609,0.75,0.34014869888475835,generic handover model,1337
alarm_top_5pct,0.8403462754589006,0.05,181.0055865921788,3.0,269,122,0.45353159851301117,0.3016627039062503,1.5034394130935,0.1518688946067609,1.0,0.45353159851301117,generic handover model,1337
alarm_top_5pct,0.8403462754589006,0.05,181.0055865921788,5.0,269,91,0.3382899628252788,0.22621906250000023,1.4954087382679275,0.11207090032527856,0.25,0.0845724907063197,generic handover model,1337
alarm_top_5pct,0.8403462754589006,0.05,181.0055865921788,5.0,269,91,0.3382899628252788,0.22621906250000023,1.4954087382679275,0.11207090032527856,0.5,0.1691449814126394,generic handover model,1337
alarm_top_5pct,0.8403462754589006,0.05,181.0055865921788,5.0,269,91,0.3382899628252788,0.22621906250000023,1.4954087382679275,0.11207090032527856,0.75,0.2537174721189591,generic handover model,1337
alarm_top_5pct,0.8403462754589006,0.05,181.0055865921788,5.0,269,91,0.3382899628252788,0.22621906250000023,1.4954087382679275,0.11207090032527856,1.0,0.3382899628252788,generic handover model,1337
alarm_top_10pct,0.059620611304830366,0.1,362.0111731843576,0.0,269,242,0.8996282527881041,0.6513215599,1.3812351811695405,0.24830669288810414,0.25,0.22490706319702602,generic handover model,1337
alarm_top_10pct,0.059620611304830366,0.1,362.0111731843576,0.0,269,242,0.8996282527881041,0.6513215599,1.3812351811695405,0.24830669288810414,0.5,0.44981412639405205,generic handover model,1337
alarm_top_10pct,0.059620611304830366,0.1,362.0111731843576,0.0,269,242,0.8996282527881041,0.6513215599,1.3812351811695405,0.24830669288810414,0.75,0.6747211895910781,generic handover model,1337
alarm_top_10pct,0.059620611304830366,0.1,362.0111731843576,0.0,269,242,0.8996282527881041,0.6513215599,1.3812351811695405,0.24830669288810414,1.0,0.8996282527881041,generic handover model,1337
alarm_top_10pct,0.059620611304830366,0.1,362.0111731843576,1.0,269,199,0.7397769516728625,0.6125795109999999,1.207642336037685,0.12719744067286265,0.25,0.18494423791821563,generic handover model,1337
alarm_top_10pct,0.059620611304830366,0.1,362.0111731843576,1.0,269,199,0.7397769516728625,0.6125795109999999,1.207642336037685,0.12719744067286265,0.5,0.36988847583643125,generic handover model,1337
alarm_top_10pct,0.059620611304830366,0.1,362.0111731843576,1.0,269,199,0.7397769516728625,0.6125795109999999,1.207642336037685,0.12719744067286265,0.75,0.5548327137546468,generic handover model,1337
alarm_top_10pct,0.059620611304830366,0.1,362.0111731843576,1.0,269,199,0.7397769516728625,0.6125795109999999,1.207642336037685,0.12719744067286265,1.0,0.7397769516728625,generic handover model,1337
alarm_top_10pct,0.059620611304830366,0.1,362.0111731843576,2.0,269,185,0.6877323420074349,0.5695327899999999,1.207537746873951,0.11819955200743504,0.25,0.17193308550185873,generic handover model,1337
alarm_top_10pct,0.059620611304830366,0.1,362.0111731843576,2.0,269,185,0.6877323420074349,0.5695327899999999,1.207537746873951,0.11819955200743504,0.5,0.34386617100371747,generic handover model,1337
alarm_top_10pct,0.059620611304830366,0.1,362.0111731843576,2.0,269,185,0.6877323420074349,0.5695327899999999,1.207537746873951,0.11819955200743504,0.75,0.5157992565055762,generic handover model,1337
alarm_top_10pct,0.059620611304830366,0.1,362.0111731843576,2.0,269,185,0.6877323420074349,0.5695327899999999,1.207537746873951,0.11819955200743504,1.0,0.6877323420074349,generic handover model,1337
alarm_top_10pct,0.059620611304830366,0.1,362.0111731843576,3.0,269,170,0.6319702602230484,0.5217030999999999,1.2113599865959173,0.1102671602230485,0.25,0.1579925650557621,generic handover model,1337
alarm_top_10pct,0.059620611304830366,0.1,362.0111731843576,3.0,269,170,0.6319702602230484,0.5217030999999999,1.2113599865959173,0.1102671602230485,0.5,0.3159851301115242,generic handover model,1337
alarm_top_10pct,0.059620611304830366,0.1,362.0111731843576,3.0,269,170,0.6319702602230484,0.5217030999999999,1.2113599865959173,0.1102671602230485,0.75,0.4739776951672863,generic handover model,1337
alarm_top_10pct,0.059620611304830366,0.1,362.0111731843576,3.0,269,170,0.6319702602230484,0.5217030999999999,1.2113599865959173,0.1102671602230485,1.0,0.6319702602230484,generic handover model,1337
alarm_top_10pct,0.059620611304830366,0.1,362.0111731843576,5.0,269,134,0.49814126394052044,0.40950999999999993,1.2164324776941235,0.08863126394052051,0.25,0.12453531598513011,generic handover model,1337
alarm_top_10pct,0.059620611304830366,0.1,362.0111731843576,5.0,269,134,0.49814126394052044,0.40950999999999993,1.2164324776941235,0.08863126394052051,0.5,0.24907063197026022,generic handover model,1337
alarm_top_10pct,0.059620611304830366,0.1,362.0111731843576,5.0,269,134,0.49814126394052044,0.40950999999999993,1.2164324776941235,0.08863126394052051,0.75,0.3736059479553903,generic handover model,1337
alarm_top_10pct,0.059620611304830366,0.1,362.0111731843576,5.0,269,134,0.49814126394052044,0.40950999999999993,1.2164324776941235,0.08863126394052051,1.0,0.49814126394052044,generic handover model,1337
alarm_top_20pct,0.011825798574859952,0.2,724.0223463687151,0.0,269,252,0.9368029739776952,0.8926258175999999,1.0494912375450602,0.04417715637769526,0.25,0.2342007434944238,generic handover model,1337
alarm_top_20pct,0.011825798574859952,0.2,724.0223463687151,0.0,269,252,0.9368029739776952,0.8926258175999999,1.0494912375450602,0.04417715637769526,0.5,0.4684014869888476,generic handover model,1337
alarm_top_20pct,0.011825798574859952,0.2,724.0223463687151,0.0,269,252,0.9368029739776952,0.8926258175999999,1.0494912375450602,0.04417715637769526,0.75,0.7026022304832714,generic handover model,1337
alarm_top_20pct,0.011825798574859952,0.2,724.0223463687151,0.0,269,252,0.9368029739776952,0.8926258175999999,1.0494912375450602,0.04417715637769526,1.0,0.9368029739776952,generic handover model,1337
alarm_top_20pct,0.011825798574859952,0.2,724.0223463687151,1.0,269,226,0.8401486988847584,0.8657822719999999,0.9703925872078362,-0.025633573115241504,0.25,0.2100371747211896,generic handover model,1337
alarm_top_20pct,0.011825798574859952,0.2,724.0223463687151,1.0,269,226,0.8401486988847584,0.8657822719999999,0.9703925872078362,-0.025633573115241504,0.5,0.4200743494423792,generic handover model,1337
alarm_top_20pct,0.011825798574859952,0.2,724.0223463687151,1.0,269,226,0.8401486988847584,0.8657822719999999,0.9703925872078362,-0.025633573115241504,0.75,0.6301115241635687,generic handover model,1337
alarm_top_20pct,0.011825798574859952,0.2,724.0223463687151,1.0,269,226,0.8401486988847584,0.8657822719999999,0.9703925872078362,-0.025633573115241504,1.0,0.8401486988847584,generic handover model,1337
alarm_top_20pct,0.011825798574859952,0.2,724.0223463687151,2.0,269,213,0.79182156133829,0.8322278399999999,0.9514480569867622,-0.04040627866170998,0.25,0.1979553903345725,generic handover model,1337
alarm_top_20pct,0.011825798574859952,0.2,724.0223463687151,2.0,269,213,0.79182156133829,0.8322278399999999,0.9514480569867622,-0.04040627866170998,0.5,0.395910780669145,generic handover model,1337
alarm_top_20pct,0.011825798574859952,0.2,724.0223463687151,2.0,269,213,0.79182156133829,0.8322278399999999,0.9514480569867622,-0.04040627866170998,0.75,0.5938661710037175,generic handover model,1337
alarm_top_20pct,0.011825798574859952,0.2,724.0223463687151,2.0,269,213,0.79182156133829,0.8322278399999999,0.9514480569867622,-0.04040627866170998,1.0,0.79182156133829,generic handover model,1337
alarm_top_20pct,0.011825798574859952,0.2,724.0223463687151,3.0,269,201,0.7472118959107806,0.7902847999999999,0.9454969852776881,-0.043072904089219266,0.25,0.18680297397769516,generic handover model,1337
alarm_top_20pct,0.011825798574859952,0.2,724.0223463687151,3.0,269,201,0.7472118959107806,0.7902847999999999,0.9454969852776881,-0.043072904089219266,0.5,0.3736059479553903,generic handover model,1337
alarm_top_20pct,0.011825798574859952,0.2,724.0223463687151,3.0,269,201,0.7472118959107806,0.7902847999999999,0.9454969852776881,-0.043072904089219266,0.75,0.5604089219330854,generic handover model,1337
alarm_top_20pct,0.011825798574859952,0.2,724.0223463687151,3.0,269,201,0.7472118959107806,0.7902847999999999,0.9454969852776881,-0.043072904089219266,1.0,0.7472118959107806,generic handover model,1337
alarm_top_20pct,0.011825798574859952,0.2,724.0223463687151,5.0,269,175,0.6505576208178439,0.6723199999999999,0.9676309210165456,-0.021762379182156066,0.25,0.16263940520446096,generic handover model,1337
alarm_top_20pct,0.011825798574859952,0.2,724.0223463687151,5.0,269,175,0.6505576208178439,0.6723199999999999,0.9676309210165456,-0.021762379182156066,0.5,0.3252788104089219,generic handover model,1337
alarm_top_20pct,0.011825798574859952,0.2,724.0223463687151,5.0,269,175,0.6505576208178439,0.6723199999999999,0.9676309210165456,-0.021762379182156066,0.75,0.4879182156133829,generic handover model,1337
alarm_top_20pct,0.011825798574859952,0.2,724.0223463687151,5.0,269,175,0.6505576208178439,0.6723199999999999,0.9676309210165456,-0.021762379182156066,1.0,0.6505576208178439,generic handover model,1337
alarm_top_40pct,0.00227455845990534,0.4,1448.0446927374303,0.0,269,260,0.966542750929368,0.9939533824,0.9724226186499348,-0.02741063147063194,0.25,0.241635687732342,generic handover model,1337
alarm_top_40pct,0.00227455845990534,0.4,1448.0446927374303,0.0,269,260,0.966542750929368,0.9939533824,0.9724226186499348,-0.02741063147063194,0.5,0.483271375464684,generic handover model,1337
alarm_top_40pct,0.00227455845990534,0.4,1448.0446927374303,0.0,269,260,0.966542750929368,0.9939533824,0.9724226186499348,-0.02741063147063194,0.75,0.724907063197026,generic handover model,1337
alarm_top_40pct,0.00227455845990534,0.4,1448.0446927374303,0.0,269,260,0.966542750929368,0.9939533824,0.9724226186499348,-0.02741063147063194,1.0,0.966542750929368,generic handover model,1337
alarm_top_40pct,0.00227455845990534,0.4,1448.0446927374303,1.0,269,247,0.9182156133828996,0.989922304,0.9275633144870524,-0.07170669061710044,0.25,0.2295539033457249,generic handover model,1337
alarm_top_40pct,0.00227455845990534,0.4,1448.0446927374303,1.0,269,247,0.9182156133828996,0.989922304,0.9275633144870524,-0.07170669061710044,0.5,0.4591078066914498,generic handover model,1337
alarm_top_40pct,0.00227455845990534,0.4,1448.0446927374303,1.0,269,247,0.9182156133828996,0.989922304,0.9275633144870524,-0.07170669061710044,0.75,0.6886617100371747,generic handover model,1337
alarm_top_40pct,0.00227455845990534,0.4,1448.0446927374303,1.0,269,247,0.9182156133828996,0.989922304,0.9275633144870524,-0.07170669061710044,1.0,0.9182156133828996,generic handover model,1337
alarm_top_40pct,0.00227455845990534,0.4,1448.0446927374303,2.0,269,234,0.8698884758364313,0.98320384,0.8847488592359761,-0.1133153641635688,0.25,0.2174721189591078,generic handover model,1337
alarm_top_40pct,0.00227455845990534,0.4,1448.0446927374303,2.0,269,234,0.8698884758364313,0.98320384,0.8847488592359761,-0.1133153641635688,0.5,0.4349442379182156,generic handover model,1337
alarm_top_40pct,0.00227455845990534,0.4,1448.0446927374303,2.0,269,234,0.8698884758364313,0.98320384,0.8847488592359761,-0.1133153641635688,0.75,0.6524163568773235,generic handover model,1337
alarm_top_40pct,0.00227455845990534,0.4,1448.0446927374303,2.0,269,234,0.8698884758364313,0.98320384,0.8847488592359761,-0.1133153641635688,1.0,0.8698884758364313,generic handover model,1337
alarm_top_40pct,0.00227455845990534,0.4,1448.0446927374303,3.0,269,229,0.8513011152416357,0.9720064,0.8758184259297425,-0.1207052847583644,0.25,0.2128252788104089,generic handover model,1337
alarm_top_40pct,0.00227455845990534,0.4,1448.0446927374303,3.0,269,229,0.8513011152416357,0.9720064,0.8758184259297425,-0.1207052847583644,0.5,0.4256505576208178,generic handover model,1337
alarm_top_40pct,0.00227455845990534,0.4,1448.0446927374303,3.0,269,229,0.8513011152416357,0.9720064,0.8758184259297425,-0.1207052847583644,0.75,0.6384758364312267,generic handover model,1337
alarm_top_40pct,0.00227455845990534,0.4,1448.0446927374303,3.0,269,229,0.8513011152416357,0.9720064,0.8758184259297425,-0.1207052847583644,1.0,0.8513011152416357,generic handover model,1337
alarm_top_40pct,0.00227455845990534,0.4,1448.0446927374303,5.0,269,218,0.8104089219330854,0.9222400000000001,0.8787397227761595,-0.11183107806691461,0.25,0.20260223048327136,generic handover model,1337
alarm_top_40pct,0.00227455845990534,0.4,1448.0446927374303,5.0,269,218,0.8104089219330854,0.9222400000000001,0.8787397227761595,-0.11183107806691461,0.5,0.4052044609665427,generic handover model,1337
alarm_top_40pct,0.00227455845990534,0.4,1448.0446927374303,5.0,269,218,0.8104089219330854,0.9222400000000001,0.8787397227761595,-0.11183107806691461,0.75,0.6078066914498141,generic handover model,1337
alarm_top_40pct,0.00227455845990534,0.4,1448.0446927374303,5.0,269,218,0.8104089219330854,0.9222400000000001,0.8787397227761595,-0.11183107806691461,1.0,0.8104089219330854,generic handover model,1337
alarm_top_2pct,0.7634878300803888,0.020077972709551656,72.6845045574831,0.0,269,20,0.07434944237918216,0.18357705612384978,0.405004001856433,-0.10922761374466762,0.25,0.01858736059479554,dedicated ping-pong model,1338
alarm_top_2pct,0.7634878300803888,0.020077972709551656,72.6845045574831,0.0,269,20,0.07434944237918216,0.18357705612384978,0.405004001856433,-0.10922761374466762,0.5,0.03717472118959108,dedicated ping-pong model,1338
alarm_top_2pct,0.7634878300803888,0.020077972709551656,72.6845045574831,0.0,269,20,0.07434944237918216,0.18357705612384978,0.405004001856433,-0.10922761374466762,0.75,0.055762081784386616,dedicated ping-pong model,1338
alarm_top_2pct,0.7634878300803888,0.020077972709551656,72.6845045574831,0.0,269,20,0.07434944237918216,0.18357705612384978,0.405004001856433,-0.10922761374466762,1.0,0.07434944237918216,dedicated ping-pong model,1338
alarm_top_2pct,0.7634878300803888,0.020077972709551656,72.6845045574831,1.0,269,20,0.07434944237918216,0.16684907458033604,0.44560895867231015,-0.09249963220115388,0.25,0.01858736059479554,dedicated ping-pong model,1338
alarm_top_2pct,0.7634878300803888,0.020077972709551656,72.6845045574831,1.0,269,20,0.07434944237918216,0.16684907458033604,0.44560895867231015,-0.09249963220115388,0.5,0.03717472118959108,dedicated ping-pong model,1338
alarm_top_2pct,0.7634878300803888,0.020077972709551656,72.6845045574831,1.0,269,20,0.07434944237918216,0.16684907458033604,0.44560895867231015,-0.09249963220115388,0.75,0.055762081784386616,dedicated ping-pong model,1338
alarm_top_2pct,0.7634878300803888,0.020077972709551656,72.6845045574831,1.0,269,20,0.07434944237918216,0.16684907458033604,0.44560895867231015,-0.09249963220115388,1.0,0.07434944237918216,dedicated ping-pong model,1338
alarm_top_2pct,0.7634878300803888,0.020077972709551656,72.6845045574831,2.0,269,18,0.06691449814126393,0.14977834744323126,0.4467568195504744,-0.08286384930196733,0.25,0.016728624535315983,dedicated ping-pong model,1338
alarm_top_2pct,0.7634878300803888,0.020077972709551656,72.6845045574831,2.0,269,18,0.06691449814126393,0.14977834744323126,0.4467568195504744,-0.08286384930196733,0.5,0.03345724907063197,dedicated ping-pong model,1338
alarm_top_2pct,0.7634878300803888,0.020077972709551656,72.6845045574831,2.0,269,18,0.06691449814126393,0.14977834744323126,0.4467568195504744,-0.08286384930196733,0.75,0.05018587360594796,dedicated ping-pong model,1338
alarm_top_2pct,0.7634878300803888,0.020077972709551656,72.6845045574831,2.0,269,18,0.06691449814126393,0.14977834744323126,0.4467568195504744,-0.08286384930196733,1.0,0.06691449814126393,dedicated ping-pong model,1338
alarm_top_2pct,0.7634878300803888,0.020077972709551656,72.6845045574831,3.0,269,18,0.06691449814126393,0.1323578520755473,0.5055574496862524,-0.06544335393428335,0.25,0.016728624535315983,dedicated ping-pong model,1338
alarm_top_2pct,0.7634878300803888,0.020077972709551656,72.6845045574831,3.0,269,18,0.06691449814126393,0.1323578520755473,0.5055574496862524,-0.06544335393428335,0.5,0.03345724907063197,dedicated ping-pong model,1338
alarm_top_2pct,0.7634878300803888,0.020077972709551656,72.6845045574831,3.0,269,18,0.06691449814126393,0.1323578520755473,0.5055574496862524,-0.06544335393428335,0.75,0.05018587360594796,dedicated ping-pong model,1338
alarm_top_2pct,0.7634878300803888,0.020077972709551656,72.6845045574831,3.0,269,18,0.06691449814126393,0.1323578520755473,0.5055574496862524,-0.06544335393428335,1.0,0.06691449814126393,dedicated ping-pong model,1338
alarm_top_2pct,0.7634878300803888,0.020077972709551656,72.6845045574831,5.0,269,14,0.05204460966542751,0.09643874370569083,0.5396649486046381,-0.04439413404026332,0.25,0.013011152416356878,dedicated ping-pong model,1338
alarm_top_2pct,0.7634878300803888,0.020077972709551656,72.6845045574831,5.0,269,14,0.05204460966542751,0.09643874370569083,0.5396649486046381,-0.04439413404026332,0.5,0.026022304832713755,dedicated ping-pong model,1338
alarm_top_2pct,0.7634878300803888,0.020077972709551656,72.6845045574831,5.0,269,14,0.05204460966542751,0.09643874370569083,0.5396649486046381,-0.04439413404026332,0.75,0.03903345724907063,dedicated ping-pong model,1338
alarm_top_2pct,0.7634878300803888,0.020077972709551656,72.6845045574831,5.0,269,14,0.05204460966542751,0.09643874370569083,0.5396649486046381,-0.04439413404026332,1.0,0.05204460966542751,dedicated ping-pong model,1338
alarm_top_5pct,0.5605959555988514,0.05,181.0055865921788,0.0,269,50,0.18587360594795538,0.4012630607616213,0.46322132317676123,-0.21538945481366595,0.25,0.046468401486988845,dedicated ping-pong model,1338
alarm_top_5pct,0.5605959555988514,0.05,181.0055865921788,0.0,269,50,0.18587360594795538,0.4012630607616213,0.46322132317676123,-0.21538945481366595,0.5,0.09293680297397769,dedicated ping-pong model,1338
alarm_top_5pct,0.5605959555988514,0.05,181.0055865921788,0.0,269,50,0.18587360594795538,0.4012630607616213,0.46322132317676123,-0.21538945481366595,0.75,0.13940520446096655,dedicated ping-pong model,1338
alarm_top_5pct,0.5605959555988514,0.05,181.0055865921788,0.0,269,50,0.18587360594795538,0.4012630607616213,0.46322132317676123,-0.21538945481366595,1.0,0.18587360594795538,dedicated ping-pong model,1338
alarm_top_5pct,0.5605959555988514,0.05,181.0055865921788,1.0,269,45,0.16728624535315986,0.3697505902753909,0.4524299615818456,-0.20246434492223106,0.25,0.041821561338289966,dedicated ping-pong model,1338
alarm_top_5pct,0.5605959555988514,0.05,181.0055865921788,1.0,269,45,0.16728624535315986,0.3697505902753909,0.4524299615818456,-0.20246434492223106,0.5,0.08364312267657993,dedicated ping-pong model,1338
alarm_top_5pct,0.5605959555988514,0.05,181.0055865921788,1.0,269,45,0.16728624535315986,0.3697505902753909,0.4524299615818456,-0.20246434492223106,0.75,0.12546468401486988,dedicated ping-pong model,1338
alarm_top_5pct,0.5605959555988514,0.05,181.0055865921788,1.0,269,45,0.16728624535315986,0.3697505902753909,0.4524299615818456,-0.20246434492223106,1.0,0.16728624535315986,dedicated ping-pong model,1338
alarm_top_5pct,0.5605959555988514,0.05,181.0055865921788,2.0,269,44,0.16356877323420074,0.33657956871093775,0.4859735659554468,-0.173010795476737,0.25,0.040892193308550186,dedicated ping-pong model,1338
alarm_top_5pct,0.5605959555988514,0.05,181.0055865921788,2.0,269,44,0.16356877323420074,0.33657956871093775,0.4859735659554468,-0.173010795476737,0.5,0.08178438661710037,dedicated ping-pong model,1338
alarm_top_5pct,0.5605959555988514,0.05,181.0055865921788,2.0,269,44,0.16356877323420074,0.33657956871093775,0.4859735659554468,-0.173010795476737,0.75,0.12267657992565056,dedicated ping-pong model,1338
alarm_top_5pct,0.5605959555988514,0.05,181.0055865921788,2.0,269,44,0.16356877323420074,0.33657956871093775,0.4859735659554468,-0.173010795476737,1.0,0.16356877323420074,dedicated ping-pong model,1338
alarm_top_5pct,0.5605959555988514,0.05,181.0055865921788,3.0,269,42,0.15613382899628253,0.3016627039062503,0.5175775028682541,-0.14552887490996774,0.25,0.03903345724907063,dedicated ping-pong model,1338
alarm_top_5pct,0.5605959555988514,0.05,181.0055865921788,3.0,269,42,0.15613382899628253,0.3016627039062503,0.5175775028682541,-0.14552887490996774,0.5,0.07806691449814127,dedicated ping-pong model,1338
alarm_top_5pct,0.5605959555988514,0.05,181.0055865921788,3.0,269,42,0.15613382899628253,0.3016627039062503,0.5175775028682541,-0.14552887490996774,0.75,0.1171003717472119,dedicated ping-pong model,1338
alarm_top_5pct,0.5605959555988514,0.05,181.0055865921788,3.0,269,42,0.15613382899628253,0.3016627039062503,0.5175775028682541,-0.14552887490996774,1.0,0.15613382899628253,dedicated ping-pong model,1338
alarm_top_5pct,0.5605959555988514,0.05,181.0055865921788,5.0,269,35,0.13011152416356878,0.22621906250000023,0.575157207026126,-0.09610753833643146,0.25,0.032527881040892194,dedicated ping-pong model,1338
alarm_top_5pct,0.5605959555988514,0.05,181.0055865921788,5.0,269,35,0.13011152416356878,0.22621906250000023,0.575157207026126,-0.09610753833643146,0.5,0.06505576208178439,dedicated ping-pong model,1338
alarm_top_5pct,0.5605959555988514,0.05,181.0055865921788,5.0,269,35,0.13011152416356878,0.22621906250000023,0.575157207026126,-0.09610753833643146,0.75,0.09758364312267657,dedicated ping-pong model,1338
alarm_top_5pct,0.5605959555988514,0.05,181.0055865921788,5.0,269,35,0.13011152416356878,0.22621906250000023,0.575157207026126,-0.09610753833643146,1.0,0.13011152416356878,dedicated ping-pong model,1338
alarm_top_10pct,0.3420982048806053,0.1,362.0111731843576,0.0,269,73,0.27137546468401486,0.6513215599,0.41665358770816713,-0.3799460952159851,0.25,0.06784386617100371,dedicated ping-pong model,1338
alarm_top_10pct,0.3420982048806053,0.1,362.0111731843576,0.0,269,73,0.27137546468401486,0.6513215599,0.41665358770816713,-0.3799460952159851,0.5,0.13568773234200743,dedicated ping-pong model,1338
alarm_top_10pct,0.3420982048806053,0.1,362.0111731843576,0.0,269,73,0.27137546468401486,0.6513215599,0.41665358770816713,-0.3799460952159851,0.75,0.20353159851301114,dedicated ping-pong model,1338
alarm_top_10pct,0.3420982048806053,0.1,362.0111731843576,0.0,269,73,0.27137546468401486,0.6513215599,0.41665358770816713,-0.3799460952159851,1.0,0.27137546468401486,dedicated ping-pong model,1338
alarm_top_10pct,0.3420982048806053,0.1,362.0111731843576,1.0,269,69,0.25650557620817843,0.6125795109999999,0.41873025721909674,-0.3560739347918214,0.25,0.06412639405204461,dedicated ping-pong model,1338
alarm_top_10pct,0.3420982048806053,0.1,362.0111731843576,1.0,269,69,0.25650557620817843,0.6125795109999999,0.41873025721909674,-0.3560739347918214,0.5,0.12825278810408922,dedicated ping-pong model,1338
alarm_top_10pct,0.3420982048806053,0.1,362.0111731843576,1.0,269,69,0.25650557620817843,0.6125795109999999,0.41873025721909674,-0.3560739347918214,0.75,0.19237918215613384,dedicated ping-pong model,1338
alarm_top_10pct,0.3420982048806053,0.1,362.0111731843576,1.0,269,69,0.25650557620817843,0.6125795109999999,0.41873025721909674,-0.3560739347918214,1.0,0.25650557620817843,dedicated ping-pong model,1338
alarm_top_10pct,0.3420982048806053,0.1,362.0111731843576,2.0,269,63,0.2342007434944238,0.5695327899999999,0.41121555704356166,-0.33533204650557613,0.25,0.05855018587360595,dedicated ping-pong model,1338
alarm_top_10pct,0.3420982048806053,0.1,362.0111731843576,2.0,269,63,0.2342007434944238,0.5695327899999999,0.41121555704356166,-0.33533204650557613,0.5,0.1171003717472119,dedicated ping-pong model,1338
alarm_top_10pct,0.3420982048806053,0.1,362.0111731843576,2.0,269,63,0.2342007434944238,0.5695327899999999,0.41121555704356166,-0.33533204650557613,0.75,0.17565055762081785,dedicated ping-pong model,1338
alarm_top_10pct,0.3420982048806053,0.1,362.0111731843576,2.0,269,63,0.2342007434944238,0.5695327899999999,0.41121555704356166,-0.33533204650557613,1.0,0.2342007434944238,dedicated ping-pong model,1338
alarm_top_10pct,0.3420982048806053,0.1,362.0111731843576,3.0,269,57,0.21189591078066913,0.5217030999999999,0.40616187785863106,-0.3098071892193307,0.25,0.05297397769516728,dedicated ping-pong model,1338
alarm_top_10pct,0.3420982048806053,0.1,362.0111731843576,3.0,269,57,0.21189591078066913,0.5217030999999999,0.40616187785863106,-0.3098071892193307,0.5,0.10594795539033457,dedicated ping-pong model,1338
alarm_top_10pct,0.3420982048806053,0.1,362.0111731843576,3.0,269,57,0.21189591078066913,0.5217030999999999,0.40616187785863106,-0.3098071892193307,0.75,0.15892193308550187,dedicated ping-pong model,1338
alarm_top_10pct,0.3420982048806053,0.1,362.0111731843576,3.0,269,57,0.21189591078066913,0.5217030999999999,0.40616187785863106,-0.3098071892193307,1.0,0.21189591078066913,dedicated ping-pong model,1338
alarm_top_10pct,0.3420982048806053,0.1,362.0111731843576,5.0,269,52,0.19330855018587362,0.40950999999999993,0.4720484241798092,-0.2162014498141263,0.25,0.048327137546468404,dedicated ping-pong model,1338
alarm_top_10pct,0.3420982048806053,0.1,362.0111731843576,5.0,269,52,0.19330855018587362,0.40950999999999993,0.4720484241798092,-0.2162014498141263,0.5,0.09665427509293681,dedicated ping-pong model,1338
alarm_top_10pct,0.3420982048806053,0.1,362.0111731843576,5.0,269,52,0.19330855018587362,0.40950999999999993,0.4720484241798092,-0.2162014498141263,0.75,0.1449814126394052,dedicated ping-pong model,1338
alarm_top_10pct,0.3420982048806053,0.1,362.0111731843576,5.0,269,52,0.19330855018587362,0.40950999999999993,0.4720484241798092,-0.2162014498141263,1.0,0.19330855018587362,dedicated ping-pong model,1338
alarm_top_20pct,0.15162145545510092,0.2,724.0223463687151,0.0,269,130,0.483271375464684,0.8926258175999999,0.541404209844674,-0.4093544421353159,0.25,0.120817843866171,dedicated ping-pong model,1338
alarm_top_20pct,0.15162145545510092,0.2,724.0223463687151,0.0,269,130,0.483271375464684,0.8926258175999999,0.541404209844674,-0.4093544421353159,0.5,0.241635687732342,dedicated ping-pong model,1338
alarm_top_20pct,0.15162145545510092,0.2,724.0223463687151,0.0,269,130,0.483271375464684,0.8926258175999999,0.541404209844674,-0.4093544421353159,0.75,0.362453531598513,dedicated ping-pong model,1338
alarm_top_20pct,0.15162145545510092,0.2,724.0223463687151,0.0,269,130,0.483271375464684,0.8926258175999999,0.541404209844674,-0.4093544421353159,1.0,0.483271375464684,dedicated ping-pong model,1338
alarm_top_20pct,0.15162145545510092,0.2,724.0223463687151,1.0,269,120,0.44609665427509293,0.8657822719999999,0.5152527011723024,-0.419685617724907,0.25,0.11152416356877323,dedicated ping-pong model,1338
alarm_top_20pct,0.15162145545510092,0.2,724.0223463687151,1.0,269,120,0.44609665427509293,0.8657822719999999,0.5152527011723024,-0.419685617724907,0.5,0.22304832713754646,dedicated ping-pong model,1338
alarm_top_20pct,0.15162145545510092,0.2,724.0223463687151,1.0,269,120,0.44609665427509293,0.8657822719999999,0.5152527011723024,-0.419685617724907,0.75,0.3345724907063197,dedicated ping-pong model,1338
alarm_top_20pct,0.15162145545510092,0.2,724.0223463687151,1.0,269,120,0.44609665427509293,0.8657822719999999,0.5152527011723024,-0.419685617724907,1.0,0.44609665427509293,dedicated ping-pong model,1338
alarm_top_20pct,0.15162145545510092,0.2,724.0223463687151,2.0,269,113,0.4200743494423792,0.8322278399999999,0.5047588283544795,-0.41215349055762074,0.25,0.1050185873605948,dedicated ping-pong model,1338
alarm_top_20pct,0.15162145545510092,0.2,724.0223463687151,2.0,269,113,0.4200743494423792,0.8322278399999999,0.5047588283544795,-0.41215349055762074,0.5,0.2100371747211896,dedicated ping-pong model,1338
alarm_top_20pct,0.15162145545510092,0.2,724.0223463687151,2.0,269,113,0.4200743494423792,0.8322278399999999,0.5047588283544795,-0.41215349055762074,0.75,0.3150557620817844,dedicated ping-pong model,1338
alarm_top_20pct,0.15162145545510092,0.2,724.0223463687151,2.0,269,113,0.4200743494423792,0.8322278399999999,0.5047588283544795,-0.41215349055762074,1.0,0.4200743494423792,dedicated ping-pong model,1338
alarm_top_20pct,0.15162145545510092,0.2,724.0223463687151,3.0,269,110,0.40892193308550184,0.7902847999999999,0.5174361610972423,-0.38136286691449806,0.25,0.10223048327137546,dedicated ping-pong model,1338
alarm_top_20pct,0.15162145545510092,0.2,724.0223463687151,3.0,269,110,0.40892193308550184,0.7902847999999999,0.5174361610972423,-0.38136286691449806,0.5,0.20446096654275092,dedicated ping-pong model,1338
alarm_top_20pct,0.15162145545510092,0.2,724.0223463687151,3.0,269,110,0.40892193308550184,0.7902847999999999,0.5174361610972423,-0.38136286691449806,0.75,0.3066914498141264,dedicated ping-pong model,1338
alarm_top_20pct,0.15162145545510092,0.2,724.0223463687151,3.0,269,110,0.40892193308550184,0.7902847999999999,0.5174361610972423,-0.38136286691449806,1.0,0.40892193308550184,dedicated ping-pong model,1338
alarm_top_20pct,0.15162145545510092,0.2,724.0223463687151,5.0,269,90,0.3345724907063197,0.6723199999999999,0.4976387593799378,-0.3377475092936802,0.25,0.08364312267657993,dedicated ping-pong model,1338
alarm_top_20pct,0.15162145545510092,0.2,724.0223463687151,5.0,269,90,0.3345724907063197,0.6723199999999999,0.4976387593799378,-0.3377475092936802,0.5,0.16728624535315986,dedicated ping-pong model,1338
alarm_top_20pct,0.15162145545510092,0.2,724.0223463687151,5.0,269,90,0.3345724907063197,0.6723199999999999,0.4976387593799378,-0.3377475092936802,0.75,0.25092936802973975,dedicated ping-pong model,1338
alarm_top_20pct,0.15162145545510092,0.2,724.0223463687151,5.0,269,90,0.3345724907063197,0.6723199999999999,0.4976387593799378,-0.3377475092936802,1.0,0.3345724907063197,dedicated ping-pong model,1338
alarm_top_40pct,0.04684732150831996,0.4,1448.0446927374303,0.0,269,201,0.7472118959107806,0.9939533824,0.7517574859562958,-0.24674148648921934,0.25,0.18680297397769516,dedicated ping-pong model,1338
alarm_top_40pct,0.04684732150831996,0.4,1448.0446927374303,0.0,269,201,0.7472118959107806,0.9939533824,0.7517574859562958,-0.24674148648921934,0.5,0.3736059479553903,dedicated ping-pong model,1338
alarm_top_40pct,0.04684732150831996,0.4,1448.0446927374303,0.0,269,201,0.7472118959107806,0.9939533824,0.7517574859562958,-0.24674148648921934,0.75,0.5604089219330854,dedicated ping-pong model,1338
alarm_top_40pct,0.04684732150831996,0.4,1448.0446927374303,0.0,269,201,0.7472118959107806,0.9939533824,0.7517574859562958,-0.24674148648921934,1.0,0.7472118959107806,dedicated ping-pong model,1338
alarm_top_40pct,0.04684732150831996,0.4,1448.0446927374303,1.0,269,196,0.7286245353159851,0.989922304,0.736042144289321,-0.2612977686840149,0.25,0.1821561338289963,dedicated ping-pong model,1338
alarm_top_40pct,0.04684732150831996,0.4,1448.0446927374303,1.0,269,196,0.7286245353159851,0.989922304,0.736042144289321,-0.2612977686840149,0.5,0.3643122676579926,dedicated ping-pong model,1338
alarm_top_40pct,0.04684732150831996,0.4,1448.0446927374303,1.0,269,196,0.7286245353159851,0.989922304,0.736042144289321,-0.2612977686840149,0.75,0.5464684014869888,dedicated ping-pong model,1338
alarm_top_40pct,0.04684732150831996,0.4,1448.0446927374303,1.0,269,196,0.7286245353159851,0.989922304,0.736042144289321,-0.2612977686840149,1.0,0.7286245353159851,dedicated ping-pong model,1338
alarm_top_40pct,0.04684732150831996,0.4,1448.0446927374303,2.0,269,182,0.6765799256505576,0.98320384,0.6881380016279813,-0.3066239143494425,0.25,0.1691449814126394,dedicated ping-pong model,1338
alarm_top_40pct,0.04684732150831996,0.4,1448.0446927374303,2.0,269,182,0.6765799256505576,0.98320384,0.6881380016279813,-0.3066239143494425,0.5,0.3382899628252788,dedicated ping-pong model,1338
alarm_top_40pct,0.04684732150831996,0.4,1448.0446927374303,2.0,269,182,0.6765799256505576,0.98320384,0.6881380016279813,-0.3066239143494425,0.75,0.5074349442379182,dedicated ping-pong model,1338
alarm_top_40pct,0.04684732150831996,0.4,1448.0446927374303,2.0,269,182,0.6765799256505576,0.98320384,0.6881380016279813,-0.3066239143494425,1.0,0.6765799256505576,dedicated ping-pong model,1338
alarm_top_40pct,0.04684732150831996,0.4,1448.0446927374303,3.0,269,175,0.6505576208178439,0.9720064,0.6692935569332094,-0.3214487791821562,0.25,0.16263940520446096,dedicated ping-pong model,1338
alarm_top_40pct,0.04684732150831996,0.4,1448.0446927374303,3.0,269,175,0.6505576208178439,0.9720064,0.6692935569332094,-0.3214487791821562,0.5,0.3252788104089219,dedicated ping-pong model,1338
alarm_top_40pct,0.04684732150831996,0.4,1448.0446927374303,3.0,269,175,0.6505576208178439,0.9720064,0.6692935569332094,-0.3214487791821562,0.75,0.4879182156133829,dedicated ping-pong model,1338
alarm_top_40pct,0.04684732150831996,0.4,1448.0446927374303,3.0,269,175,0.6505576208178439,0.9720064,0.6692935569332094,-0.3214487791821562,1.0,0.6505576208178439,dedicated ping-pong model,1338
alarm_top_40pct,0.04684732150831996,0.4,1448.0446927374303,5.0,269,161,0.5985130111524164,0.9222400000000001,0.6489775016833106,-0.32372698884758366,0.25,0.1496282527881041,dedicated ping-pong model,1338
alarm_top_40pct,0.04684732150831996,0.4,1448.0446927374303,5.0,269,161,0.5985130111524164,0.9222400000000001,0.6489775016833106,-0.32372698884758366,0.5,0.2992565055762082,dedicated ping-pong model,1338
alarm_top_40pct,0.04684732150831996,0.4,1448.0446927374303,5.0,269,161,0.5985130111524164,0.9222400000000001,0.6489775016833106,-0.32372698884758366,0.75,0.44888475836431224,dedicated ping-pong model,1338
alarm_top_40pct,0.04684732150831996,0.4,1448.0446927374303,5.0,269,161,0.5985130111524164,0.9222400000000001,0.6489775016833106,-0.32372698884758366,1.0,0.5985130111524164,dedicated ping-pong model,1338
alarm_top_2pct,0.9917563368920035,0.020077972709551656,72.6845045574831,0.0,269,113,0.4200743494423792,0.18357705612384978,2.2882726104888462,0.23649729331852942,0.25,0.1050185873605948,generic handover model,1338
alarm_top_2pct,0.9917563368920035,0.020077972709551656,72.6845045574831,0.0,269,113,0.4200743494423792,0.18357705612384978,2.2882726104888462,0.23649729331852942,0.5,0.2100371747211896,generic handover model,1338
alarm_top_2pct,0.9917563368920035,0.020077972709551656,72.6845045574831,0.0,269,113,0.4200743494423792,0.18357705612384978,2.2882726104888462,0.23649729331852942,0.75,0.3150557620817844,generic handover model,1338
alarm_top_2pct,0.9917563368920035,0.020077972709551656,72.6845045574831,0.0,269,113,0.4200743494423792,0.18357705612384978,2.2882726104888462,0.23649729331852942,1.0,0.4200743494423792,generic handover model,1338
alarm_top_2pct,0.9917563368920035,0.020077972709551656,72.6845045574831,1.0,269,78,0.2899628252788104,0.16684907458033604,1.7378749388220094,0.12311375069847436,0.25,0.0724907063197026,generic handover model,1338
alarm_top_2pct,0.9917563368920035,0.020077972709551656,72.6845045574831,1.0,269,78,0.2899628252788104,0.16684907458033604,1.7378749388220094,0.12311375069847436,0.5,0.1449814126394052,generic handover model,1338
alarm_top_2pct,0.9917563368920035,0.020077972709551656,72.6845045574831,1.0,269,78,0.2899628252788104,0.16684907458033604,1.7378749388220094,0.12311375069847436,0.75,0.2174721189591078,generic handover model,1338
alarm_top_2pct,0.9917563368920035,0.020077972709551656,72.6845045574831,1.0,269,78,0.2899628252788104,0.16684907458033604,1.7378749388220094,0.12311375069847436,1.0,0.2899628252788104,generic handover model,1338
alarm_top_2pct,0.9917563368920035,0.020077972709551656,72.6845045574831,2.0,269,72,0.26765799256505574,0.14977834744323126,1.7870272782018977,0.11787964512182447,0.25,0.06691449814126393,generic handover model,1338
alarm_top_2pct,0.9917563368920035,0.020077972709551656,72.6845045574831,2.0,269,72,0.26765799256505574,0.14977834744323126,1.7870272782018977,0.11787964512182447,0.5,0.13382899628252787,generic handover model,1338
alarm_top_2pct,0.9917563368920035,0.020077972709551656,72.6845045574831,2.0,269,72,0.26765799256505574,0.14977834744323126,1.7870272782018977,0.11787964512182447,0.75,0.20074349442379183,generic handover model,1338
alarm_top_2pct,0.9917563368920035,0.020077972709551656,72.6845045574831,2.0,269,72,0.26765799256505574,0.14977834744323126,1.7870272782018977,0.11787964512182447,1.0,0.26765799256505574,generic handover model,1338
alarm_top_2pct,0.9917563368920035,0.020077972709551656,72.6845045574831,3.0,269,67,0.24907063197026022,0.1323578520755473,1.8817971738321617,0.11671277989471293,0.25,0.062267657992565055,generic handover model,1338
alarm_top_2pct,0.9917563368920035,0.020077972709551656,72.6845045574831,3.0,269,67,0.24907063197026022,0.1323578520755473,1.8817971738321617,0.11671277989471293,0.5,0.12453531598513011,generic handover model,1338
alarm_top_2pct,0.9917563368920035,0.020077972709551656,72.6845045574831,3.0,269,67,0.24907063197026022,0.1323578520755473,1.8817971738321617,0.11671277989471293,0.75,0.18680297397769516,generic handover model,1338
alarm_top_2pct,0.9917563368920035,0.020077972709551656,72.6845045574831,3.0,269,67,0.24907063197026022,0.1323578520755473,1.8817971738321617,0.11671277989471293,1.0,0.24907063197026022,generic handover model,1338
alarm_top_2pct,0.9917563368920035,0.020077972709551656,72.6845045574831,5.0,269,47,0.17472118959107807,0.09643874370569083,1.811732327458428,0.07828244588538724,0.25,0.04368029739776952,generic handover model,1338
alarm_top_2pct,0.9917563368920035,0.020077972709551656,72.6845045574831,5.0,269,47,0.17472118959107807,0.09643874370569083,1.811732327458428,0.07828244588538724,0.5,0.08736059479553904,generic handover model,1338
alarm_top_2pct,0.9917563368920035,0.020077972709551656,72.6845045574831,5.0,269,47,0.17472118959107807,0.09643874370569083,1.811732327458428,0.07828244588538724,0.75,0.13104089219330856,generic handover model,1338
alarm_top_2pct,0.9917563368920035,0.020077972709551656,72.6845045574831,5.0,269,47,0.17472118959107807,0.09643874370569083,1.811732327458428,0.07828244588538724,1.0,0.17472118959107807,generic handover model,1338
alarm_top_5pct,0.8145980754497918,0.05,181.0055865921788,0.0,269,196,0.7286245353159851,0.4012630607616213,1.8158275868529044,0.3273614745543638,0.25,0.1821561338289963,generic handover model,1338
alarm_top_5pct,0.8145980754497918,0.05,181.0055865921788,0.0,269,196,0.7286245353159851,0.4012630607616213,1.8158275868529044,0.3273614745543638,0.5,0.3643122676579926,generic handover model,1338
alarm_top_5pct,0.8145980754497918,0.05,181.0055865921788,0.0,269,196,0.7286245353159851,0.4012630607616213,1.8158275868529044,0.3273614745543638,0.75,0.5464684014869888,generic handover model,1338
alarm_top_5pct,0.8145980754497918,0.05,181.0055865921788,0.0,269,196,0.7286245353159851,0.4012630607616213,1.8158275868529044,0.3273614745543638,1.0,0.7286245353159851,generic handover model,1338
alarm_top_5pct,0.8145980754497918,0.05,181.0055865921788,1.0,269,145,0.5390334572490706,0.3697505902753909,1.4578298762081692,0.16928286697367967,0.25,0.13475836431226765,generic handover model,1338
alarm_top_5pct,0.8145980754497918,0.05,181.0055865921788,1.0,269,145,0.5390334572490706,0.3697505902753909,1.4578298762081692,0.16928286697367967,0.5,0.2695167286245353,generic handover model,1338
alarm_top_5pct,0.8145980754497918,0.05,181.0055865921788,1.0,269,145,0.5390334572490706,0.3697505902753909,1.4578298762081692,0.16928286697367967,0.75,0.40427509293680297,generic handover model,1338
alarm_top_5pct,0.8145980754497918,0.05,181.0055865921788,1.0,269,145,0.5390334572490706,0.3697505902753909,1.4578298762081692,0.16928286697367967,1.0,0.5390334572490706,generic handover model,1338
alarm_top_5pct,0.8145980754497918,0.05,181.0055865921788,2.0,269,138,0.5130111524163569,0.33657956871093775,1.5241898204966287,0.17643158370541911,0.25,0.12825278810408922,generic handover model,1338
alarm_top_5pct,0.8145980754497918,0.05,181.0055865921788,2.0,269,138,0.5130111524163569,0.33657956871093775,1.5241898204966287,0.17643158370541911,0.5,0.25650557620817843,generic handover model,1338
alarm_top_5pct,0.8145980754497918,0.05,181.0055865921788,2.0,269,138,0.5130111524163569,0.33657956871093775,1.5241898204966287,0.17643158370541911,0.75,0.3847583643122677,generic handover model,1338
alarm_top_5pct,0.8145980754497918,0.05,181.0055865921788,2.0,269,138,0.5130111524163569,0.33657956871093775,1.5241898204966287,0.17643158370541911,1.0,0.5130111524163569,generic handover model,1338
alarm_top_5pct,0.8145980754497918,0.05,181.0055865921788,3.0,269,120,0.44609665427509293,0.3016627039062503,1.4787928653378688,0.14443395036884266,0.25,0.11152416356877323,generic handover model,1338
alarm_top_5pct,0.8145980754497918,0.05,181.0055865921788,3.0,269,120,0.44609665427509293,0.3016627039062503,1.4787928653378688,0.14443395036884266,0.5,0.22304832713754646,generic handover model,1338
alarm_top_5pct,0.8145980754497918,0.05,181.0055865921788,3.0,269,120,0.44609665427509293,0.3016627039062503,1.4787928653378688,0.14443395036884266,0.75,0.3345724907063197,generic handover model,1338
alarm_top_5pct,0.8145980754497918,0.05,181.0055865921788,3.0,269,120,0.44609665427509293,0.3016627039062503,1.4787928653378688,0.14443395036884266,1.0,0.44609665427509293,generic handover model,1338
alarm_top_5pct,0.8145980754497918,0.05,181.0055865921788,5.0,269,90,0.3345724907063197,0.22621906250000023,1.4789756752100385,0.10835342820631949,0.25,0.08364312267657993,generic handover model,1338
alarm_top_5pct,0.8145980754497918,0.05,181.0055865921788,5.0,269,90,0.3345724907063197,0.22621906250000023,1.4789756752100385,0.10835342820631949,0.5,0.16728624535315986,generic handover model,1338
alarm_top_5pct,0.8145980754497918,0.05,181.0055865921788,5.0,269,90,0.3345724907063197,0.22621906250000023,1.4789756752100385,0.10835342820631949,0.75,0.25092936802973975,generic handover model,1338
alarm_top_5pct,0.8145980754497918,0.05,181.0055865921788,5.0,269,90,0.3345724907063197,0.22621906250000023,1.4789756752100385,0.10835342820631949,1.0,0.3345724907063197,generic handover model,1338
alarm_top_10pct,0.059188147539316414,0.1,362.0111731843576,0.0,269,236,0.8773234200743495,0.6513215599,1.346989680809965,0.22600186017434953,0.25,0.21933085501858737,generic handover model,1338
alarm_top_10pct,0.059188147539316414,0.1,362.0111731843576,0.0,269,236,0.8773234200743495,0.6513215599,1.346989680809965,0.22600186017434953,0.5,0.43866171003717475,generic handover model,1338
alarm_top_10pct,0.059188147539316414,0.1,362.0111731843576,0.0,269,236,0.8773234200743495,0.6513215599,1.346989680809965,0.22600186017434953,0.75,0.6579925650557621,generic handover model,1338
alarm_top_10pct,0.059188147539316414,0.1,362.0111731843576,0.0,269,236,0.8773234200743495,0.6513215599,1.346989680809965,0.22600186017434953,1.0,0.8773234200743495,generic handover model,1338
alarm_top_10pct,0.059188147539316414,0.1,362.0111731843576,1.0,269,194,0.7211895910780669,0.6125795109999999,1.1772995637754313,0.10861008007806705,0.25,0.18029739776951673,generic handover model,1338
alarm_top_10pct,0.059188147539316414,0.1,362.0111731843576,1.0,269,194,0.7211895910780669,0.6125795109999999,1.1772995637754313,0.10861008007806705,0.5,0.36059479553903345,generic handover model,1338
alarm_top_10pct,0.059188147539316414,0.1,362.0111731843576,1.0,269,194,0.7211895910780669,0.6125795109999999,1.1772995637754313,0.10861008007806705,0.75,0.5408921933085502,generic handover model,1338
alarm_top_10pct,0.059188147539316414,0.1,362.0111731843576,1.0,269,194,0.7211895910780669,0.6125795109999999,1.1772995637754313,0.10861008007806705,1.0,0.7211895910780669,generic handover model,1338
alarm_top_10pct,0.059188147539316414,0.1,362.0111731843576,2.0,269,183,0.6802973977695167,0.5695327899999999,1.194483284745584,0.1107646077695168,0.25,0.17007434944237917,generic handover model,1338
alarm_top_10pct,0.059188147539316414,0.1,362.0111731843576,2.0,269,183,0.6802973977695167,0.5695327899999999,1.194483284745584,0.1107646077695168,0.5,0.34014869888475835,generic handover model,1338
alarm_top_10pct,0.059188147539316414,0.1,362.0111731843576,2.0,269,183,0.6802973977695167,0.5695327899999999,1.194483284745584,0.1107646077695168,0.75,0.5102230483271375,generic handover model,1338
alarm_top_10pct,0.059188147539316414,0.1,362.0111731843576,2.0,269,183,0.6802973977695167,0.5695327899999999,1.194483284745584,0.1107646077695168,1.0,0.6802973977695167,generic handover model,1338
alarm_top_10pct,0.059188147539316414,0.1,362.0111731843576,3.0,269,170,0.6319702602230484,0.5217030999999999,1.2113599865959173,0.1102671602230485,0.25,0.1579925650557621,generic handover model,1338
alarm_top_10pct,0.059188147539316414,0.1,362.0111731843576,3.0,269,170,0.6319702602230484,0.5217030999999999,1.2113599865959173,0.1102671602230485,0.5,0.3159851301115242,generic handover model,1338
alarm_top_10pct,0.059188147539316414,0.1,362.0111731843576,3.0,269,170,0.6319702602230484,0.5217030999999999,1.2113599865959173,0.1102671602230485,0.75,0.4739776951672863,generic handover model,1338
alarm_top_10pct,0.059188147539316414,0.1,362.0111731843576,3.0,269,170,0.6319702602230484,0.5217030999999999,1.2113599865959173,0.1102671602230485,1.0,0.6319702602230484,generic handover model,1338
alarm_top_10pct,0.059188147539316414,0.1,362.0111731843576,5.0,269,138,0.5130111524163569,0.40950999999999993,1.2527438949387242,0.10350115241635693,0.25,0.12825278810408922,generic handover model,1338
alarm_top_10pct,0.059188147539316414,0.1,362.0111731843576,5.0,269,138,0.5130111524163569,0.40950999999999993,1.2527438949387242,0.10350115241635693,0.5,0.25650557620817843,generic handover model,1338
alarm_top_10pct,0.059188147539316414,0.1,362.0111731843576,5.0,269,138,0.5130111524163569,0.40950999999999993,1.2527438949387242,0.10350115241635693,0.75,0.3847583643122677,generic handover model,1338
alarm_top_10pct,0.059188147539316414,0.1,362.0111731843576,5.0,269,138,0.5130111524163569,0.40950999999999993,1.2527438949387242,0.10350115241635693,1.0,0.5130111524163569,generic handover model,1338
alarm_top_20pct,0.011886556395790462,0.2,724.0223463687151,0.0,269,251,0.9330855018587361,0.8926258175999999,1.0453265897770243,0.04045968425873614,0.25,0.23327137546468402,generic handover model,1338
alarm_top_20pct,0.011886556395790462,0.2,724.0223463687151,0.0,269,251,0.9330855018587361,0.8926258175999999,1.0453265897770243,0.04045968425873614,0.5,0.46654275092936803,generic handover model,1338
alarm_top_20pct,0.011886556395790462,0.2,724.0223463687151,0.0,269,251,0.9330855018587361,0.8926258175999999,1.0453265897770243,0.04045968425873614,0.75,0.699814126394052,generic handover model,1338
alarm_top_20pct,0.011886556395790462,0.2,724.0223463687151,0.0,269,251,0.9330855018587361,0.8926258175999999,1.0453265897770243,0.04045968425873614,1.0,0.9330855018587361,generic handover model,1338
alarm_top_20pct,0.011886556395790462,0.2,724.0223463687151,1.0,269,227,0.8438661710037175,0.8657822719999999,0.9746863597176053,-0.021916100996282384,0.25,0.21096654275092938,generic handover model,1338
alarm_top_20pct,0.011886556395790462,0.2,724.0223463687151,1.0,269,227,0.8438661710037175,0.8657822719999999,0.9746863597176053,-0.021916100996282384,0.5,0.42193308550185876,generic handover model,1338
alarm_top_20pct,0.011886556395790462,0.2,724.0223463687151,1.0,269,227,0.8438661710037175,0.8657822719999999,0.9746863597176053,-0.021916100996282384,0.75,0.6328996282527881,generic handover model,1338
alarm_top_20pct,0.011886556395790462,0.2,724.0223463687151,1.0,269,227,0.8438661710037175,0.8657822719999999,0.9746863597176053,-0.021916100996282384,1.0,0.8438661710037175,generic handover model,1338
alarm_top_20pct,0.011886556395790462,0.2,724.0223463687151,2.0,269,215,0.7992565055762082,0.8322278399999999,0.9603818415594079,-0.03297133442379174,0.25,0.19981412639405205,generic handover model,1338
alarm_top_20pct,0.011886556395790462,0.2,724.0223463687151,2.0,269,215,0.7992565055762082,0.8322278399999999,0.9603818415594079,-0.03297133442379174,0.5,0.3996282527881041,generic handover model,1338
alarm_top_20pct,0.011886556395790462,0.2,724.0223463687151,2.0,269,215,0.7992565055762082,0.8322278399999999,0.9603818415594079,-0.03297133442379174,0.75,0.5994423791821561,generic handover model,1338
alarm_top_20pct,0.011886556395790462,0.2,724.0223463687151,2.0,269,215,0.7992565055762082,0.8322278399999999,0.9603818415594079,-0.03297133442379174,1.0,0.7992565055762082,generic handover model,1338
alarm_top_20pct,0.011886556395790462,0.2,724.0223463687151,3.0,269,202,0.7509293680297398,0.7902847999999999,0.9502009503785722,-0.039355431970260146,0.25,0.18773234200743494,generic handover model,1338
alarm_top_20pct,0.011886556395790462,0.2,724.0223463687151,3.0,269,202,0.7509293680297398,0.7902847999999999,0.9502009503785722,-0.039355431970260146,0.5,0.3754646840148699,generic handover model,1338
alarm_top_20pct,0.011886556395790462,0.2,724.0223463687151,3.0,269,202,0.7509293680297398,0.7902847999999999,0.9502009503785722,-0.039355431970260146,0.75,0.5631970260223048,generic handover model,1338
alarm_top_20pct,0.011886556395790462,0.2,724.0223463687151,3.0,269,202,0.7509293680297398,0.7902847999999999,0.9502009503785722,-0.039355431970260146,1.0,0.7509293680297398,generic handover model,1338
alarm_top_20pct,0.011886556395790462,0.2,724.0223463687151,5.0,269,182,0.6765799256505576,0.6723199999999999,1.0063361578572074,0.004259925650557661,0.25,0.1691449814126394,generic handover model,1338
alarm_top_20pct,0.011886556395790462,0.2,724.0223463687151,5.0,269,182,0.6765799256505576,0.6723199999999999,1.0063361578572074,0.004259925650557661,0.5,0.3382899628252788,generic handover model,1338
alarm_top_20pct,0.011886556395790462,0.2,724.0223463687151,5.0,269,182,0.6765799256505576,0.6723199999999999,1.0063361578572074,0.004259925650557661,0.75,0.5074349442379182,generic handover model,1338
alarm_top_20pct,0.011886556395790462,0.2,724.0223463687151,5.0,269,182,0.6765799256505576,0.6723199999999999,1.0063361578572074,0.004259925650557661,1.0,0.6765799256505576,generic handover model,1338
alarm_top_40pct,0.0024169556844509652,0.4,1448.0446927374303,0.0,269,260,0.966542750929368,0.9939533824,0.9724226186499348,-0.02741063147063194,0.25,0.241635687732342,generic handover model,1338
alarm_top_40pct,0.0024169556844509652,0.4,1448.0446927374303,0.0,269,260,0.966542750929368,0.9939533824,0.9724226186499348,-0.02741063147063194,0.5,0.483271375464684,generic handover model,1338
alarm_top_40pct,0.0024169556844509652,0.4,1448.0446927374303,0.0,269,260,0.966542750929368,0.9939533824,0.9724226186499348,-0.02741063147063194,0.75,0.724907063197026,generic handover model,1338
alarm_top_40pct,0.0024169556844509652,0.4,1448.0446927374303,0.0,269,260,0.966542750929368,0.9939533824,0.9724226186499348,-0.02741063147063194,1.0,0.966542750929368,generic handover model,1338
alarm_top_40pct,0.0024169556844509652,0.4,1448.0446927374303,1.0,269,245,0.9107806691449815,0.989922304,0.9200526803616513,-0.07914163485501857,0.25,0.22769516728624536,generic handover model,1338
alarm_top_40pct,0.0024169556844509652,0.4,1448.0446927374303,1.0,269,245,0.9107806691449815,0.989922304,0.9200526803616513,-0.07914163485501857,0.5,0.45539033457249073,generic handover model,1338
alarm_top_40pct,0.0024169556844509652,0.4,1448.0446927374303,1.0,269,245,0.9107806691449815,0.989922304,0.9200526803616513,-0.07914163485501857,0.75,0.6830855018587361,generic handover model,1338
alarm_top_40pct,0.0024169556844509652,0.4,1448.0446927374303,1.0,269,245,0.9107806691449815,0.989922304,0.9200526803616513,-0.07914163485501857,1.0,0.9107806691449815,generic handover model,1338
alarm_top_40pct,0.0024169556844509652,0.4,1448.0446927374303,2.0,269,231,0.8587360594795539,0.98320384,0.8734059251432071,-0.12446778052044616,0.25,0.21468401486988847,generic handover model,1338
alarm_top_40pct,0.0024169556844509652,0.4,1448.0446927374303,2.0,269,231,0.8587360594795539,0.98320384,0.8734059251432071,-0.12446778052044616,0.5,0.42936802973977695,generic handover model,1338
alarm_top_40pct,0.0024169556844509652,0.4,1448.0446927374303,2.0,269,231,0.8587360594795539,0.98320384,0.8734059251432071,-0.12446778052044616,0.75,0.6440520446096655,generic handover model,1338
alarm_top_40pct,0.0024169556844509652,0.4,1448.0446927374303,2.0,269,231,0.8587360594795539,0.98320384,0.8734059251432071,-0.12446778052044616,1.0,0.8587360594795539,generic handover model,1338
alarm_top_40pct,0.0024169556844509652,0.4,1448.0446927374303,3.0,269,227,0.8438661710037175,0.9720064,0.8681693567076487,-0.12814022899628252,0.25,0.21096654275092938,generic handover model,1338
alarm_top_40pct,0.0024169556844509652,0.4,1448.0446927374303,3.0,269,227,0.8438661710037175,0.9720064,0.8681693567076487,-0.12814022899628252,0.5,0.42193308550185876,generic handover model,1338
alarm_top_40pct,0.0024169556844509652,0.4,1448.0446927374303,3.0,269,227,0.8438661710037175,0.9720064,0.8681693567076487,-0.12814022899628252,0.75,0.6328996282527881,generic handover model,1338
alarm_top_40pct,0.0024169556844509652,0.4,1448.0446927374303,3.0,269,227,0.8438661710037175,0.9720064,0.8681693567076487,-0.12814022899628252,1.0,0.8438661710037175,generic handover model,1338
alarm_top_40pct,0.0024169556844509652,0.4,1448.0446927374303,5.0,269,214,0.7955390334572491,0.9222400000000001,0.862616058138065,-0.12670096654275098,0.25,0.19888475836431227,generic handover model,1338
alarm_top_40pct,0.0024169556844509652,0.4,1448.0446927374303,5.0,269,214,0.7955390334572491,0.9222400000000001,0.862616058138065,-0.12670096654275098,0.5,0.39776951672862454,generic handover model,1338
alarm_top_40pct,0.0024169556844509652,0.4,1448.0446927374303,5.0,269,214,0.7955390334572491,0.9222400000000001,0.862616058138065,-0.12670096654275098,0.75,0.5966542750929368,generic handover model,1338
alarm_top_40pct,0.0024169556844509652,0.4,1448.0446927374303,5.0,269,214,0.7955390334572491,0.9222400000000001,0.862616058138065,-0.12670096654275098,1.0,0.7955390334572491,generic handover model,1338
alarm_top_2pct,0.8227326644698896,0.020077972709551656,72.6845045574831,0.0,269,15,0.055762081784386616,0.18357705612384978,0.30375300139232475,-0.12781497433946315,0.25,0.013940520446096654,dedicated ping-pong model,1339
alarm_top_2pct,0.8227326644698896,0.020077972709551656,72.6845045574831,0.0,269,15,0.055762081784386616,0.18357705612384978,0.30375300139232475,-0.12781497433946315,0.5,0.027881040892193308,dedicated ping-pong model,1339
alarm_top_2pct,0.8227326644698896,0.020077972709551656,72.6845045574831,0.0,269,15,0.055762081784386616,0.18357705612384978,0.30375300139232475,-0.12781497433946315,0.75,0.041821561338289966,dedicated ping-pong model,1339
alarm_top_2pct,0.8227326644698896,0.020077972709551656,72.6845045574831,0.0,269,15,0.055762081784386616,0.18357705612384978,0.30375300139232475,-0.12781497433946315,1.0,0.055762081784386616,dedicated ping-pong model,1339
alarm_top_2pct,0.8227326644698896,0.020077972709551656,72.6845045574831,1.0,269,13,0.048327137546468404,0.16684907458033604,0.2896458231370016,-0.11852193703386764,0.25,0.012081784386617101,dedicated ping-pong model,1339
alarm_top_2pct,0.8227326644698896,0.020077972709551656,72.6845045574831,1.0,269,13,0.048327137546468404,0.16684907458033604,0.2896458231370016,-0.11852193703386764,0.5,0.024163568773234202,dedicated ping-pong model,1339
alarm_top_2pct,0.8227326644698896,0.020077972709551656,72.6845045574831,1.0,269,13,0.048327137546468404,0.16684907458033604,0.2896458231370016,-0.11852193703386764,0.75,0.0362453531598513,dedicated ping-pong model,1339
alarm_top_2pct,0.8227326644698896,0.020077972709551656,72.6845045574831,1.0,269,13,0.048327137546468404,0.16684907458033604,0.2896458231370016,-0.11852193703386764,1.0,0.048327137546468404,dedicated ping-pong model,1339
alarm_top_2pct,0.8227326644698896,0.020077972709551656,72.6845045574831,2.0,269,13,0.048327137546468404,0.14977834744323126,0.322657703008676,-0.10145120989676286,0.25,0.012081784386617101,dedicated ping-pong model,1339
alarm_top_2pct,0.8227326644698896,0.020077972709551656,72.6845045574831,2.0,269,13,0.048327137546468404,0.14977834744323126,0.322657703008676,-0.10145120989676286,0.5,0.024163568773234202,dedicated ping-pong model,1339
alarm_top_2pct,0.8227326644698896,0.020077972709551656,72.6845045574831,2.0,269,13,0.048327137546468404,0.14977834744323126,0.322657703008676,-0.10145120989676286,0.75,0.0362453531598513,dedicated ping-pong model,1339
alarm_top_2pct,0.8227326644698896,0.020077972709551656,72.6845045574831,2.0,269,13,0.048327137546468404,0.14977834744323126,0.322657703008676,-0.10145120989676286,1.0,0.048327137546468404,dedicated ping-pong model,1339
alarm_top_2pct,0.8227326644698896,0.020077972709551656,72.6845045574831,3.0,269,13,0.048327137546468404,0.1323578520755473,0.3651248247734046,-0.08403071452907888,0.25,0.012081784386617101,dedicated ping-pong model,1339
alarm_top_2pct,0.8227326644698896,0.020077972709551656,72.6845045574831,3.0,269,13,0.048327137546468404,0.1323578520755473,0.3651248247734046,-0.08403071452907888,0.5,0.024163568773234202,dedicated ping-pong model,1339
alarm_top_2pct,0.8227326644698896,0.020077972709551656,72.6845045574831,3.0,269,13,0.048327137546468404,0.1323578520755473,0.3651248247734046,-0.08403071452907888,0.75,0.0362453531598513,dedicated ping-pong model,1339
alarm_top_2pct,0.8227326644698896,0.020077972709551656,72.6845045574831,3.0,269,13,0.048327137546468404,0.1323578520755473,0.3651248247734046,-0.08403071452907888,1.0,0.048327137546468404,dedicated ping-pong model,1339
alarm_top_2pct,0.8227326644698896,0.020077972709551656,72.6845045574831,5.0,269,11,0.040892193308550186,0.09643874370569083,0.42402245961792995,-0.05554655039714065,0.25,0.010223048327137546,dedicated ping-pong model,1339
alarm_top_2pct,0.8227326644698896,0.020077972709551656,72.6845045574831,5.0,269,11,0.040892193308550186,0.09643874370569083,0.42402245961792995,-0.05554655039714065,0.5,0.020446096654275093,dedicated ping-pong model,1339
alarm_top_2pct,0.8227326644698896,0.020077972709551656,72.6845045574831,5.0,269,11,0.040892193308550186,0.09643874370569083,0.42402245961792995,-0.05554655039714065,0.75,0.03066914498141264,dedicated ping-pong model,1339
alarm_top_2pct,0.8227326644698896,0.020077972709551656,72.6845045574831,5.0,269,11,0.040892193308550186,0.09643874370569083,0.42402245961792995,-0.05554655039714065,1.0,0.040892193308550186,dedicated ping-pong model,1339
alarm_top_5pct,0.5808284900387359,0.05,181.0055865921788,0.0,269,43,0.15985130111524162,0.4012630607616213,0.39837033793201465,-0.2414117596463797,0.25,0.039962825278810406,dedicated ping-pong model,1339
alarm_top_5pct,0.5808284900387359,0.05,181.0055865921788,0.0,269,43,0.15985130111524162,0.4012630607616213,0.39837033793201465,-0.2414117596463797,0.5,0.07992565055762081,dedicated ping-pong model,1339
alarm_top_5pct,0.5808284900387359,0.05,181.0055865921788,0.0,269,43,0.15985130111524162,0.4012630607616213,0.39837033793201465,-0.2414117596463797,0.75,0.11988847583643122,dedicated ping-pong model,1339
alarm_top_5pct,0.5808284900387359,0.05,181.0055865921788,0.0,269,43,0.15985130111524162,0.4012630607616213,0.39837033793201465,-0.2414117596463797,1.0,0.15985130111524162,dedicated ping-pong model,1339
alarm_top_5pct,0.5808284900387359,0.05,181.0055865921788,1.0,269,39,0.1449814126394052,0.3697505902753909,0.3921059667042662,-0.22476917763598572,0.25,0.0362453531598513,dedicated ping-pong model,1339
alarm_top_5pct,0.5808284900387359,0.05,181.0055865921788,1.0,269,39,0.1449814126394052,0.3697505902753909,0.3921059667042662,-0.22476917763598572,0.5,0.0724907063197026,dedicated ping-pong model,1339
alarm_top_5pct,0.5808284900387359,0.05,181.0055865921788,1.0,269,39,0.1449814126394052,0.3697505902753909,0.3921059667042662,-0.22476917763598572,0.75,0.1087360594795539,dedicated ping-pong model,1339
alarm_top_5pct,0.5808284900387359,0.05,181.0055865921788,1.0,269,39,0.1449814126394052,0.3697505902753909,0.3921059667042662,-0.22476917763598572,1.0,0.1449814126394052,dedicated ping-pong model,1339
alarm_top_5pct,0.5808284900387359,0.05,181.0055865921788,2.0,269,37,0.137546468401487,0.33657956871093775,0.4086595895534439,-0.19903310030945076,0.25,0.03438661710037175,dedicated ping-pong model,1339
alarm_top_5pct,0.5808284900387359,0.05,181.0055865921788,2.0,269,37,0.137546468401487,0.33657956871093775,0.4086595895534439,-0.19903310030945076,0.5,0.0687732342007435,dedicated ping-pong model,1339
alarm_top_5pct,0.5808284900387359,0.05,181.0055865921788,2.0,269,37,0.137546468401487,0.33657956871093775,0.4086595895534439,-0.19903310030945076,0.75,0.10315985130111524,dedicated ping-pong model,1339
alarm_top_5pct,0.5808284900387359,0.05,181.0055865921788,2.0,269,37,0.137546468401487,0.33657956871093775,0.4086595895534439,-0.19903310030945076,1.0,0.137546468401487,dedicated ping-pong model,1339
alarm_top_5pct,0.5808284900387359,0.05,181.0055865921788,3.0,269,34,0.12639405204460966,0.3016627039062503,0.41899131184572946,-0.17526865186164062,0.25,0.031598513011152414,dedicated ping-pong model,1339
alarm_top_5pct,0.5808284900387359,0.05,181.0055865921788,3.0,269,34,0.12639405204460966,0.3016627039062503,0.41899131184572946,-0.17526865186164062,0.5,0.06319702602230483,dedicated ping-pong model,1339
alarm_top_5pct,0.5808284900387359,0.05,181.0055865921788,3.0,269,34,0.12639405204460966,0.3016627039062503,0.41899131184572946,-0.17526865186164062,0.75,0.09479553903345725,dedicated ping-pong model,1339
alarm_top_5pct,0.5808284900387359,0.05,181.0055865921788,3.0,269,34,0.12639405204460966,0.3016627039062503,0.41899131184572946,-0.17526865186164062,1.0,0.12639405204460966,dedicated ping-pong model,1339
alarm_top_5pct,0.5808284900387359,0.05,181.0055865921788,5.0,269,26,0.09665427509293681,0.22621906250000023,0.4272596395051222,-0.12956478740706343,0.25,0.024163568773234202,dedicated ping-pong model,1339
alarm_top_5pct,0.5808284900387359,0.05,181.0055865921788,5.0,269,26,0.09665427509293681,0.22621906250000023,0.4272596395051222,-0.12956478740706343,0.5,0.048327137546468404,dedicated ping-pong model,1339
alarm_top_5pct,0.5808284900387359,0.05,181.0055865921788,5.0,269,26,0.09665427509293681,0.22621906250000023,0.4272596395051222,-0.12956478740706343,0.75,0.0724907063197026,dedicated ping-pong model,1339
alarm_top_5pct,0.5808284900387359,0.05,181.0055865921788,5.0,269,26,0.09665427509293681,0.22621906250000023,0.4272596395051222,-0.12956478740706343,1.0,0.09665427509293681,dedicated ping-pong model,1339
alarm_top_10pct,0.37564013679636243,0.1,362.0111731843576,0.0,269,83,0.30855018587360594,0.6513215599,0.4737294216407928,-0.342771374026394,0.25,0.07713754646840149,dedicated ping-pong model,1339
alarm_top_10pct,0.37564013679636243,0.1,362.0111731843576,0.0,269,83,0.30855018587360594,0.6513215599,0.4737294216407928,-0.342771374026394,0.5,0.15427509293680297,dedicated ping-pong model,1339
alarm_top_10pct,0.37564013679636243,0.1,362.0111731843576,0.0,269,83,0.30855018587360594,0.6513215599,0.4737294216407928,-0.342771374026394,0.75,0.23141263940520446,dedicated ping-pong model,1339
alarm_top_10pct,0.37564013679636243,0.1,362.0111731843576,0.0,269,83,0.30855018587360594,0.6513215599,0.4737294216407928,-0.342771374026394,1.0,0.30855018587360594,dedicated ping-pong model,1339
alarm_top_10pct,0.37564013679636243,0.1,362.0111731843576,1.0,269,75,0.2788104089219331,0.6125795109999999,0.45514158393380083,-0.33376910207806676,0.25,0.06970260223048327,dedicated ping-pong model,1339
alarm_top_10pct,0.37564013679636243,0.1,362.0111731843576,1.0,269,75,0.2788104089219331,0.6125795109999999,0.45514158393380083,-0.33376910207806676,0.5,0.13940520446096655,dedicated ping-pong model,1339
alarm_top_10pct,0.37564013679636243,0.1,362.0111731843576,1.0,269,75,0.2788104089219331,0.6125795109999999,0.45514158393380083,-0.33376910207806676,0.75,0.20910780669144982,dedicated ping-pong model,1339
alarm_top_10pct,0.37564013679636243,0.1,362.0111731843576,1.0,269,75,0.2788104089219331,0.6125795109999999,0.45514158393380083,-0.33376910207806676,1.0,0.2788104089219331,dedicated ping-pong model,1339
alarm_top_10pct,0.37564013679636243,0.1,362.0111731843576,2.0,269,66,0.24535315985130113,0.5695327899999999,0.43079725023611226,-0.32417963014869877,0.25,0.06133828996282528,dedicated ping-pong model,1339
alarm_top_10pct,0.37564013679636243,0.1,362.0111731843576,2.0,269,66,0.24535315985130113,0.5695327899999999,0.43079725023611226,-0.32417963014869877,0.5,0.12267657992565056,dedicated ping-pong model,1339
alarm_top_10pct,0.37564013679636243,0.1,362.0111731843576,2.0,269,66,0.24535315985130113,0.5695327899999999,0.43079725023611226,-0.32417963014869877,0.75,0.18401486988847585,dedicated ping-pong model,1339
alarm_top_10pct,0.37564013679636243,0.1,362.0111731843576,2.0,269,66,0.24535315985130113,0.5695327899999999,0.43079725023611226,-0.32417963014869877,1.0,0.24535315985130113,dedicated ping-pong model,1339
alarm_top_10pct,0.37564013679636243,0.1,362.0111731843576,3.0,269,60,0.22304832713754646,0.5217030999999999,0.42753881879855904,-0.2986547728624534,0.25,0.055762081784386616,dedicated ping-pong model,1339
alarm_top_10pct,0.37564013679636243,0.1,362.0111731843576,3.0,269,60,0.22304832713754646,0.5217030999999999,0.42753881879855904,-0.2986547728624534,0.5,0.11152416356877323,dedicated ping-pong model,1339
alarm_top_10pct,0.37564013679636243,0.1,362.0111731843576,3.0,269,60,0.22304832713754646,0.5217030999999999,0.42753881879855904,-0.2986547728624534,0.75,0.16728624535315986,dedicated ping-pong model,1339
alarm_top_10pct,0.37564013679636243,0.1,362.0111731843576,3.0,269,60,0.22304832713754646,0.5217030999999999,0.42753881879855904,-0.2986547728624534,1.0,0.22304832713754646,dedicated ping-pong model,1339
alarm_top_10pct,0.37564013679636243,0.1,362.0111731843576,5.0,269,50,0.18587360594795538,0.40950999999999993,0.45389271555750876,-0.22363639405204455,0.25,0.046468401486988845,dedicated ping-pong model,1339
alarm_top_10pct,0.37564013679636243,0.1,362.0111731843576,5.0,269,50,0.18587360594795538,0.40950999999999993,0.45389271555750876,-0.22363639405204455,0.5,0.09293680297397769,dedicated ping-pong model,1339
alarm_top_10pct,0.37564013679636243,0.1,362.0111731843576,5.0,269,50,0.18587360594795538,0.40950999999999993,0.45389271555750876,-0.22363639405204455,0.75,0.13940520446096655,dedicated ping-pong model,1339
alarm_top_10pct,0.37564013679636243,0.1,362.0111731843576,5.0,269,50,0.18587360594795538,0.40950999999999993,0.45389271555750876,-0.22363639405204455,1.0,0.18587360594795538,dedicated ping-pong model,1339
alarm_top_20pct,0.17318664965654343,0.2,724.0223463687151,0.0,269,146,0.5427509293680297,0.8926258175999999,0.6080385741332491,-0.3498748882319702,0.25,0.13568773234200743,dedicated ping-pong model,1339
alarm_top_20pct,0.17318664965654343,0.2,724.0223463687151,0.0,269,146,0.5427509293680297,0.8926258175999999,0.6080385741332491,-0.3498748882319702,0.5,0.27137546468401486,dedicated ping-pong model,1339
alarm_top_20pct,0.17318664965654343,0.2,724.0223463687151,0.0,269,146,0.5427509293680297,0.8926258175999999,0.6080385741332491,-0.3498748882319702,0.75,0.4070631970260223,dedicated ping-pong model,1339
alarm_top_20pct,0.17318664965654343,0.2,724.0223463687151,0.0,269,146,0.5427509293680297,0.8926258175999999,0.6080385741332491,-0.3498748882319702,1.0,0.5427509293680297,dedicated ping-pong model,1339
alarm_top_20pct,0.17318664965654343,0.2,724.0223463687151,1.0,269,133,0.4944237918215613,0.8657822719999999,0.5710717437993017,-0.3713584801784386,0.25,0.12360594795539033,dedicated ping-pong model,1339
alarm_top_20pct,0.17318664965654343,0.2,724.0223463687151,1.0,269,133,0.4944237918215613,0.8657822719999999,0.5710717437993017,-0.3713584801784386,0.5,0.24721189591078066,dedicated ping-pong model,1339
alarm_top_20pct,0.17318664965654343,0.2,724.0223463687151,1.0,269,133,0.4944237918215613,0.8657822719999999,0.5710717437993017,-0.3713584801784386,0.75,0.370817843866171,dedicated ping-pong model,1339
alarm_top_20pct,0.17318664965654343,0.2,724.0223463687151,1.0,269,133,0.4944237918215613,0.8657822719999999,0.5710717437993017,-0.3713584801784386,1.0,0.4944237918215613,dedicated ping-pong model,1339
alarm_top_20pct,0.17318664965654343,0.2,724.0223463687151,2.0,269,127,0.4721189591078067,0.8322278399999999,0.5672953203629991,-0.36010888089219323,0.25,0.11802973977695168,dedicated ping-pong model,1339
alarm_top_20pct,0.17318664965654343,0.2,724.0223463687151,2.0,269,127,0.4721189591078067,0.8322278399999999,0.5672953203629991,-0.36010888089219323,0.5,0.23605947955390336,dedicated ping-pong model,1339
alarm_top_20pct,0.17318664965654343,0.2,724.0223463687151,2.0,269,127,0.4721189591078067,0.8322278399999999,0.5672953203629991,-0.36010888089219323,0.75,0.354089219330855,dedicated ping-pong model,1339
alarm_top_20pct,0.17318664965654343,0.2,724.0223463687151,2.0,269,127,0.4721189591078067,0.8322278399999999,0.5672953203629991,-0.36010888089219323,1.0,0.4721189591078067,dedicated ping-pong model,1339
alarm_top_20pct,0.17318664965654343,0.2,724.0223463687151,3.0,269,122,0.45353159851301117,0.7902847999999999,0.5738837423078506,-0.33675320148698873,0.25,0.11338289962825279,dedicated ping-pong model,1339
alarm_top_20pct,0.17318664965654343,0.2,724.0223463687151,3.0,269,122,0.45353159851301117,0.7902847999999999,0.5738837423078506,-0.33675320148698873,0.5,0.22676579925650558,dedicated ping-pong model,1339
alarm_top_20pct,0.17318664965654343,0.2,724.0223463687151,3.0,269,122,0.45353159851301117,0.7902847999999999,0.5738837423078506,-0.33675320148698873,0.75,0.34014869888475835,dedicated ping-pong model,1339
alarm_top_20pct,0.17318664965654343,0.2,724.0223463687151,3.0,269,122,0.45353159851301117,0.7902847999999999,0.5738837423078506,-0.33675320148698873,1.0,0.45353159851301117,dedicated ping-pong model,1339
alarm_top_20pct,0.17318664965654343,0.2,724.0223463687151,5.0,269,107,0.39776951672862454,0.6723199999999999,0.5916371917072594,-0.2745504832713754,0.25,0.09944237918215613,dedicated ping-pong model,1339
alarm_top_20pct,0.17318664965654343,0.2,724.0223463687151,5.0,269,107,0.39776951672862454,0.6723199999999999,0.5916371917072594,-0.2745504832713754,0.5,0.19888475836431227,dedicated ping-pong model,1339
alarm_top_20pct,0.17318664965654343,0.2,724.0223463687151,5.0,269,107,0.39776951672862454,0.6723199999999999,0.5916371917072594,-0.2745504832713754,0.75,0.2983271375464684,dedicated ping-pong model,1339
alarm_top_20pct,0.17318664965654343,0.2,724.0223463687151,5.0,269,107,0.39776951672862454,0.6723199999999999,0.5916371917072594,-0.2745504832713754,1.0,0.39776951672862454,dedicated ping-pong model,1339
alarm_top_40pct,0.053556814740466495,0.4,1448.0446927374303,0.0,269,201,0.7472118959107806,0.9939533824,0.7517574859562958,-0.24674148648921934,0.25,0.18680297397769516,dedicated ping-pong model,1339
alarm_top_40pct,0.053556814740466495,0.4,1448.0446927374303,0.0,269,201,0.7472118959107806,0.9939533824,0.7517574859562958,-0.24674148648921934,0.5,0.3736059479553903,dedicated ping-pong model,1339
alarm_top_40pct,0.053556814740466495,0.4,1448.0446927374303,0.0,269,201,0.7472118959107806,0.9939533824,0.7517574859562958,-0.24674148648921934,0.75,0.5604089219330854,dedicated ping-pong model,1339
alarm_top_40pct,0.053556814740466495,0.4,1448.0446927374303,0.0,269,201,0.7472118959107806,0.9939533824,0.7517574859562958,-0.24674148648921934,1.0,0.7472118959107806,dedicated ping-pong model,1339
alarm_top_40pct,0.053556814740466495,0.4,1448.0446927374303,1.0,269,192,0.7137546468401487,0.989922304,0.7210208760385185,-0.27616765715985137,0.25,0.17843866171003717,dedicated ping-pong model,1339
alarm_top_40pct,0.053556814740466495,0.4,1448.0446927374303,1.0,269,192,0.7137546468401487,0.989922304,0.7210208760385185,-0.27616765715985137,0.5,0.35687732342007433,dedicated ping-pong model,1339
alarm_top_40pct,0.053556814740466495,0.4,1448.0446927374303,1.0,269,192,0.7137546468401487,0.989922304,0.7210208760385185,-0.27616765715985137,0.75,0.5353159851301115,dedicated ping-pong model,1339
alarm_top_40pct,0.053556814740466495,0.4,1448.0446927374303,1.0,269,192,0.7137546468401487,0.989922304,0.7210208760385185,-0.27616765715985137,1.0,0.7137546468401487,dedicated ping-pong model,1339
alarm_top_40pct,0.053556814740466495,0.4,1448.0446927374303,2.0,269,187,0.6951672862453532,0.98320384,0.7070428917825963,-0.2880365537546469,0.25,0.1737918215613383,dedicated ping-pong model,1339
alarm_top_40pct,0.053556814740466495,0.4,1448.0446927374303,2.0,269,187,0.6951672862453532,0.98320384,0.7070428917825963,-0.2880365537546469,0.5,0.3475836431226766,dedicated ping-pong model,1339
alarm_top_40pct,0.053556814740466495,0.4,1448.0446927374303,2.0,269,187,0.6951672862453532,0.98320384,0.7070428917825963,-0.2880365537546469,0.75,0.5213754646840149,dedicated ping-pong model,1339
alarm_top_40pct,0.053556814740466495,0.4,1448.0446927374303,2.0,269,187,0.6951672862453532,0.98320384,0.7070428917825963,-0.2880365537546469,1.0,0.6951672862453532,dedicated ping-pong model,1339
alarm_top_40pct,0.053556814740466495,0.4,1448.0446927374303,3.0,269,183,0.6802973977695167,0.9720064,0.6998898338215845,-0.29170900223048335,0.25,0.17007434944237917,dedicated ping-pong model,1339
alarm_top_40pct,0.053556814740466495,0.4,1448.0446927374303,3.0,269,183,0.6802973977695167,0.9720064,0.6998898338215845,-0.29170900223048335,0.5,0.34014869888475835,dedicated ping-pong model,1339
alarm_top_40pct,0.053556814740466495,0.4,1448.0446927374303,3.0,269,183,0.6802973977695167,0.9720064,0.6998898338215845,-0.29170900223048335,0.75,0.5102230483271375,dedicated ping-pong model,1339
alarm_top_40pct,0.053556814740466495,0.4,1448.0446927374303,3.0,269,183,0.6802973977695167,0.9720064,0.6998898338215845,-0.29170900223048335,1.0,0.6802973977695167,dedicated ping-pong model,1339
alarm_top_40pct,0.053556814740466495,0.4,1448.0446927374303,5.0,269,166,0.6171003717472119,0.9222400000000001,0.6691320824809289,-0.3051396282527882,0.25,0.15427509293680297,dedicated ping-pong model,1339
alarm_top_40pct,0.053556814740466495,0.4,1448.0446927374303,5.0,269,166,0.6171003717472119,0.9222400000000001,0.6691320824809289,-0.3051396282527882,0.5,0.30855018587360594,dedicated ping-pong model,1339
alarm_top_40pct,0.053556814740466495,0.4,1448.0446927374303,5.0,269,166,0.6171003717472119,0.9222400000000001,0.6691320824809289,-0.3051396282527882,0.75,0.4628252788104089,dedicated ping-pong model,1339
alarm_top_40pct,0.053556814740466495,0.4,1448.0446927374303,5.0,269,166,0.6171003717472119,0.9222400000000001,0.6691320824809289,-0.3051396282527882,1.0,0.6171003717472119,dedicated ping-pong model,1339
alarm_top_2pct,0.9901478191779688,0.020077972709551656,72.6845045574831,0.0,269,121,0.44981412639405205,0.18357705612384978,2.4502742112314193,0.26623707027020227,0.25,0.11245353159851301,generic handover model,1339
alarm_top_2pct,0.9901478191779688,0.020077972709551656,72.6845045574831,0.0,269,121,0.44981412639405205,0.18357705612384978,2.4502742112314193,0.26623707027020227,0.5,0.22490706319702602,generic handover model,1339
alarm_top_2pct,0.9901478191779688,0.020077972709551656,72.6845045574831,0.0,269,121,0.44981412639405205,0.18357705612384978,2.4502742112314193,0.26623707027020227,0.75,0.33736059479553904,generic handover model,1339
alarm_top_2pct,0.9901478191779688,0.020077972709551656,72.6845045574831,0.0,269,121,0.44981412639405205,0.18357705612384978,2.4502742112314193,0.26623707027020227,1.0,0.44981412639405205,generic handover model,1339
alarm_top_2pct,0.9901478191779688,0.020077972709551656,72.6845045574831,1.0,269,81,0.30111524163568776,0.16684907458033604,1.8047162826228562,0.13426616705535172,0.25,0.07527881040892194,generic handover model,1339
alarm_top_2pct,0.9901478191779688,0.020077972709551656,72.6845045574831,1.0,269,81,0.30111524163568776,0.16684907458033604,1.8047162826228562,0.13426616705535172,0.5,0.15055762081784388,generic handover model,1339
alarm_top_2pct,0.9901478191779688,0.020077972709551656,72.6845045574831,1.0,269,81,0.30111524163568776,0.16684907458033604,1.8047162826228562,0.13426616705535172,0.75,0.2258364312267658,generic handover model,1339
alarm_top_2pct,0.9901478191779688,0.020077972709551656,72.6845045574831,1.0,269,81,0.30111524163568776,0.16684907458033604,1.8047162826228562,0.13426616705535172,1.0,0.30111524163568776,generic handover model,1339
alarm_top_2pct,0.9901478191779688,0.020077972709551656,72.6845045574831,2.0,269,73,0.27137546468401486,0.14977834744323126,1.8118471015102575,0.12159711724078359,0.25,0.06784386617100371,generic handover model,1339
alarm_top_2pct,0.9901478191779688,0.020077972709551656,72.6845045574831,2.0,269,73,0.27137546468401486,0.14977834744323126,1.8118471015102575,0.12159711724078359,0.5,0.13568773234200743,generic handover model,1339
alarm_top_2pct,0.9901478191779688,0.020077972709551656,72.6845045574831,2.0,269,73,0.27137546468401486,0.14977834744323126,1.8118471015102575,0.12159711724078359,0.75,0.20353159851301114,generic handover model,1339
alarm_top_2pct,0.9901478191779688,0.020077972709551656,72.6845045574831,2.0,269,73,0.27137546468401486,0.14977834744323126,1.8118471015102575,0.12159711724078359,1.0,0.27137546468401486,generic handover model,1339
alarm_top_2pct,0.9901478191779688,0.020077972709551656,72.6845045574831,3.0,269,65,0.241635687732342,0.1323578520755473,1.8256241238670228,0.10927783565679472,0.25,0.0604089219330855,generic handover model,1339
alarm_top_2pct,0.9901478191779688,0.020077972709551656,72.6845045574831,3.0,269,65,0.241635687732342,0.1323578520755473,1.8256241238670228,0.10927783565679472,0.5,0.120817843866171,generic handover model,1339
alarm_top_2pct,0.9901478191779688,0.020077972709551656,72.6845045574831,3.0,269,65,0.241635687732342,0.1323578520755473,1.8256241238670228,0.10927783565679472,0.75,0.1812267657992565,generic handover model,1339
alarm_top_2pct,0.9901478191779688,0.020077972709551656,72.6845045574831,3.0,269,65,0.241635687732342,0.1323578520755473,1.8256241238670228,0.10927783565679472,1.0,0.241635687732342,generic handover model,1339
alarm_top_2pct,0.9901478191779688,0.020077972709551656,72.6845045574831,5.0,269,45,0.16728624535315986,0.09643874370569083,1.7346373348006225,0.07084750164746903,0.25,0.041821561338289966,generic handover model,1339
alarm_top_2pct,0.9901478191779688,0.020077972709551656,72.6845045574831,5.0,269,45,0.16728624535315986,0.09643874370569083,1.7346373348006225,0.07084750164746903,0.5,0.08364312267657993,generic handover model,1339
alarm_top_2pct,0.9901478191779688,0.020077972709551656,72.6845045574831,5.0,269,45,0.16728624535315986,0.09643874370569083,1.7346373348006225,0.07084750164746903,0.75,0.12546468401486988,generic handover model,1339
alarm_top_2pct,0.9901478191779688,0.020077972709551656,72.6845045574831,5.0,269,45,0.16728624535315986,0.09643874370569083,1.7346373348006225,0.07084750164746903,1.0,0.16728624535315986,generic handover model,1339
alarm_top_5pct,0.8524243037984222,0.05,181.0055865921788,0.0,269,199,0.7397769516728625,0.4012630607616213,1.84362086624351,0.3385138909112412,0.25,0.18494423791821563,generic handover model,1339
alarm_top_5pct,0.8524243037984222,0.05,181.0055865921788,0.0,269,199,0.7397769516728625,0.4012630607616213,1.84362086624351,0.3385138909112412,0.5,0.36988847583643125,generic handover model,1339
alarm_top_5pct,0.8524243037984222,0.05,181.0055865921788,0.0,269,199,0.7397769516728625,0.4012630607616213,1.84362086624351,0.3385138909112412,0.75,0.5548327137546468,generic handover model,1339
alarm_top_5pct,0.8524243037984222,0.05,181.0055865921788,0.0,269,199,0.7397769516728625,0.4012630607616213,1.84362086624351,0.3385138909112412,1.0,0.7397769516728625,generic handover model,1339
alarm_top_5pct,0.8524243037984222,0.05,181.0055865921788,1.0,269,149,0.5539033457249071,0.3697505902753909,1.4980458727932222,0.18415275544951615,0.25,0.13847583643122677,generic handover model,1339
alarm_top_5pct,0.8524243037984222,0.05,181.0055865921788,1.0,269,149,0.5539033457249071,0.3697505902753909,1.4980458727932222,0.18415275544951615,0.5,0.27695167286245354,generic handover model,1339
alarm_top_5pct,0.8524243037984222,0.05,181.0055865921788,1.0,269,149,0.5539033457249071,0.3697505902753909,1.4980458727932222,0.18415275544951615,0.75,0.4154275092936803,generic handover model,1339
alarm_top_5pct,0.8524243037984222,0.05,181.0055865921788,1.0,269,149,0.5539033457249071,0.3697505902753909,1.4980458727932222,0.18415275544951615,1.0,0.5539033457249071,generic handover model,1339
alarm_top_5pct,0.8524243037984222,0.05,181.0055865921788,2.0,269,142,0.5278810408921933,0.33657956871093775,1.5683692355834875,0.1913014721812556,0.25,0.13197026022304834,generic handover model,1339
alarm_top_5pct,0.8524243037984222,0.05,181.0055865921788,2.0,269,142,0.5278810408921933,0.33657956871093775,1.5683692355834875,0.1913014721812556,0.5,0.26394052044609667,generic handover model,1339
alarm_top_5pct,0.8524243037984222,0.05,181.0055865921788,2.0,269,142,0.5278810408921933,0.33657956871093775,1.5683692355834875,0.1913014721812556,0.75,0.395910780669145,generic handover model,1339
alarm_top_5pct,0.8524243037984222,0.05,181.0055865921788,2.0,269,142,0.5278810408921933,0.33657956871093775,1.5683692355834875,0.1913014721812556,1.0,0.5278810408921933,generic handover model,1339
alarm_top_5pct,0.8524243037984222,0.05,181.0055865921788,3.0,269,122,0.45353159851301117,0.3016627039062503,1.5034394130935,0.1518688946067609,0.25,0.11338289962825279,generic handover model,1339
alarm_top_5pct,0.8524243037984222,0.05,181.0055865921788,3.0,269,122,0.45353159851301117,0.3016627039062503,1.5034394130935,0.1518688946067609,0.5,0.22676579925650558,generic handover model,1339
alarm_top_5pct,0.8524243037984222,0.05,181.0055865921788,3.0,269,122,0.45353159851301117,0.3016627039062503,1.5034394130935,0.1518688946067609,0.75,0.34014869888475835,generic handover model,1339
alarm_top_5pct,0.8524243037984222,0.05,181.0055865921788,3.0,269,122,0.45353159851301117,0.3016627039062503,1.5034394130935,0.1518688946067609,1.0,0.45353159851301117,generic handover model,1339
alarm_top_5pct,0.8524243037984222,0.05,181.0055865921788,5.0,269,90,0.3345724907063197,0.22621906250000023,1.4789756752100385,0.10835342820631949,0.25,0.08364312267657993,generic handover model,1339
alarm_top_5pct,0.8524243037984222,0.05,181.0055865921788,5.0,269,90,0.3345724907063197,0.22621906250000023,1.4789756752100385,0.10835342820631949,0.5,0.16728624535315986,generic handover model,1339
alarm_top_5pct,0.8524243037984222,0.05,181.0055865921788,5.0,269,90,0.3345724907063197,0.22621906250000023,1.4789756752100385,0.10835342820631949,0.75,0.25092936802973975,generic handover model,1339
alarm_top_5pct,0.8524243037984222,0.05,181.0055865921788,5.0,269,90,0.3345724907063197,0.22621906250000023,1.4789756752100385,0.10835342820631949,1.0,0.3345724907063197,generic handover model,1339
alarm_top_10pct,0.06323691825752424,0.1,362.0111731843576,0.0,269,239,0.8884758364312267,0.6513215599,1.3641124309897525,0.23715427653122678,0.25,0.22211895910780668,generic handover model,1339
alarm_top_10pct,0.06323691825752424,0.1,362.0111731843576,0.0,269,239,0.8884758364312267,0.6513215599,1.3641124309897525,0.23715427653122678,0.5,0.44423791821561337,generic handover model,1339
alarm_top_10pct,0.06323691825752424,0.1,362.0111731843576,0.0,269,239,0.8884758364312267,0.6513215599,1.3641124309897525,0.23715427653122678,0.75,0.6663568773234201,generic handover model,1339
alarm_top_10pct,0.06323691825752424,0.1,362.0111731843576,0.0,269,239,0.8884758364312267,0.6513215599,1.3641124309897525,0.23715427653122678,1.0,0.8884758364312267,generic handover model,1339
alarm_top_10pct,0.06323691825752424,0.1,362.0111731843576,1.0,269,200,0.7434944237918215,0.6125795109999999,1.2137108904901355,0.13091491279182166,0.25,0.18587360594795538,generic handover model,1339
alarm_top_10pct,0.06323691825752424,0.1,362.0111731843576,1.0,269,200,0.7434944237918215,0.6125795109999999,1.2137108904901355,0.13091491279182166,0.5,0.37174721189591076,generic handover model,1339
alarm_top_10pct,0.06323691825752424,0.1,362.0111731843576,1.0,269,200,0.7434944237918215,0.6125795109999999,1.2137108904901355,0.13091491279182166,0.75,0.5576208178438662,generic handover model,1339
alarm_top_10pct,0.06323691825752424,0.1,362.0111731843576,1.0,269,200,0.7434944237918215,0.6125795109999999,1.2137108904901355,0.13091491279182166,1.0,0.7434944237918215,generic handover model,1339
alarm_top_10pct,0.06323691825752424,0.1,362.0111731843576,2.0,269,185,0.6877323420074349,0.5695327899999999,1.207537746873951,0.11819955200743504,0.25,0.17193308550185873,generic handover model,1339
alarm_top_10pct,0.06323691825752424,0.1,362.0111731843576,2.0,269,185,0.6877323420074349,0.5695327899999999,1.207537746873951,0.11819955200743504,0.5,0.34386617100371747,generic handover model,1339
alarm_top_10pct,0.06323691825752424,0.1,362.0111731843576,2.0,269,185,0.6877323420074349,0.5695327899999999,1.207537746873951,0.11819955200743504,0.75,0.5157992565055762,generic handover model,1339
alarm_top_10pct,0.06323691825752424,0.1,362.0111731843576,2.0,269,185,0.6877323420074349,0.5695327899999999,1.207537746873951,0.11819955200743504,1.0,0.6877323420074349,generic handover model,1339
alarm_top_10pct,0.06323691825752424,0.1,362.0111731843576,3.0,269,171,0.6356877323420075,0.5217030999999999,1.2184856335758933,0.11398463234200762,0.25,0.15892193308550187,generic handover model,1339
alarm_top_10pct,0.06323691825752424,0.1,362.0111731843576,3.0,269,171,0.6356877323420075,0.5217030999999999,1.2184856335758933,0.11398463234200762,0.5,0.31784386617100374,generic handover model,1339
alarm_top_10pct,0.06323691825752424,0.1,362.0111731843576,3.0,269,171,0.6356877323420075,0.5217030999999999,1.2184856335758933,0.11398463234200762,0.75,0.4767657992565056,generic handover model,1339
alarm_top_10pct,0.06323691825752424,0.1,362.0111731843576,3.0,269,171,0.6356877323420075,0.5217030999999999,1.2184856335758933,0.11398463234200762,1.0,0.6356877323420075,generic handover model,1339
alarm_top_10pct,0.06323691825752424,0.1,362.0111731843576,5.0,269,133,0.4944237918215613,0.40950999999999993,1.2073546233829733,0.08491379182156139,0.25,0.12360594795539033,generic handover model,1339
alarm_top_10pct,0.06323691825752424,0.1,362.0111731843576,5.0,269,133,0.4944237918215613,0.40950999999999993,1.2073546233829733,0.08491379182156139,0.5,0.24721189591078066,generic handover model,1339
alarm_top_10pct,0.06323691825752424,0.1,362.0111731843576,5.0,269,133,0.4944237918215613,0.40950999999999993,1.2073546233829733,0.08491379182156139,0.75,0.370817843866171,generic handover model,1339
alarm_top_10pct,0.06323691825752424,0.1,362.0111731843576,5.0,269,133,0.4944237918215613,0.40950999999999993,1.2073546233829733,0.08491379182156139,1.0,0.4944237918215613,generic handover model,1339
alarm_top_20pct,0.01206264164536399,0.2,724.0223463687151,0.0,269,254,0.9442379182156134,0.8926258175999999,1.0578205330811323,0.0516121006156135,0.25,0.23605947955390336,generic handover model,1339
alarm_top_20pct,0.01206264164536399,0.2,724.0223463687151,0.0,269,254,0.9442379182156134,0.8926258175999999,1.0578205330811323,0.0516121006156135,0.5,0.4721189591078067,generic handover model,1339
alarm_top_20pct,0.01206264164536399,0.2,724.0223463687151,0.0,269,254,0.9442379182156134,0.8926258175999999,1.0578205330811323,0.0516121006156135,0.75,0.70817843866171,generic handover model,1339
alarm_top_20pct,0.01206264164536399,0.2,724.0223463687151,0.0,269,254,0.9442379182156134,0.8926258175999999,1.0578205330811323,0.0516121006156135,1.0,0.9442379182156134,generic handover model,1339
alarm_top_20pct,0.01206264164536399,0.2,724.0223463687151,1.0,269,228,0.8475836431226765,0.8657822719999999,0.9789801322273743,-0.018198628877323375,0.25,0.21189591078066913,generic handover model,1339
alarm_top_20pct,0.01206264164536399,0.2,724.0223463687151,1.0,269,228,0.8475836431226765,0.8657822719999999,0.9789801322273743,-0.018198628877323375,0.5,0.42379182156133827,generic handover model,1339
alarm_top_20pct,0.01206264164536399,0.2,724.0223463687151,1.0,269,228,0.8475836431226765,0.8657822719999999,0.9789801322273743,-0.018198628877323375,0.75,0.6356877323420075,generic handover model,1339
alarm_top_20pct,0.01206264164536399,0.2,724.0223463687151,1.0,269,228,0.8475836431226765,0.8657822719999999,0.9789801322273743,-0.018198628877323375,1.0,0.8475836431226765,generic handover model,1339
alarm_top_20pct,0.01206264164536399,0.2,724.0223463687151,2.0,269,217,0.8066914498141264,0.8322278399999999,0.9693156261320536,-0.025536390185873503,0.25,0.2016728624535316,generic handover model,1339
alarm_top_20pct,0.01206264164536399,0.2,724.0223463687151,2.0,269,217,0.8066914498141264,0.8322278399999999,0.9693156261320536,-0.025536390185873503,0.5,0.4033457249070632,generic handover model,1339
alarm_top_20pct,0.01206264164536399,0.2,724.0223463687151,2.0,269,217,0.8066914498141264,0.8322278399999999,0.9693156261320536,-0.025536390185873503,0.75,0.6050185873605948,generic handover model,1339
alarm_top_20pct,0.01206264164536399,0.2,724.0223463687151,2.0,269,217,0.8066914498141264,0.8322278399999999,0.9693156261320536,-0.025536390185873503,1.0,0.8066914498141264,generic handover model,1339
alarm_top_20pct,0.01206264164536399,0.2,724.0223463687151,3.0,269,206,0.7657992565055762,0.7902847999999999,0.9690168107821083,-0.024485543494423667,0.25,0.19144981412639406,generic handover model,1339
alarm_top_20pct,0.01206264164536399,0.2,724.0223463687151,3.0,269,206,0.7657992565055762,0.7902847999999999,0.9690168107821083,-0.024485543494423667,0.5,0.3828996282527881,generic handover model,1339
alarm_top_20pct,0.01206264164536399,0.2,724.0223463687151,3.0,269,206,0.7657992565055762,0.7902847999999999,0.9690168107821083,-0.024485543494423667,0.75,0.5743494423791822,generic handover model,1339
alarm_top_20pct,0.01206264164536399,0.2,724.0223463687151,3.0,269,206,0.7657992565055762,0.7902847999999999,0.9690168107821083,-0.024485543494423667,1.0,0.7657992565055762,generic handover model,1339
alarm_top_20pct,0.01206264164536399,0.2,724.0223463687151,5.0,269,187,0.6951672862453532,0.6723199999999999,1.0339827556005374,0.02284728624535326,0.25,0.1737918215613383,generic handover model,1339
alarm_top_20pct,0.01206264164536399,0.2,724.0223463687151,5.0,269,187,0.6951672862453532,0.6723199999999999,1.0339827556005374,0.02284728624535326,0.5,0.3475836431226766,generic handover model,1339
alarm_top_20pct,0.01206264164536399,0.2,724.0223463687151,5.0,269,187,0.6951672862453532,0.6723199999999999,1.0339827556005374,0.02284728624535326,0.75,0.5213754646840149,generic handover model,1339
alarm_top_20pct,0.01206264164536399,0.2,724.0223463687151,5.0,269,187,0.6951672862453532,0.6723199999999999,1.0339827556005374,0.02284728624535326,1.0,0.6951672862453532,generic handover model,1339
alarm_top_40pct,0.002502592983529955,0.4,1448.0446927374303,0.0,269,263,0.9776951672862454,0.9939533824,0.9836428796343573,-0.01625821511375458,0.25,0.24442379182156135,generic handover model,1339
alarm_top_40pct,0.002502592983529955,0.4,1448.0446927374303,0.0,269,263,0.9776951672862454,0.9939533824,0.9836428796343573,-0.01625821511375458,0.5,0.4888475836431227,generic handover model,1339
alarm_top_40pct,0.002502592983529955,0.4,1448.0446927374303,0.0,269,263,0.9776951672862454,0.9939533824,0.9836428796343573,-0.01625821511375458,0.75,0.733271375464684,generic handover model,1339
alarm_top_40pct,0.002502592983529955,0.4,1448.0446927374303,0.0,269,263,0.9776951672862454,0.9939533824,0.9836428796343573,-0.01625821511375458,1.0,0.9776951672862454,generic handover model,1339
alarm_top_40pct,0.002502592983529955,0.4,1448.0446927374303,1.0,269,250,0.929368029739777,0.989922304,0.9388292656751543,-0.060554274260223084,0.25,0.23234200743494424,generic handover model,1339
alarm_top_40pct,0.002502592983529955,0.4,1448.0446927374303,1.0,269,250,0.929368029739777,0.989922304,0.9388292656751543,-0.060554274260223084,0.5,0.4646840148698885,generic handover model,1339
alarm_top_40pct,0.002502592983529955,0.4,1448.0446927374303,1.0,269,250,0.929368029739777,0.989922304,0.9388292656751543,-0.060554274260223084,0.75,0.6970260223048327,generic handover model,1339
alarm_top_40pct,0.002502592983529955,0.4,1448.0446927374303,1.0,269,250,0.929368029739777,0.989922304,0.9388292656751543,-0.060554274260223084,1.0,0.929368029739777,generic handover model,1339
alarm_top_40pct,0.002502592983529955,0.4,1448.0446927374303,2.0,269,240,0.8921933085501859,0.98320384,0.907434727421514,-0.09101053144981419,0.25,0.22304832713754646,generic handover model,1339
alarm_top_40pct,0.002502592983529955,0.4,1448.0446927374303,2.0,269,240,0.8921933085501859,0.98320384,0.907434727421514,-0.09101053144981419,0.5,0.44609665427509293,generic handover model,1339
alarm_top_40pct,0.002502592983529955,0.4,1448.0446927374303,2.0,269,240,0.8921933085501859,0.98320384,0.907434727421514,-0.09101053144981419,0.75,0.6691449814126395,generic handover model,1339
alarm_top_40pct,0.002502592983529955,0.4,1448.0446927374303,2.0,269,240,0.8921933085501859,0.98320384,0.907434727421514,-0.09101053144981419,1.0,0.8921933085501859,generic handover model,1339
alarm_top_40pct,0.002502592983529955,0.4,1448.0446927374303,3.0,269,233,0.8661710037174721,0.9720064,0.8911165643739302,-0.10583539628252792,0.25,0.21654275092936803,generic handover model,1339
alarm_top_40pct,0.002502592983529955,0.4,1448.0446927374303,3.0,269,233,0.8661710037174721,0.9720064,0.8911165643739302,-0.10583539628252792,0.5,0.43308550185873607,generic handover model,1339
alarm_top_40pct,0.002502592983529955,0.4,1448.0446927374303,3.0,269,233,0.8661710037174721,0.9720064,0.8911165643739302,-0.10583539628252792,0.75,0.6496282527881041,generic handover model,1339
alarm_top_40pct,0.002502592983529955,0.4,1448.0446927374303,3.0,269,233,0.8661710037174721,0.9720064,0.8911165643739302,-0.10583539628252792,1.0,0.8661710037174721,generic handover model,1339
alarm_top_40pct,0.002502592983529955,0.4,1448.0446927374303,5.0,269,212,0.7881040892193308,0.9222400000000001,0.8545542258190176,-0.13413591078066922,0.25,0.1970260223048327,generic handover model,1339
alarm_top_40pct,0.002502592983529955,0.4,1448.0446927374303,5.0,269,212,0.7881040892193308,0.9222400000000001,0.8545542258190176,-0.13413591078066922,0.5,0.3940520446096654,generic handover model,1339
alarm_top_40pct,0.002502592983529955,0.4,1448.0446927374303,5.0,269,212,0.7881040892193308,0.9222400000000001,0.8545542258190176,-0.13413591078066922,0.75,0.5910780669144982,generic handover model,1339
alarm_top_40pct,0.002502592983529955,0.4,1448.0446927374303,5.0,269,212,0.7881040892193308,0.9222400000000001,0.8545542258190176,-0.13413591078066922,1.0,0.7881040892193308,generic handover model,1339
