model,protocol,gate_mode,split,horizon_s,n,positive_rate,auprc,auprc_lift,auroc,brier,nll,ece,f1_best,f1_best_threshold,recall_at_fpr0.01,threshold_at_fpr0.01,recall_at_fpr0.05,threshold_at_fpr0.05,recall_at_fpr0.1,threshold_at_fpr0.1,precision_at_recall0.5,precision_at_recall0.8,note
departmental_q,theirs (capture -> capture),grid,10Sept->12Sept,0.5,726,0.06473829201101929,0.07678654078048486,1.1861069916304683,0.5877542067496004,0.3902569778531251,1.0382751504316674,0.5544785431599037,0.16077170418006428,0.689719391743625,0.0,0.9016779841768922,0.06382978723404255,0.8504639388141115,0.06382978723404255,0.8173199137825956,0.0946969696969697,0.07930367504835589,"Q(s,1)-Q(s,0), 1-NN lookup, no TTT filter"
departmental_q,theirs (capture -> capture),grid,10Sept->12Sept,1.0,726,0.11570247933884298,0.12328276912189387,1.0655153616963684,0.5521621421154131,0.37710743630892685,1.009078962701499,0.50351435583208,0.235640648011782,0.48353611664660173,0.0,0.9016779841768922,0.023809523809523808,0.8529135302173697,0.047619047619047616,0.8188052198510021,0.14285714285714285,0.13445378151260504,"Q(s,1)-Q(s,0), 1-NN lookup, no TTT filter"
departmental_q,theirs (capture -> capture),grid,10Sept->12Sept,2.0,721,0.20804438280166435,0.24147404979113324,1.1606852659960472,0.5801284296555751,0.3453987530590898,0.9191544158465049,0.4106456071508529,0.37567567567567567,0.48353611664660173,0.006666666666666667,0.9016779841768922,0.05333333333333334,0.8504639388141115,0.07333333333333333,0.8188052198510021,0.26804123711340205,0.240234375,"Q(s,1)-Q(s,0), 1-NN lookup, no TTT filter"
departmental_q,theirs (capture -> capture),grid,10Sept->12Sept,3.0,716,0.276536312849162,0.2909503787103556,1.0521235917000737,0.5478189228189227,0.3313888196177365,0.8886899448906616,0.3425443646442137,0.45605700712589076,0.4304926640777743,0.005050505050505051,0.9016779841768922,0.03535353535353535,0.8557260077308192,0.06060606060606061,0.8205630332170607,0.31336405529953915,0.30592734225621415,"Q(s,1)-Q(s,0), 1-NN lookup, no TTT filter"
departmental_q,theirs (capture -> capture),grid,10Sept->12Sept,5.0,706,0.37252124645892354,0.3991588543339101,1.0715062781739182,0.5564677406895605,0.30236160277628527,0.8217225075867125,0.2466172954400859,0.5679287305122495,0.4304926640777743,0.015209125475285171,0.8948903608028909,0.049429657794676805,0.8504639388141115,0.07604562737642585,0.8196292755612308,0.41916167664670656,0.41005802707930367,"Q(s,1)-Q(s,0), 1-NN lookup, no TTT filter"
departmental_q_ttt,theirs (capture -> capture),grid,10Sept->12Sept,0.5,726,0.06473829201101929,0.06473829201101929,1.0,0.4955817378497791,0.06732927800036154,1.0502720985059997,0.06930230190225961,0.12160413971539456,0.0,0.0,0.4066081060450628,0.0,0.4066081060450628,0.0,0.4066081060450628,0.06473829201101929,0.06473829201101929,their evaluation: TTT filter over the following 1.0s (uses future samples)
departmental_q_ttt,theirs (capture -> capture),grid,10Sept->12Sept,1.0,726,0.11570247933884298,0.11570247933884298,1.0,0.4953271028037383,0.11829346532818523,1.871717739532801,0.1202664892300833,0.2074074074074074,0.0,0.0,0.4066081060450628,0.0,0.4066081060450628,0.0,0.4066081060450628,0.11570247933884298,0.11570247933884298,their evaluation: TTT filter over the following 1.0s (uses future samples)
departmental_q_ttt,theirs (capture -> capture),grid,10Sept->12Sept,2.0,721,0.20804438280166435,0.20804438280166435,1.0,0.4947460595446585,0.21065333679370662,3.3601406168711,0.21264004324693545,0.34443168771526983,0.0,0.0,0.4934719511678445,0.0,0.4066081060450628,0.0,0.4066081060450628,0.20804438280166435,0.20804438280166435,their evaluation: TTT filter over the following 1.0s (uses future samples)
departmental_q_ttt,theirs (capture -> capture),grid,10Sept->12Sept,3.0,716,0.276536312849162,0.276536312849162,1.0,0.4942084942084942,0.2791634857936626,4.464148003785003,0.28116406589530796,0.43326039387308535,0.0,0.0,0.4934719511678445,0.0,0.4066081060450628,0.0,0.4066081060450628,0.276536312849162,0.276536312849162,their evaluation: TTT filter over the following 1.0s (uses future samples)
departmental_q_ttt,theirs (capture -> capture),grid,10Sept->12Sept,5.0,706,0.37252124645892354,0.37252124645892354,1.0,0.4932279909706546,0.37518563148479106,6.01134019904016,0.3772145484150714,0.542827657378741,0.0,0.0,0.6399730575532391,0.0,0.4066081060450628,0.0,0.4066081060450628,0.37252124645892354,0.37252124645892354,their evaluation: TTT filter over the following 1.0s (uses future samples)
departmental_gate,theirs (capture -> capture),grid,10Sept->12Sept,0.5,726,0.06473829201101929,0.06473829201101929,1.0,0.4955817378497791,0.07300275482093664,1.1766654776913947,0.07300275482093664,0.12160413971539456,0.0,0.0,1.0,0.0,1.0,0.0,1.0,0.06473829201101929,0.06473829201101929,their gate alone (grid): neighbour >= serving + 3.0 dB
departmental_gate,theirs (capture -> capture),grid,10Sept->12Sept,1.0,726,0.11570247933884298,0.11570247933884298,1.0,0.4953271028037383,0.12396694214876033,1.998111118718196,0.12396694214876033,0.2074074074074074,0.0,0.0,1.0,0.0,1.0,0.0,1.0,0.11570247933884298,0.11570247933884298,their gate alone (grid): neighbour >= serving + 3.0 dB
departmental_gate,theirs (capture -> capture),grid,10Sept->12Sept,2.0,721,0.20804438280166435,0.20804438280166435,1.0,0.4947460595446585,0.21636615811373092,3.4874105104752555,0.21636615811373092,0.34443168771526983,0.0,0.0,inf,0.0,1.0,0.0,1.0,0.20804438280166435,0.20804438280166435,their gate alone (grid): neighbour >= serving + 3.0 dB
departmental_gate,theirs (capture -> capture),grid,10Sept->12Sept,3.0,716,0.276536312849162,0.276536312849162,1.0,0.4942084942084942,0.2849162011173184,4.592306653629412,0.28491620111731847,0.43326039387308535,0.0,0.0,inf,0.0,1.0,0.0,1.0,0.276536312849162,0.276536312849162,their gate alone (grid): neighbour >= serving + 3.0 dB
departmental_gate,theirs (capture -> capture),grid,10Sept->12Sept,5.0,706,0.37252124645892354,0.37252124645892354,1.0,0.4932279909706546,0.3810198300283286,6.141314127210976,0.38101983002832857,0.542827657378741,0.0,0.0,inf,0.0,1.0,0.0,1.0,0.37252124645892354,0.37252124645892354,their gate alone (grid): neighbour >= serving + 3.0 dB
reward_only_control,theirs (capture -> capture),grid,10Sept->12Sept,0.5,726,0.06473829201101929,0.09703295306569541,1.4988494452275505,0.6711058189452574,0.10571280991735538,0.48358767416915005,0.16646005509641867,0.17857142857142858,0.35,0.0,1.0,0.0,1.0,0.0,1.0,0.09846827133479212,0.09846827133479212,"rank by r(s,1) - r(s,0) directly; no Q-learning"
reward_only_control,theirs (capture -> capture),grid,10Sept->12Sept,1.0,726,0.11570247933884298,0.17222840815440774,1.4885455276202382,0.6781263907432131,0.12293044077134986,0.5578336292602444,0.12100550964187322,0.29574861367837335,0.35,0.0,1.0,0.0,1.0,0.0,1.0,0.175054704595186,0.175054704595186,"rank by r(s,1) - r(s,0) directly; no Q-learning"
reward_only_control,theirs (capture -> capture),grid,10Sept->12Sept,2.0,721,0.20804438280166435,0.28702915894427194,1.3796534906588005,0.6635143023934618,0.16204576976421636,0.8733405882495298,0.061165048543689315,0.4451827242524917,0.35,0.0,inf,0.0,1.0,0.0,1.0,0.29646017699115046,0.29646017699115046,"rank by r(s,1) - r(s,0) directly; no Q-learning"
reward_only_control,theirs (capture -> capture),grid,10Sept->12Sept,3.0,716,0.276536312849162,0.3680938779266551,1.3310869525024498,0.6604071604071604,0.19318784916201115,1.1560449040768443,0.06934357541899443,0.5302325581395348,0.35,0.0,inf,0.0,1.0,0.0,1.0,0.3825503355704698,0.3825503355704698,"rank by r(s,1) - r(s,0) directly; no Q-learning"
reward_only_control,theirs (capture -> capture),grid,10Sept->12Sept,5.0,706,0.37252124645892354,0.4772396508480282,1.2811071996148589,0.661657039370349,0.23965651558073658,1.6184715083150683,0.1673512747875354,0.6228571428571429,0.35,0.0,inf,0.0,1.0,0.0,1.0,0.4988558352402746,0.4988558352402746,"rank by r(s,1) - r(s,0) directly; no Q-learning"
ours_lgbm,theirs (capture -> capture),grid,10Sept->12Sept,0.5,726,0.06473829201101929,0.37990776966213485,5.868362569674678,0.8342681665778837,0.05273354663895615,0.2556456008252929,0.050176253583311486,0.5274725274725275,0.2801314389540379,0.14893617021276595,0.8432871121059397,0.5531914893617021,0.10323779754225106,0.6595744680851063,0.015771261817908836,0.5454545454545454,0.20994475138121546,"same rows, same labels, 107 features"
ours_lgbm,theirs (capture -> capture),grid,10Sept->12Sept,1.0,726,0.11570247933884298,0.7678166695403836,6.636129786741887,0.9085447263017357,0.05137631086447677,0.25717700701674623,0.04651977044731524,0.7234042553191489,0.6646270418374352,0.6071428571428571,0.6646270418374352,0.6904761904761905,0.08701198997582447,0.75,0.029537920578434372,0.9545454545454546,0.40718562874251496,"same rows, same labels, 107 features"
ours_lgbm,theirs (capture -> capture),grid,10Sept->12Sept,2.0,721,0.20804438280166435,0.6571390736598093,3.1586484807248167,0.7975248102743724,0.12632641449150894,0.4644861210683774,0.09639777130150137,0.5705128205128205,0.33729570775255174,0.38,0.8802402985831519,0.46,0.6184022760708305,0.5266666666666666,0.43227689707908307,0.625,0.36363636363636365,"same rows, same labels, 107 features"
ours_lgbm,theirs (capture -> capture),grid,10Sept->12Sept,3.0,716,0.276536312849162,0.6522872774082511,2.3587762152742817,0.7588822588822589,0.16791545993058327,0.5589432417692481,0.11558676242847099,0.5686746987951807,0.3430078997446971,0.2777777777777778,0.9100886812882081,0.3939393939393939,0.752551684949157,0.47474747474747475,0.5687534048136633,0.6428571428571429,0.3803827751196172,"same rows, same labels, 107 features"
ours_lgbm,theirs (capture -> capture),grid,10Sept->12Sept,5.0,706,0.37252124645892354,0.6066636772066187,1.6285344338702388,0.697250856157035,0.23226849305495906,0.7772170978062717,0.17520855762890475,0.5918003565062389,0.34251901772197807,0.053231939163498096,0.9952722853446967,0.2509505703422053,0.911951703756895,0.38022813688212925,0.7755954472418535,0.6346153846153846,0.43775933609958506,"same rows, same labels, 107 features"
ours_lgbm_5feat,theirs (capture -> capture),grid,10Sept->12Sept,0.5,726,0.06473829201101929,0.2055765111495462,3.175501002012139,0.7198320433679065,0.07876789550115638,0.3109396429041142,0.07143067653540854,0.2838709677419355,0.16304301247226763,0.10638297872340426,0.9109650798916499,0.23404255319148937,0.541836057789139,0.3404255319148936,0.24547287412128874,0.14457831325301204,0.09004739336492891,"our learner on their 5-D state, to separate method from features"
ours_lgbm_5feat,theirs (capture -> capture),grid,10Sept->12Sept,1.0,726,0.11570247933884298,0.40933813110846484,3.5378509902945887,0.7440198041833557,0.10426356425392411,0.38750046378097974,0.08463232427083964,0.3884892086330935,0.6168345524099849,0.17857142857142858,0.9177461562157347,0.32142857142857145,0.6168345524099849,0.40476190476190477,0.4051471820123909,0.30201342281879195,0.16790123456790124,"our learner on their 5-D state, to separate method from features"
ours_lgbm_5feat,theirs (capture -> capture),grid,10Sept->12Sept,2.0,721,0.20804438280166435,0.5040018047042623,2.4225686746118207,0.74241097489784,0.1582848074981886,0.4948820573380347,0.1174546774875559,0.47840531561461797,0.4942144337989084,0.18,0.8549234696294272,0.2866666666666667,0.7015407994935502,0.3933333333333333,0.5895953380016007,0.423728813559322,0.32085561497326204,"our learner on their 5-D state, to separate method from features"
ours_lgbm_5feat,theirs (capture -> capture),grid,10Sept->12Sept,3.0,716,0.276536312849162,0.5406808624665451,1.9551893814446781,0.7443791193791194,0.1801847950443617,0.5449719082483012,0.09265346336205886,0.5441441441441441,0.2394363973507292,0.09595959595959595,0.9079411880277996,0.24242424242424243,0.728005969259691,0.3282828282828283,0.6481353024288544,0.5380434782608695,0.3935643564356436,"our learner on their 5-D state, to separate method from features"
ours_lgbm_5feat,theirs (capture -> capture),grid,10Sept->12Sept,5.0,706,0.37252124645892354,0.6309599581180279,1.6937556290164548,0.7263215717240729,0.20789970286354884,0.6149814079302307,0.09144373502712481,0.630057803468208,0.2758251161323326,0.1444866920152091,0.879086196879888,0.22433460076045628,0.7902535122792267,0.3269961977186312,0.715280933671932,0.5872340425531914,0.5084337349397591,"our learner on their 5-D state, to separate method from features"
departmental_q,theirs (capture -> capture),grid,13Sept->12Sept,0.5,726,0.06473829201101929,0.1103632348599757,1.704759755496646,0.6584307335568577,0.42822130198255176,1.1896933602012203,0.5921362750026614,0.19318181818181818,0.6918532095019667,0.0425531914893617,0.9758915741441365,0.0851063829787234,0.9145486690684773,0.14893617021276595,0.8815554220797942,0.11363636363636363,0.09359605911330049,"Q(s,1)-Q(s,0), 1-NN lookup, no TTT filter"
departmental_q,theirs (capture -> capture),grid,13Sept->12Sept,1.0,726,0.11570247933884298,0.1521618488674813,1.3151131223546597,0.6090806260198783,0.41001869230077936,1.1472673150672352,0.5411720876748377,0.2582278481012658,0.6911521793811216,0.023809523809523808,0.9758915741441365,0.047619047619047616,0.9155913455955784,0.11904761904761904,0.8815554220797942,0.17063492063492064,0.13682092555331993,"Q(s,1)-Q(s,0), 1-NN lookup, no TTT filter"
departmental_q,theirs (capture -> capture),grid,13Sept->12Sept,2.0,721,0.20804438280166435,0.28683338183732865,1.3787124553647598,0.657098657326328,0.36441515090964327,1.0199086446445775,0.4483204600249594,0.4289044289044289,0.7056487899047705,0.02,0.9758915741441365,0.04666666666666667,0.917857463536657,0.13333333333333333,0.8796591788763723,0.34,0.27313769751693,"Q(s,1)-Q(s,0), 1-NN lookup, no TTT filter"
departmental_q,theirs (capture -> capture),grid,13Sept->12Sept,3.0,716,0.276536312849162,0.3638535698380195,1.315753313151626,0.643047268047268,0.33885109787430445,0.9407548335773465,0.37878121427546185,0.49190938511326865,0.6202702449401157,0.020202020202020204,0.9758915741441365,0.045454545454545456,0.917857463536657,0.11616161616161616,0.8796591788763723,0.42857142857142855,0.34868421052631576,"Q(s,1)-Q(s,0), 1-NN lookup, no TTT filter"
departmental_q,theirs (capture -> capture),grid,13Sept->12Sept,5.0,706,0.37252124645892354,0.44532053515112086,1.1954231856147959,0.6062879262546241,0.31297523794815524,0.87526445226713,0.2832320289209405,0.5604519774011298,0.4767144846500472,0.019011406844106463,0.9758915741441365,0.045627376425855515,0.9155913455955784,0.09885931558935361,0.8815554220797942,0.49070631970260226,0.40458015267175573,"Q(s,1)-Q(s,0), 1-NN lookup, no TTT filter"
departmental_q_ttt,theirs (capture -> capture),grid,13Sept->12Sept,0.5,726,0.06473829201101929,0.06473829201101929,1.0,0.4955817378497791,0.06774034644876543,1.0510928107133959,0.06971460482149615,0.12160413971539456,0.0,0.0,0.5759916701675252,0.0,0.5759916701675252,0.0,0.5759916701675252,0.06473829201101929,0.06473829201101929,their evaluation: TTT filter over the following 1.0s (uses future samples)
departmental_q_ttt,theirs (capture -> capture),grid,13Sept->12Sept,1.0,726,0.11570247933884298,0.11570247933884298,1.0,0.4953271028037383,0.11870453377658911,1.8725384517401973,0.12067879214931984,0.2074074074074074,0.0,0.0,0.5759916701675252,0.0,0.5759916701675252,0.0,0.5759916701675252,0.11570247933884298,0.11570247933884298,their evaluation: TTT filter over the following 1.0s (uses future samples)
departmental_q_ttt,theirs (capture -> capture),grid,13Sept->12Sept,2.0,721,0.20804438280166435,0.20804438280166435,1.0,0.4947460595446585,0.21106725592483175,3.360967020563984,0.21305520540971734,0.34443168771526983,0.0,0.0,0.6282760299678746,0.0,0.5759916701675252,0.0,0.5759916701675252,0.20804438280166435,0.20804438280166435,their evaluation: TTT filter over the following 1.0s (uses future samples)
departmental_q_ttt,theirs (capture -> capture),grid,13Sept->12Sept,3.0,716,0.276536312849162,0.276536312849162,1.0,0.4942084942084942,0.2795802954215135,4.464980178453397,0.2815821272352042,0.43326039387308535,0.0,0.0,0.6282760299678746,0.0,0.5759916701675252,0.0,0.5759916701675252,0.276536312849162,0.276536312849162,their evaluation: TTT filter over the following 1.0s (uses future samples)
departmental_q_ttt,theirs (capture -> capture),grid,13Sept->12Sept,5.0,706,0.37252124645892354,0.37252124645892354,1.0,0.4932279909706546,0.3756083449317333,6.01218416088516,0.37763853130369146,0.542827657378741,0.0,0.0,0.6282760299678746,0.0,0.5759916701675252,0.0,0.5759916701675252,0.37252124645892354,0.37252124645892354,their evaluation: TTT filter over the following 1.0s (uses future samples)
departmental_gate,theirs (capture -> capture),grid,13Sept->12Sept,0.5,726,0.06473829201101929,0.06473829201101929,1.0,0.4955817378497791,0.07300275482093664,1.1766654776913947,0.07300275482093664,0.12160413971539456,0.0,0.0,1.0,0.0,1.0,0.0,1.0,0.06473829201101929,0.06473829201101929,their gate alone (grid): neighbour >= serving + 3.0 dB
departmental_gate,theirs (capture -> capture),grid,13Sept->12Sept,1.0,726,0.11570247933884298,0.11570247933884298,1.0,0.4953271028037383,0.12396694214876033,1.998111118718196,0.12396694214876033,0.2074074074074074,0.0,0.0,1.0,0.0,1.0,0.0,1.0,0.11570247933884298,0.11570247933884298,their gate alone (grid): neighbour >= serving + 3.0 dB
departmental_gate,theirs (capture -> capture),grid,13Sept->12Sept,2.0,721,0.20804438280166435,0.20804438280166435,1.0,0.4947460595446585,0.21636615811373092,3.4874105104752555,0.21636615811373092,0.34443168771526983,0.0,0.0,inf,0.0,1.0,0.0,1.0,0.20804438280166435,0.20804438280166435,their gate alone (grid): neighbour >= serving + 3.0 dB
departmental_gate,theirs (capture -> capture),grid,13Sept->12Sept,3.0,716,0.276536312849162,0.276536312849162,1.0,0.4942084942084942,0.2849162011173184,4.592306653629412,0.28491620111731847,0.43326039387308535,0.0,0.0,inf,0.0,1.0,0.0,1.0,0.276536312849162,0.276536312849162,their gate alone (grid): neighbour >= serving + 3.0 dB
departmental_gate,theirs (capture -> capture),grid,13Sept->12Sept,5.0,706,0.37252124645892354,0.37252124645892354,1.0,0.4932279909706546,0.3810198300283286,6.141314127210976,0.38101983002832857,0.542827657378741,0.0,0.0,inf,0.0,1.0,0.0,1.0,0.37252124645892354,0.37252124645892354,their gate alone (grid): neighbour >= serving + 3.0 dB
reward_only_control,theirs (capture -> capture),grid,13Sept->12Sept,0.5,726,0.06473829201101929,0.09703295306569541,1.4988494452275505,0.6711058189452574,0.10571280991735538,0.48358767416915005,0.16646005509641867,0.17857142857142858,0.35,0.0,1.0,0.0,1.0,0.0,1.0,0.09846827133479212,0.09846827133479212,"rank by r(s,1) - r(s,0) directly; no Q-learning"
reward_only_control,theirs (capture -> capture),grid,13Sept->12Sept,1.0,726,0.11570247933884298,0.17222840815440774,1.4885455276202382,0.6781263907432131,0.12293044077134986,0.5578336292602444,0.12100550964187322,0.29574861367837335,0.35,0.0,1.0,0.0,1.0,0.0,1.0,0.175054704595186,0.175054704595186,"rank by r(s,1) - r(s,0) directly; no Q-learning"
reward_only_control,theirs (capture -> capture),grid,13Sept->12Sept,2.0,721,0.20804438280166435,0.28702915894427194,1.3796534906588005,0.6635143023934618,0.16204576976421636,0.8733405882495298,0.061165048543689315,0.4451827242524917,0.35,0.0,inf,0.0,1.0,0.0,1.0,0.29646017699115046,0.29646017699115046,"rank by r(s,1) - r(s,0) directly; no Q-learning"
reward_only_control,theirs (capture -> capture),grid,13Sept->12Sept,3.0,716,0.276536312849162,0.3680938779266551,1.3310869525024498,0.6604071604071604,0.19318784916201115,1.1560449040768443,0.06934357541899443,0.5302325581395348,0.35,0.0,inf,0.0,1.0,0.0,1.0,0.3825503355704698,0.3825503355704698,"rank by r(s,1) - r(s,0) directly; no Q-learning"
reward_only_control,theirs (capture -> capture),grid,13Sept->12Sept,5.0,706,0.37252124645892354,0.4772396508480282,1.2811071996148589,0.661657039370349,0.23965651558073658,1.6184715083150683,0.1673512747875354,0.6228571428571429,0.35,0.0,inf,0.0,1.0,0.0,1.0,0.4988558352402746,0.4988558352402746,"rank by r(s,1) - r(s,0) directly; no Q-learning"
ours_lgbm,theirs (capture -> capture),grid,13Sept->12Sept,0.5,726,0.06473829201101929,0.4026014775474026,6.2189079297747725,0.8796101902046187,0.05245957467964165,0.25804586291343984,0.04993970599723293,0.5825242718446602,0.2639409755689419,0.14893617021276595,0.9777154561714505,0.6382978723404256,0.2639409755689419,0.7021276595744681,0.020489798223819407,0.5625,0.16412213740458015,"same rows, same labels, 107 features"
ours_lgbm,theirs (capture -> capture),grid,13Sept->12Sept,1.0,726,0.11570247933884298,0.7407983428103735,6.402614248575371,0.8741840973149384,0.0507063250666139,0.27805665530406926,0.04876187724778589,0.7310344827586208,0.3792883843948045,0.6071428571428571,0.661525274499206,0.6547619047619048,0.100601639696185,0.7261904761904762,0.03143513941270853,0.9791666666666666,0.29955947136563876,"same rows, same labels, 107 features"
ours_lgbm,theirs (capture -> capture),grid,13Sept->12Sept,2.0,721,0.20804438280166435,0.6703482098422521,3.222140395308425,0.8129246935201401,0.12014303446100537,0.4872595721221339,0.09192866138206347,0.6106870229007633,0.3988555721650261,0.35333333333333333,0.8761572516788481,0.5,0.4556102567388178,0.5666666666666667,0.2736699734350217,0.7281553398058253,0.3409090909090909,"same rows, same labels, 107 features"
ours_lgbm,theirs (capture -> capture),grid,13Sept->12Sept,3.0,716,0.276536312849162,0.6788150116000905,2.4547047894225495,0.7936020436020434,0.15665887473020368,0.5773787495100248,0.11224055212974925,0.6356589147286822,0.3417748257698187,0.24242424242424243,0.9599255625224089,0.3939393939393939,0.7644232152900288,0.5656565656565656,0.4804119491859124,0.6917808219178082,0.40100250626566414,"same rows, same labels, 107 features"
ours_lgbm,theirs (capture -> capture),grid,13Sept->12Sept,5.0,706,0.37252124645892354,0.687594052715949,1.84578479550365,0.7498219021706478,0.21492941444614727,0.7142832563533308,0.15712748466884405,0.6184615384615385,0.16305885687851296,0.20152091254752852,0.9727395357178547,0.33840304182509506,0.8965451401213117,0.4296577946768061,0.8024257613056521,0.6716417910447762,0.4817351598173516,"same rows, same labels, 107 features"
ours_lgbm_5feat,theirs (capture -> capture),grid,13Sept->12Sept,0.5,726,0.06473829201101929,0.2382201716995515,3.679741375614349,0.7627612571679252,0.07986138719191724,0.3377281651651758,0.0814203412112617,0.339622641509434,0.5011156535044209,0.0851063829787234,0.9813317242828565,0.3191489361702128,0.6055418455975632,0.40425531914893614,0.3060819697187323,0.1791044776119403,0.13286713286713286,"our learner on their 5-D state, to separate method from features"
ours_lgbm_5feat,theirs (capture -> capture),grid,13Sept->12Sept,1.0,726,0.11570247933884298,0.4527647846084977,3.91318135268773,0.7660862631657024,0.1166307512344182,0.4279753704397861,0.11888297505242124,0.452054794520548,0.7324922374485049,0.21428571428571427,0.9755146574753057,0.39285714285714285,0.7324922374485049,0.4523809523809524,0.5543842449655284,0.34146341463414637,0.18888888888888888,"our learner on their 5-D state, to separate method from features"
ours_lgbm_5feat,theirs (capture -> capture),grid,13Sept->12Sept,2.0,721,0.20804438280166435,0.4914578544588306,2.362274087098779,0.7499241097489784,0.18595735397850555,0.5828574269408906,0.15629108006595469,0.48041775456919056,0.41735197909227184,0.12,0.9679748744123363,0.24,0.9045150114870083,0.37333333333333335,0.7636307001347475,0.45180722891566266,0.3288409703504043,"our learner on their 5-D state, to separate method from features"
ours_lgbm_5feat,theirs (capture -> capture),grid,13Sept->12Sept,3.0,716,0.276536312849162,0.5440423243399595,1.96734497084551,0.7396601146601146,0.21013521239994218,0.6245140153827501,0.1596232026059937,0.5401929260450161,0.18139545587296035,0.12121212121212122,0.9454140866583208,0.24242424242424243,0.8929608504664173,0.3484848484848485,0.8091706757525532,0.4900990099009901,0.4004914004914005,"our learner on their 5-D state, to separate method from features"
ours_lgbm_5feat,theirs (capture -> capture),grid,13Sept->12Sept,5.0,706,0.37252124645892354,0.6011680231184117,1.613781841526991,0.7184123114952492,0.23389556716313029,0.6930190748938589,0.1667230491956611,0.6077032810271041,0.2682109277392967,0.06463878326996197,0.9654037989173809,0.20152091254752852,0.9102487760450639,0.3269961977186312,0.8401183668483924,0.5708333333333333,0.4863013698630137,"our learner on their 5-D state, to separate method from features"
departmental_q,ours (grouped drive K-fold),grid,fold0,0.5,649,0.06471494607087827,0.06507039472111464,1.005492527952462,0.45075311838079546,0.44229717543383734,1.2433831800187412,0.6009909925660719,0.12202380952380952,0.47382301397966753,0.0,0.9474849111696655,0.047619047619047616,0.9318855615004897,0.047619047619047616,0.9318855615004897,0.06507936507936508,0.06507936507936508,"Q(s,1)-Q(s,0), 1-NN lookup, no TTT filter"
departmental_q,ours (grouped drive K-fold),grid,fold0,1.0,649,0.1263482280431433,0.13496089567992295,1.0681661133691462,0.48727792833483896,0.41998684415825815,1.1881075342274021,0.5393577105938069,0.22752808988764042,0.47382301397966753,0.012195121951219513,0.9474849111696655,0.036585365853658534,0.9318855615004897,0.036585365853658534,0.9318855615004897,0.12857142857142856,0.12857142857142856,"Q(s,1)-Q(s,0), 1-NN lookup, no TTT filter"
departmental_q,ours (grouped drive K-fold),grid,fold0,2.0,646,0.22445820433436534,0.23335382856373027,1.039631539670136,0.4758551861793654,0.3909835720465397,1.0959515433520566,0.44241758193108605,0.37046632124352324,0.47382301397966753,0.020689655172413793,0.9461008581918104,0.05517241379310345,0.9318855615004897,0.05517241379310345,0.9318855615004897,0.22937293729372937,0.22937293729372937,"Q(s,1)-Q(s,0), 1-NN lookup, no TTT filter"
departmental_q,ours (grouped drive K-fold),grid,fold0,3.0,642,0.3037383177570093,0.3251652986797019,1.070544214114711,0.4818734583835255,0.36302326626643666,1.0237035752576273,0.36341779887129666,0.46943765281173594,0.47382301397966753,0.041025641025641026,0.938687138864758,0.06153846153846154,0.9318855615004897,0.15897435897435896,0.9096481821734237,0.3089700996677741,0.3089700996677741,"Q(s,1)-Q(s,0), 1-NN lookup, no TTT filter"
departmental_q,ours (grouped drive K-fold),grid,fold0,5.0,631,0.4152139461172742,0.4402281846926315,1.060244215805536,0.498888061399698,0.323111172206607,0.9501209072076162,0.2535435329923377,0.5903890160183066,0.47382301397966753,0.03435114503816794,0.938687138864758,0.05343511450381679,0.9318855615004897,0.13740458015267176,0.8663639598653203,0.4230118443316413,0.4230118443316413,"Q(s,1)-Q(s,0), 1-NN lookup, no TTT filter"
departmental_q_ttt,ours (grouped drive K-fold),grid,fold0,0.5,649,0.06471494607087827,0.06471494607087827,1.0,0.49917627677100496,0.0652941376544049,1.0445449534899771,0.06565963488450235,0.1215629522431259,0.0,0.0,0.6131030400420272,0.0,0.6131030400420272,0.0,0.6131030400420272,0.06471494607087827,0.06471494607087827,their evaluation: TTT filter over the following 1.0s (uses future samples)
departmental_q_ttt,ours (grouped drive K-fold),grid,fold0,1.0,649,0.1263482280431433,0.1263482280431433,1.0,0.4991181657848325,0.12692741962666992,2.0379560814381015,0.12729291685676739,0.2243502051983584,0.0,0.0,0.6131030400420272,0.0,0.6131030400420272,0.0,0.6131030400420272,0.1263482280431433,0.1263482280431433,their evaluation: TTT filter over the following 1.0s (uses future samples)
departmental_q_ttt,ours (grouped drive K-fold),grid,fold0,2.0,646,0.22445820433436534,0.22445820433436534,1.0,0.5,0.22445820433436534,3.617838884657832,0.22445820433436534,0.36662452591656136,0.0,0.0,inf,0.0,inf,0.0,inf,0.22445820433436534,0.22445820433436534,their evaluation: TTT filter over the following 1.0s (uses future samples)
departmental_q_ttt,ours (grouped drive K-fold),grid,fold0,3.0,642,0.3037383177570093,0.3037383177570093,1.0,0.5,0.3037383177570093,4.895683328094822,0.3037383177570093,0.4659498207885305,0.0,0.0,inf,0.0,inf,0.0,inf,0.3037383177570093,0.3037383177570093,their evaluation: TTT filter over the following 1.0s (uses future samples)
departmental_q_ttt,ours (grouped drive K-fold),grid,fold0,5.0,631,0.4152139461172742,0.4152139461172742,1.0,0.5,0.4152139461172742,6.692458157608689,0.4152139461172742,0.5867861142217246,0.0,0.0,inf,0.0,inf,0.0,inf,0.4152139461172742,0.4152139461172742,their evaluation: TTT filter over the following 1.0s (uses future samples)
departmental_gate,ours (grouped drive K-fold),grid,fold0,0.5,649,0.06471494607087827,0.06471494607087827,1.0,0.49917627677100496,0.0662557781201849,1.0679170625450496,0.06625577812018489,0.1215629522431259,0.0,0.0,1.0,0.0,1.0,0.0,1.0,0.06471494607087827,0.06471494607087827,their gate alone (grid): neighbour >= serving + 3.0 dB
departmental_gate,ours (grouped drive K-fold),grid,fold0,1.0,649,0.1263482280431433,0.1263482280431433,1.0,0.4991181657848325,0.12788906009244994,2.061328190493174,0.12788906009244994,0.2243502051983584,0.0,0.0,1.0,0.0,1.0,0.0,1.0,0.1263482280431433,0.1263482280431433,their gate alone (grid): neighbour >= serving + 3.0 dB
departmental_gate,ours (grouped drive K-fold),grid,fold0,2.0,646,0.22445820433436534,0.22445820433436534,1.0,0.5,0.22445820433436534,3.617838884657832,0.22445820433436534,0.36662452591656136,0.0,0.0,inf,0.0,inf,0.0,inf,0.22445820433436534,0.22445820433436534,their gate alone (grid): neighbour >= serving + 3.0 dB
departmental_gate,ours (grouped drive K-fold),grid,fold0,3.0,642,0.3037383177570093,0.3037383177570093,1.0,0.5,0.3037383177570093,4.895683328094822,0.3037383177570093,0.4659498207885305,0.0,0.0,inf,0.0,inf,0.0,inf,0.3037383177570093,0.3037383177570093,their gate alone (grid): neighbour >= serving + 3.0 dB
departmental_gate,ours (grouped drive K-fold),grid,fold0,5.0,631,0.4152139461172742,0.4152139461172742,1.0,0.5,0.4152139461172742,6.692458157608689,0.4152139461172742,0.5867861142217246,0.0,0.0,inf,0.0,inf,0.0,inf,0.4152139461172742,0.4152139461172742,their gate alone (grid): neighbour >= serving + 3.0 dB
reward_only_control,ours (grouped drive K-fold),grid,fold0,0.5,649,0.06471494607087827,0.08749984865545506,1.3520809946997698,0.6357378206636857,0.1313654828152657,0.4419940758167372,0.24121025353690997,0.162839248434238,0.4090909090909091,0.0,1.0,0.0,1.0,0.0,1.0,0.08924485125858124,0.08924485125858124,"rank by r(s,1) - r(s,0) directly; no Q-learning"
reward_only_control,ours (grouped drive K-fold),grid,fold0,1.0,649,0.1263482280431433,0.16516144057957236,1.30719237727003,0.63040392308685,0.14747418151256225,0.47956463478338807,0.17957697156464494,0.2851637764932563,0.4090909090909091,0.0,1.0,0.0,1.0,0.0,1.0,0.16933638443935928,0.16933638443935928,"rank by r(s,1) - r(s,0) directly; no Q-learning"
reward_only_control,ours (grouped drive K-fold),grid,fold0,2.0,646,0.22445820433436534,0.27451850647390913,1.2230272771182433,0.6139101108128571,0.1776155873397641,0.5330059932804919,0.08879819870531945,0.42487046632124353,0.4090909090909091,0.0,inf,0.0,inf,0.0,inf,0.2834101382488479,0.2834101382488479,"rank by r(s,1) - r(s,0) directly; no Q-learning"
reward_only_control,ours (grouped drive K-fold),grid,fold0,3.0,642,0.3037383177570093,0.3592009109598723,1.182599922237118,0.6073251878621005,0.20497348163023607,0.6015384817215925,0.050198244123477745,0.5111821086261981,0.4090909090909091,0.0,inf,0.0,inf,0.0,inf,0.37122969837587005,0.37122969837587005,"rank by r(s,1) - r(s,0) directly; no Q-learning"
reward_only_control,ours (grouped drive K-fold),grid,fold0,5.0,631,0.4152139461172742,0.47733777197085564,1.1496188324946943,0.6078011543474214,0.2440963445141517,0.6998238649362932,0.110646880852903,0.60932944606414,0.4090909090909091,0.0,inf,0.0,inf,0.0,inf,0.49292452830188677,0.4158730158730159,"rank by r(s,1) - r(s,0) directly; no Q-learning"
ours_lgbm,ours (grouped drive K-fold),grid,fold0,0.5,649,0.06471494607087827,0.3723652465725725,5.753929643466656,0.894602651604299,0.05677843257536833,0.2558115023022756,0.0512693430963858,0.5631067961165048,0.3521020809744519,0.023809523809523808,0.9859175735850544,0.6428571428571429,0.47811198967500473,0.7380952380952381,0.0973040578577648,0.5238095238095238,0.3434343434343434,"same rows, same labels, 107 features"
ours_lgbm,ours (grouped drive K-fold),grid,fold0,1.0,649,0.1263482280431433,0.839985728799118,6.64817973159302,0.9199681679356476,0.041666272409229835,0.236444249268757,0.04343677877087075,0.8163265306122449,0.8621446738097401,0.7317073170731707,0.8621446738097401,0.7682926829268293,0.17758374707277505,0.8170731707317073,0.025228832893841476,1.0,0.673469387755102,"same rows, same labels, 107 features"
ours_lgbm,ours (grouped drive K-fold),grid,fold0,2.0,646,0.22445820433436534,0.6922538569909852,3.084110287008113,0.817275793241104,0.1328588356777318,0.5541700018368293,0.11357617589104485,0.6071428571428571,0.2524698048352734,0.38620689655172413,0.973460216671827,0.4689655172413793,0.7806448413479562,0.5862068965517241,0.2524698048352734,0.6952380952380952,0.3926174496644295,"same rows, same labels, 107 features"
ours_lgbm,ours (grouped drive K-fold),grid,fold0,3.0,642,0.3037383177570093,0.6315125432201271,2.0791336038324184,0.7512877875293982,0.19941629846391407,0.772715162607244,0.17711656080083304,0.5788497217068647,0.047148142091844446,0.2,0.9961914530163987,0.3487179487179487,0.9135026629077077,0.4512820512820513,0.6308088886298875,0.5591397849462365,0.45348837209302323,"same rows, same labels, 107 features"
ours_lgbm,ours (grouped drive K-fold),grid,fold0,5.0,631,0.4152139461172742,0.6455024372167603,1.554626098793037,0.696601088148286,0.2651175134641582,0.9297363277376864,0.21103802582690856,0.6261319534282018,0.02291787778273598,0.10687022900763359,0.997585685171584,0.2595419847328244,0.9721948656293803,0.3282442748091603,0.8940314615880045,0.6100917431192661,0.49414519906323184,"same rows, same labels, 107 features"
ours_lgbm_5feat,ours (grouped drive K-fold),grid,fold0,0.5,649,0.06471494607087827,0.1683977005926438,2.60214542106252,0.7736722366046912,0.10335732677570456,0.3778144907815018,0.10571311495533504,0.29090909090909084,0.6198948142544792,0.0,0.995469037234347,0.14285714285714285,0.9134368532895099,0.38095238095238093,0.6198948142544792,0.17266187050359713,0.12056737588652482,"our learner on their 5-D state, to separate method from features"
ours_lgbm_5feat,ours (grouped drive K-fold),grid,fold0,1.0,649,0.1263482280431433,0.4508987147367838,3.5686983641972274,0.7898868671226396,0.12019016506419618,0.432461359062673,0.1066859023196051,0.46249999999999997,0.6874229433148551,0.18292682926829268,0.9641229020083185,0.34146341463414637,0.8194363490624339,0.47560975609756095,0.5324964029426498,0.3853211009174312,0.24444444444444444,"our learner on their 5-D state, to separate method from features"
ours_lgbm_5feat,ours (grouped drive K-fold),grid,fold0,2.0,646,0.22445820433436534,0.4744021897535633,2.1135435488331162,0.7398857457498795,0.18839827327629993,0.6315419716244449,0.1541662857405661,0.5092024539877301,0.5054659447669946,0.06896551724137931,0.9824866027931566,0.25517241379310346,0.8823755782862397,0.38620689655172413,0.7568801454212828,0.48344370860927155,0.32222222222222224,"our learner on their 5-D state, to separate method from features"
ours_lgbm_5feat,ours (grouped drive K-fold),grid,fold0,3.0,642,0.3037383177570093,0.5002965158288697,1.6471300674981249,0.7022772901967533,0.22905907111331544,0.7172208440524197,0.18188867808822395,0.5384615384615384,0.24386791465900498,0.02564102564102564,0.9895347850699856,0.18461538461538463,0.8996926321221417,0.3282051282051282,0.803510850188387,0.4854368932038835,0.3842364532019704,"our learner on their 5-D state, to separate method from features"
ours_lgbm_5feat,ours (grouped drive K-fold),grid,fold0,5.0,631,0.4152139461172742,0.6049618486665485,1.4569882691167635,0.7003661639669831,0.23985096683229154,0.7289369625194877,0.14850106653668893,0.6442577030812325,0.2025199632527711,0.04198473282442748,0.9835313216043714,0.183206106870229,0.9282660008129531,0.29770992366412213,0.8229108513952481,0.5954545454545455,0.5208845208845209,"our learner on their 5-D state, to separate method from features"
departmental_q,ours (grouped drive K-fold),grid,fold1,0.5,717,0.08089260808926081,0.0761980817637726,0.9419659418038785,0.44252001465124796,0.41281600394010365,1.1809304927237396,0.5489365936796611,0.15466666666666667,0.398938871940367,0.017241379310344827,0.9799089262313021,0.05172413793103448,0.9567570988232129,0.05172413793103448,0.9567570988232129,0.0838150289017341,0.0838150289017341,"Q(s,1)-Q(s,0), 1-NN lookup, no TTT filter"
departmental_q,ours (grouped drive K-fold),grid,fold1,1.0,717,0.1394700139470014,0.13366678845632435,0.9583908732318456,0.4512155591572123,0.39948080191597196,1.1438401718727085,0.49293420389903225,0.25,0.398938871940367,0.01,0.9799089262313021,0.05,0.9567570988232129,0.05,0.9567570988232129,0.1430635838150289,0.1430635838150289,"Q(s,1)-Q(s,0), 1-NN lookup, no TTT filter"
departmental_q,ours (grouped drive K-fold),grid,fold1,2.0,712,0.24859550561797752,0.23632371156089454,0.950635495092412,0.45629653096784417,0.37243634012810994,1.0713129377356383,0.38348677905052164,0.405997693194925,0.39864669758709875,0.0,0.9828469016724983,0.02824858757062147,0.9653002085678952,0.03954802259887006,0.9567570988232129,0.25507246376811593,0.25507246376811593,"Q(s,1)-Q(s,0), 1-NN lookup, no TTT filter"
departmental_q,ours (grouped drive K-fold),grid,fold1,3.0,707,0.3352192362093352,0.32520761262338793,0.970134101792132,0.44938953227399236,0.35239706890596567,0.9957179383034281,0.31377456296174766,0.5086206896551724,0.3956572926252396,0.012658227848101266,0.9799089262313021,0.05063291139240506,0.9567570988232129,0.05063291139240506,0.9567570988232129,0.341534008683068,0.341534008683068,"Q(s,1)-Q(s,0), 1-NN lookup, no TTT filter"
departmental_q,ours (grouped drive K-fold),grid,fold1,5.0,698,0.45702005730659023,0.46822092204245286,1.0245084751900693,0.4783790043093109,0.3127631235391909,0.8822595727232283,0.22440714059298286,0.6301096709870389,0.3941880486113491,0.01567398119122257,0.9791443027515405,0.05956112852664577,0.9567570988232129,0.1536050156739812,0.8491249788399828,0.4623338257016248,0.4623338257016248,"Q(s,1)-Q(s,0), 1-NN lookup, no TTT filter"
departmental_q_ttt,ours (grouped drive K-fold),grid,fold1,0.5,717,0.08089260808926081,0.08089260808926081,1.0,0.4992412746585736,0.0814359973425551,1.3051998307008337,0.08176316254899096,0.1496774193548387,0.0,0.0,0.6241875476265185,0.0,0.6241875476265185,0.0,0.6241875476265185,0.08089260808926081,0.08089260808926081,their evaluation: TTT filter over the following 1.0s (uses future samples)
departmental_q_ttt,ours (grouped drive K-fold),grid,fold1,1.0,717,0.1394700139470014,0.1394700139470014,1.0,0.4991896272285251,0.14001340320029568,2.249356055443162,0.14034056840673154,0.2447980416156671,0.0,0.0,0.6241875476265185,0.0,0.6241875476265185,0.0,0.6241875476265185,0.1394700139470014,0.1394700139470014,their evaluation: TTT filter over the following 1.0s (uses future samples)
departmental_q_ttt,ours (grouped drive K-fold),grid,fold1,2.0,712,0.24859550561797752,0.24859550561797752,1.0,0.5,0.24859550561797752,4.006886213089362,0.24859550561797752,0.39820022497187846,0.0,0.0,inf,0.0,inf,0.0,inf,0.24859550561797752,0.24859550561797752,their evaluation: TTT filter over the following 1.0s (uses future samples)
departmental_q_ttt,ours (grouped drive K-fold),grid,fold1,3.0,707,0.3352192362093352,0.3352192362093352,1.0,0.5,0.3352192362093352,5.403095779741338,0.3352192362093352,0.5021186440677966,0.0,0.0,inf,0.0,inf,0.0,inf,0.3352192362093352,0.3352192362093352,their evaluation: TTT filter over the following 1.0s (uses future samples)
departmental_q_ttt,ours (grouped drive K-fold),grid,fold1,5.0,698,0.45702005730659023,0.45702005730659023,1.0,0.5,0.45702005730659023,7.366293052372073,0.45702005730659023,0.6273352999016716,0.0,0.0,inf,0.0,inf,0.0,inf,0.45702005730659023,0.45702005730659023,their evaluation: TTT filter over the following 1.0s (uses future samples)
departmental_gate,ours (grouped drive K-fold),grid,fold1,0.5,717,0.08089260808926081,0.08089260808926081,1.0,0.4992412746585736,0.08228730822873083,1.3263147966625812,0.08228730822873083,0.1496774193548387,0.0,0.0,1.0,0.0,1.0,0.0,1.0,0.08089260808926081,0.08089260808926081,their gate alone (grid): neighbour >= serving + 3.0 dB
departmental_gate,ours (grouped drive K-fold),grid,fold1,1.0,717,0.1394700139470014,0.1394700139470014,1.0,0.4991896272285251,0.14086471408647142,2.2704710214049095,0.14086471408647142,0.2447980416156671,0.0,0.0,1.0,0.0,1.0,0.0,1.0,0.1394700139470014,0.1394700139470014,their gate alone (grid): neighbour >= serving + 3.0 dB
departmental_gate,ours (grouped drive K-fold),grid,fold1,2.0,712,0.24859550561797752,0.24859550561797752,1.0,0.5,0.24859550561797752,4.006886213089362,0.24859550561797752,0.39820022497187846,0.0,0.0,inf,0.0,inf,0.0,inf,0.24859550561797752,0.24859550561797752,their gate alone (grid): neighbour >= serving + 3.0 dB
departmental_gate,ours (grouped drive K-fold),grid,fold1,3.0,707,0.3352192362093352,0.3352192362093352,1.0,0.5,0.3352192362093352,5.403095779741338,0.3352192362093352,0.5021186440677966,0.0,0.0,inf,0.0,inf,0.0,inf,0.3352192362093352,0.3352192362093352,their gate alone (grid): neighbour >= serving + 3.0 dB
departmental_gate,ours (grouped drive K-fold),grid,fold1,5.0,698,0.45702005730659023,0.45702005730659023,1.0,0.5,0.45702005730659023,7.366293052372073,0.45702005730659023,0.6273352999016716,0.0,0.0,inf,0.0,inf,0.0,inf,0.45702005730659023,0.45702005730659023,their gate alone (grid): neighbour >= serving + 3.0 dB
reward_only_control,ours (grouped drive K-fold),grid,fold1,0.5,717,0.08089260808926081,0.10592982265162361,1.3095117731243815,0.6256606143058971,0.0865593029484392,0.39128916625071164,0.09998557206752273,0.19320214669051877,0.2413793103448276,0.0,1.0,0.0,1.0,0.0,1.0,0.10778443113772455,0.10778443113772455,"rank by r(s,1) - r(s,0) directly; no Q-learning"
reward_only_control,ours (grouped drive K-fold),grid,fold1,1.0,717,0.1394700139470014,0.18239763151521227,1.307791017964072,0.6336142625607779,0.11887787169753745,0.521016427785847,0.04977636704660221,0.3094841930116473,0.2413793103448276,0.0,1.0,0.0,1.0,0.0,1.0,0.18562874251497005,0.18562874251497005,"rank by r(s,1) - r(s,0) directly; no Q-learning"
reward_only_control,ours (grouped drive K-fold),grid,fold1,2.0,712,0.24859550561797752,0.3216897717160577,1.2940289122137463,0.6483024446908496,0.1787465430399872,0.7719211418525304,0.08010461061604031,0.48367952522255186,0.2413793103448276,0.0,inf,0.0,inf,0.0,inf,0.32796780684104626,0.32796780684104626,"rank by r(s,1) - r(s,0) directly; no Q-learning"
reward_only_control,ours (grouped drive K-fold),grid,fold1,3.0,707,0.3352192362093352,0.42303238946485394,1.2619573812305982,0.6525585779692971,0.2303228963969949,1.0843906037349278,0.16724381797785695,0.5843621399176954,0.2413793103448276,0.0,inf,0.0,inf,0.0,inf,0.4329268292682927,0.4329268292682927,"rank by r(s,1) - r(s,0) directly; no Q-learning"
reward_only_control,ours (grouped drive K-fold),grid,fold1,5.0,698,0.45702005730659023,0.5561096116558526,1.2168166424319282,0.6597629465430394,0.305922475971776,1.6162529661845826,0.28929947633633046,0.6890547263681591,0.2413793103448276,0.0,inf,0.0,inf,0.0,inf,0.5711340206185567,0.5711340206185567,"rank by r(s,1) - r(s,0) directly; no Q-learning"
ours_lgbm,ours (grouped drive K-fold),grid,fold1,0.5,717,0.08089260808926081,0.46710336799303614,5.774364049155292,0.9027261786405735,0.0604375501131241,0.25992141208092884,0.059055963126936686,0.6308724832214766,0.026743614992073183,0.13793103448275862,0.9609726902509594,0.6896551724137931,0.16159653097425844,0.8275862068965517,0.013319867131735016,0.5633802816901409,0.5164835164835165,"same rows, same labels, 107 features"
ours_lgbm,ours (grouped drive K-fold),grid,fold1,1.0,717,0.1394700139470014,0.8164480114459869,5.853932242067726,0.9227876823338736,0.05144724904187528,0.27478820617573957,0.05064795487663375,0.7912087912087912,0.6354914348329478,0.63,0.988259033619879,0.77,0.08673808035435686,0.79,0.03657424491523251,0.9516129032258065,0.49390243902439024,"same rows, same labels, 107 features"
ours_lgbm,ours (grouped drive K-fold),grid,fold1,2.0,712,0.24859550561797752,0.7066887484929288,2.8427253611692955,0.8085748983578859,0.13920907771626023,0.557280900263716,0.11388054055146024,0.607843137254902,0.5208044189238947,0.4011299435028249,0.9314439756498307,0.4858757062146893,0.6560147461171113,0.5536723163841808,0.4225034018069528,0.7317073170731707,0.39944903581267216,"same rows, same labels, 107 features"
ours_lgbm,ours (grouped drive K-fold),grid,fold1,3.0,707,0.3352192362093352,0.7076125540870302,2.11089483434401,0.7671334949277314,0.19245350419770327,0.676275723051954,0.16953738791171738,0.601328903654485,0.09037999356559508,0.3080168776371308,0.9405971779436848,0.43037974683544306,0.7639639255007862,0.5063291139240507,0.5874235081081716,0.725609756097561,0.45913461538461536,"same rows, same labels, 107 features"
ours_lgbm,ours (grouped drive K-fold),grid,fold1,5.0,698,0.45702005730659023,0.7208544443534597,1.5772927967357833,0.7249898677430294,0.2549624875065582,0.8395112133685375,0.21004284959569622,0.6731234866828087,0.0641559681363581,0.1974921630094044,0.9859101197641414,0.29153605015673983,0.94246411540493,0.39184952978056425,0.864427873028543,0.6936170212765957,0.5562770562770563,"same rows, same labels, 107 features"
ours_lgbm_5feat,ours (grouped drive K-fold),grid,fold1,0.5,717,0.08089260808926081,0.2864371347591223,3.5409556141774257,0.7634608340746167,0.08864813320572401,0.3713937264880832,0.08844403756235453,0.37209302325581395,0.39086629250225435,0.1206896551724138,0.9515717662037958,0.3103448275862069,0.7303229861964372,0.4482758620689655,0.27422904820799504,0.29292929292929293,0.15359477124183007,"our learner on their 5-D state, to separate method from features"
ours_lgbm_5feat,ours (grouped drive K-fold),grid,fold1,1.0,717,0.1394700139470014,0.47797614749294837,3.4270889775244395,0.7709562398703403,0.12262992649830402,0.4703776645564345,0.10986822683429087,0.4736842105263158,0.6182966901598473,0.18,0.9779273978423912,0.39,0.7517127222314076,0.48,0.4722238078448089,0.3893129770992366,0.24539877300613497,"our learner on their 5-D state, to separate method from features"
ours_lgbm_5feat,ours (grouped drive K-fold),grid,fold1,2.0,712,0.24859550561797752,0.5178579717330839,2.083134891943253,0.7326257986166111,0.19391332679432913,0.6132741794497383,0.14128765508873659,0.5153374233128835,0.29051654126566295,0.1016949152542373,0.9588083115210947,0.24293785310734464,0.8642723044456174,0.3502824858757062,0.7456905114945899,0.4720812182741117,0.35555555555555557,"our learner on their 5-D state, to separate method from features"
ours_lgbm_5feat,ours (grouped drive K-fold),grid,fold1,3.0,707,0.3352192362093352,0.5549852197412676,1.6555888200720514,0.7115180895951163,0.2218942599727914,0.6769739103794193,0.143160767605926,0.576388888888889,0.3406391356843236,0.09282700421940929,0.9466721408919385,0.18565400843881857,0.8698883226273286,0.2616033755274262,0.8045373851663796,0.5741626794258373,0.42696629213483145,"our learner on their 5-D state, to separate method from features"
ours_lgbm_5feat,ours (grouped drive K-fold),grid,fold1,5.0,698,0.45702005730659023,0.6153004018194754,1.3463312867397927,0.6625710291891713,0.25861141371241725,0.7774662561421659,0.16595913762224124,0.6526315789473685,0.050431266914228175,0.047021943573667714,0.9734854000886684,0.09717868338557993,0.9364901281490603,0.25391849529780564,0.836189905297686,0.6088560885608856,0.5237154150197628,"our learner on their 5-D state, to separate method from features"
departmental_q,ours (grouped drive K-fold),grid,fold2,0.5,707,0.056577086280056574,0.09349898897824435,1.652594630190469,0.6035232383808096,0.35264162678414657,0.974353487354062,0.5254299132825329,0.18461538461538463,0.7108052183334068,0.05,0.9046532577832863,0.125,0.88858564487066,0.15,0.8877782271363572,0.07575757575757576,0.06860706860706861,"Q(s,1)-Q(s,0), 1-NN lookup, no TTT filter"
departmental_q,ours (grouped drive K-fold),grid,fold2,1.0,707,0.10325318246110325,0.17207861884996983,1.6665696373551873,0.6056782334384858,0.339048607108298,0.9392114991001159,0.47875381710148623,0.28070175438596495,0.7108052183334068,0.0547945205479452,0.9037272194188823,0.1506849315068493,0.8877782271363572,0.1506849315068493,0.8877782271363572,0.14015151515151514,0.12266112266112267,"Q(s,1)-Q(s,0), 1-NN lookup, no TTT filter"
departmental_q,ours (grouped drive K-fold),grid,fold2,2.0,700,0.18142857142857144,0.23691765617330063,1.3058453489866964,0.5782729383957895,0.3250979504070955,0.9061356299836224,0.40290321701438064,0.3245033112582781,0.478188169080762,0.031496062992125984,0.9046532577832863,0.08661417322834646,0.88858564487066,0.09448818897637795,0.8877782271363572,0.21895424836601307,0.19696969696969696,"Q(s,1)-Q(s,0), 1-NN lookup, no TTT filter"
departmental_q,ours (grouped drive K-fold),grid,fold2,3.0,693,0.24242424242424243,0.30117690389631024,1.2423547285722798,0.5697108843537415,0.3122683772730447,0.8737067324046627,0.34086583301209417,0.39529411764705885,0.28071970838274923,0.023809523809523808,0.9046532577832863,0.08928571428571429,0.8877782271363572,0.08928571428571429,0.8877782271363572,0.28807947019867547,0.25862068965517243,"Q(s,1)-Q(s,0), 1-NN lookup, no TTT filter"
departmental_q,ours (grouped drive K-fold),grid,fold2,5.0,679,0.34609720176730485,0.3961494265315706,1.144618981340155,0.5435978531723212,0.2973453712264482,0.8168220035884792,0.24283309815583823,0.5204872646733112,0.28071970838274923,0.02127659574468085,0.9046532577832863,0.059574468085106386,0.88858564487066,0.17872340425531916,0.8788069189774369,0.3776435045317221,0.35795454545454547,"Q(s,1)-Q(s,0), 1-NN lookup, no TTT filter"
departmental_q_ttt,ours (grouped drive K-fold),grid,fold2,0.5,707,0.056577086280056574,0.056577086280056574,1.0,0.4992503748125937,0.05688968481644638,0.9128132758311956,0.05724202827685676,0.107095046854083,0.0,0.0,0.47011399173773366,0.0,0.47011399173773366,0.0,0.47011399173773366,0.056577086280056574,0.056577086280056574,their evaluation: TTT filter over the following 1.0s (uses future samples)
departmental_q_ttt,ours (grouped drive K-fold),grid,fold2,1.0,707,0.10325318246110325,0.10325318246110325,1.0,0.499211356466877,0.10356578099749306,1.6651430540230265,0.10391812445790342,0.18717948717948718,0.0,0.0,0.47011399173773366,0.0,0.47011399173773366,0.0,0.47011399173773366,0.10325318246110325,0.10325318246110325,their evaluation: TTT filter over the following 1.0s (uses future samples)
departmental_q_ttt,ours (grouped drive K-fold),grid,fold2,2.0,700,0.18142857142857144,0.18142857142857144,1.0,0.5,0.18142857142857144,2.9242831499595856,0.18142857142857144,0.30713422007255137,0.0,0.0,inf,0.0,inf,0.0,inf,0.18142857142857144,0.18142857142857144,their evaluation: TTT filter over the following 1.0s (uses future samples)
departmental_q_ttt,ours (grouped drive K-fold),grid,fold2,3.0,693,0.24242424242424243,0.24242424242424243,1.0,0.5,0.24242424242424243,3.9074172032626278,0.24242424242424243,0.3902439024390244,0.0,0.0,inf,0.0,inf,0.0,inf,0.24242424242424243,0.24242424242424243,their evaluation: TTT filter over the following 1.0s (uses future samples)
departmental_q_ttt,ours (grouped drive K-fold),grid,fold2,5.0,679,0.34609720176730485,0.34609720176730485,1.0,0.5,0.34609720176730485,5.578427868004725,0.34609720176730485,0.5142231947483588,0.0,0.0,inf,0.0,inf,0.0,inf,0.34609720176730485,0.34609720176730485,their evaluation: TTT filter over the following 1.0s (uses future samples)
departmental_gate,ours (grouped drive K-fold),grid,fold2,0.5,707,0.056577086280056574,0.056577086280056574,1.0,0.4992503748125937,0.05799151343705799,0.9347128547239333,0.05799151343705799,0.107095046854083,0.0,0.0,1.0,0.0,1.0,0.0,1.0,0.056577086280056574,0.056577086280056574,their gate alone (grid): neighbour >= serving + 3.0 dB
departmental_gate,ours (grouped drive K-fold),grid,fold2,1.0,707,0.10325318246110325,0.10325318246110325,1.0,0.499211356466877,0.10466760961810467,1.6870426329157642,0.10466760961810465,0.18717948717948718,0.0,0.0,1.0,0.0,1.0,0.0,1.0,0.10325318246110325,0.10325318246110325,their gate alone (grid): neighbour >= serving + 3.0 dB
departmental_gate,ours (grouped drive K-fold),grid,fold2,2.0,700,0.18142857142857144,0.18142857142857144,1.0,0.5,0.18142857142857144,2.9242831499595856,0.18142857142857144,0.30713422007255137,0.0,0.0,inf,0.0,inf,0.0,inf,0.18142857142857144,0.18142857142857144,their gate alone (grid): neighbour >= serving + 3.0 dB
departmental_gate,ours (grouped drive K-fold),grid,fold2,3.0,693,0.24242424242424243,0.24242424242424243,1.0,0.5,0.24242424242424243,3.9074172032626278,0.24242424242424243,0.3902439024390244,0.0,0.0,inf,0.0,inf,0.0,inf,0.24242424242424243,0.24242424242424243,their gate alone (grid): neighbour >= serving + 3.0 dB
departmental_gate,ours (grouped drive K-fold),grid,fold2,5.0,679,0.34609720176730485,0.34609720176730485,1.0,0.5,0.34609720176730485,5.578427868004725,0.34609720176730485,0.5142231947483588,0.0,0.0,inf,0.0,inf,0.0,inf,0.34609720176730485,0.34609720176730485,their gate alone (grid): neighbour >= serving + 3.0 dB
reward_only_control,ours (grouped drive K-fold),grid,fold2,0.5,707,0.056577086280056574,0.07915020737954193,1.3989799154334037,0.6482008995502249,0.0709416788459889,0.3143718974333907,0.11164219870262881,0.1481481481481481,0.2413793103448276,0.0,1.0,0.0,1.0,0.0,1.0,0.080338266384778,0.080338266384778,"rank by r(s,1) - r(s,0) directly; no Q-learning"
reward_only_control,ours (grouped drive K-fold),grid,fold2,1.0,707,0.10325318246110325,0.14354180605335826,1.390192559996223,0.6532453221554817,0.09645014102225577,0.410178534682768,0.07062381114958781,0.2527472527472528,0.2413793103448276,0.0,1.0,0.0,1.0,0.0,1.0,0.14587737843551796,0.14587737843551796,"rank by r(s,1) - r(s,0) directly; no Q-learning"
reward_only_control,ours (grouped drive K-fold),grid,fold2,2.0,700,0.18142857142857144,0.24210906329016565,1.334459403961543,0.6495375905236976,0.1403821980635298,0.62774428831667,0.020049261083743875,0.38991596638655457,0.2413793103448276,0.0,inf,0.0,inf,0.0,inf,0.24786324786324787,0.24786324786324787,"rank by r(s,1) - r(s,0) directly; no Q-learning"
reward_only_control,ours (grouped drive K-fold),grid,fold2,3.0,693,0.24242424242424243,0.31766328823564244,1.3103610639720251,0.6522619047619047,0.1761611357330739,0.8294775450142614,0.08115639150121909,0.47860538827258325,0.2413793103448276,0.0,inf,0.0,inf,0.0,inf,0.326133909287257,0.326133909287257,"rank by r(s,1) - r(s,0) directly; no Q-learning"
reward_only_control,ours (grouped drive K-fold),grid,fold2,5.0,679,0.34609720176730485,0.44070099674398866,1.2733445820815672,0.6591431857389304,0.23904496890755275,1.2413627165981818,0.1857701487989437,0.597667638483965,0.2413793103448276,0.0,inf,0.0,inf,0.0,inf,0.45454545454545453,0.45454545454545453,"rank by r(s,1) - r(s,0) directly; no Q-learning"
ours_lgbm,ours (grouped drive K-fold),grid,fold2,0.5,707,0.056577086280056574,0.4230301987370608,7.477058762677551,0.9005622188905547,0.04276400968830912,0.20438087635431612,0.039890504175001465,0.5974025974025973,0.5915699145876196,0.15,0.965234025296129,0.675,0.09543652737363967,0.75,0.015178801065923678,0.6216216216216216,0.2323943661971831,"same rows, same labels, 107 features"
ours_lgbm,ours (grouped drive K-fold),grid,fold2,1.0,707,0.10325318246110325,0.783644831923805,7.589546522878495,0.9162525387839765,0.0398456263785042,0.1918278405307938,0.038975258147401055,0.7666666666666666,0.7201241375452423,0.6438356164383562,0.4435112664014379,0.6986301369863014,0.10030548135424742,0.7534246575342466,0.03272399684093466,1.0,0.4013605442176871,"same rows, same labels, 107 features"
ours_lgbm,ours (grouped drive K-fold),grid,fold2,2.0,700,0.18142857142857144,0.6608706273173097,3.642594008835565,0.8217009523024281,0.11941563988402733,0.40301525996301735,0.09432271943441554,0.572972972972973,0.9092654270333161,0.41732283464566927,0.9092654270333161,0.48031496062992124,0.7086989360373281,0.5354330708661418,0.5120974731234493,0.64,0.3167701863354037,"same rows, same labels, 107 features"
ours_lgbm,ours (grouped drive K-fold),grid,fold2,3.0,693,0.24242424242424243,0.6511950829265594,2.6861797170720574,0.7798866213151927,0.17920106366547564,0.5617825596069516,0.15578297719138884,0.5584415584415584,0.7357725749073383,0.31547619047619047,0.9491349764351421,0.4166666666666667,0.851894160858828,0.5,0.7493039696988355,0.631578947368421,0.35714285714285715,"same rows, same labels, 107 features"
ours_lgbm,ours (grouped drive K-fold),grid,fold2,5.0,679,0.34609720176730485,0.631097003367488,1.8234675118575503,0.7231454859114432,0.27432044103866154,0.8392943835917214,0.24108999234237044,0.5742296918767507,0.2612044781803827,0.16170212765957448,0.9905522165267577,0.28085106382978725,0.9616932955955152,0.3702127659574468,0.9320305639617745,0.5784313725490197,0.4302059496567506,"same rows, same labels, 107 features"
ours_lgbm_5feat,ours (grouped drive K-fold),grid,fold2,0.5,707,0.056577086280056574,0.2120099682545196,3.747276188898634,0.7508620689655172,0.0748537070798969,0.3012053635793128,0.07352104354864789,0.3061224489795919,0.4486878606571208,0.1,0.9491758284670103,0.275,0.5990463536308199,0.45,0.26728498259568945,0.20618556701030927,0.09322033898305085,"our learner on their 5-D state, to separate method from features"
ours_lgbm_5feat,ours (grouped drive K-fold),grid,fold2,1.0,707,0.10325318246110325,0.489745133113255,4.7431480700146755,0.7751285596992351,0.10520750212893651,0.3815550003402079,0.10890594213456173,0.4912280701754387,0.8358044578685655,0.273972602739726,0.9303737122471389,0.3835616438356164,0.8358044578685655,0.4931506849315068,0.5353414985554794,0.3584905660377358,0.17151162790697674,"our learner on their 5-D state, to separate method from features"
ours_lgbm_5feat,ours (grouped drive K-fold),grid,fold2,2.0,700,0.18142857142857144,0.46077520105419184,2.5397058325821598,0.7509172609968257,0.17546884661118395,0.5359370426511931,0.14928771955973535,0.4576271186440678,0.4350016039102547,0.14173228346456693,0.9435369967526186,0.2755905511811024,0.8678835317035963,0.3464566929133858,0.7420868368598548,0.3806818181818182,0.28895184135977336,"our learner on their 5-D state, to separate method from features"
ours_lgbm_5feat,ours (grouped drive K-fold),grid,fold2,3.0,693,0.24242424242424243,0.5461792436608148,2.252989380100861,0.7584580498866214,0.1978796582114554,0.5829227096055605,0.16338580186307547,0.5238095238095238,0.6614706748359751,0.13690476190476192,0.9446930344432546,0.25,0.869092664211138,0.4166666666666667,0.756670709479644,0.535031847133758,0.36533333333333334,"our learner on their 5-D state, to separate method from features"
ours_lgbm_5feat,ours (grouped drive K-fold),grid,fold2,5.0,679,0.34609720176730485,0.6108176742835144,1.7648731950574736,0.7410197431474027,0.21887164901044684,0.6454438705038141,0.15395357053558884,0.6038291605301914,0.32346076566817206,0.09787234042553192,0.9590788236247024,0.26382978723404255,0.8583271470020157,0.3404255319148936,0.8078829744351712,0.5812807881773399,0.47474747474747475,"our learner on their 5-D state, to separate method from features"
departmental_q,ours (grouped drive K-fold),grid,fold3,0.5,703,0.04836415362731152,0.048540999976852045,1.0036565583449113,0.4376593686802075,0.4255441568449642,1.2219544368610278,0.5848105691736826,0.10084033613445378,0.932584000383454,0.0,0.9780472607007621,0.029411764705882353,0.9616546038441259,0.029411764705882353,0.9616546038441259,0.04934687953555878,0.04934687953555878,"Q(s,1)-Q(s,0), 1-NN lookup, no TTT filter"
departmental_q,ours (grouped drive K-fold),grid,fold3,1.0,703,0.08392603129445235,0.09254450450696206,1.1026912994643105,0.4798794609958943,0.41331349555225905,1.1859616955372716,0.5492486915065418,0.16666666666666666,0.932584000383454,0.0,0.9780472607007621,0.03389830508474576,0.9616546038441259,0.03389830508474576,0.9616546038441259,0.08768656716417911,0.08563134978229318,"Q(s,1)-Q(s,0), 1-NN lookup, no TTT filter"
departmental_q,ours (grouped drive K-fold),grid,fold3,2.0,701,0.15263908701854492,0.16597686404258205,1.0873811373257012,0.4862959816230844,0.39387233271011296,1.1303333116967005,0.48068359160863444,0.26952141057934503,0.2891781284863688,0.009345794392523364,0.9727679624215118,0.037383177570093455,0.9616546038441259,0.037383177570093455,0.9616546038441259,0.15653775322283608,0.15574963609898107,"Q(s,1)-Q(s,0), 1-NN lookup, no TTT filter"
departmental_q,ours (grouped drive K-fold),grid,fold3,3.0,698,0.20630372492836677,0.21845803647064635,1.0589146490035497,0.4855658343361412,0.38059048132259743,1.0956700578220238,0.43214833742137254,0.34541062801932365,0.2891781284863688,0.006944444444444444,0.9727679624215118,0.034722222222222224,0.9616546038441259,0.034722222222222224,0.9616546038441259,0.20925925925925926,0.20906432748538012,"Q(s,1)-Q(s,0), 1-NN lookup, no TTT filter"
departmental_q,ours (grouped drive K-fold),grid,fold3,5.0,694,0.2968299711815562,0.331711703196212,1.117514184554229,0.5138866783383734,0.3485756067382704,1.0009652003443348,0.3416970312436397,0.46275395033860045,0.2891781284863688,0.009708737864077669,0.9727679624215118,0.043689320388349516,0.9616546038441259,0.18446601941747573,0.932584000383454,0.3014705882352941,0.3014705882352941,"Q(s,1)-Q(s,0), 1-NN lookup, no TTT filter"
departmental_q_ttt,ours (grouped drive K-fold),grid,fold3,0.5,703,0.04836415362731152,0.04836415362731152,1.0,0.49551569506726456,0.052212143638680444,0.7892477652118558,0.05400572696855212,0.09226594301221167,0.0,0.0,0.4667152907592922,0.0,0.4667152907592922,0.0,0.4667152907592922,0.04836415362731152,0.04836415362731152,their evaluation: TTT filter over the following 1.0s (uses future samples)
departmental_q_ttt,ours (grouped drive K-fold),grid,fold3,1.0,703,0.08392603129445235,0.08392603129445235,1.0,0.4953416149068323,0.08777402130582126,1.3624375074223225,0.08956760463569294,0.15485564304461943,0.0,0.0,0.4667152907592922,0.0,0.4667152907592922,0.0,0.4667152907592922,0.08392603129445235,0.08392603129445235,their evaluation: TTT filter over the following 1.0s (uses future samples)
departmental_q_ttt,ours (grouped drive K-fold),grid,fold3,2.0,701,0.15263908701854492,0.15263908701854492,1.0,0.494949494949495,0.15649805560341276,2.469988807366465,0.1582967561467791,0.2648514851485148,0.0,0.0,0.7578301831525242,0.0,0.4667152907592922,0.0,0.4667152907592922,0.15263908701854492,0.15263908701854492,their evaluation: TTT filter over the following 1.0s (uses future samples)
departmental_q_ttt,ours (grouped drive K-fold),grid,fold3,3.0,698,0.20630372492836677,0.20630372492836677,1.0,0.49458483754512633,0.21017927933809794,3.335002419841475,0.2119857106860919,0.342042755344418,0.0,0.0,0.7578301831525242,0.0,0.4667152907592922,0.0,0.4667152907592922,0.20630372492836677,0.20630372492836677,their evaluation: TTT filter over the following 1.0s (uses future samples)
departmental_q_ttt,ours (grouped drive K-fold),grid,fold3,5.0,694,0.2968299711815562,0.2968299711815562,1.0,0.49385245901639346,0.30072786308068067,4.794169470906003,0.3025447061367322,0.45777777777777773,0.0,0.0,0.7578301831525242,0.0,0.4667152907592922,0.0,0.4667152907592922,0.2968299711815562,0.2968299711815562,their evaluation: TTT filter over the following 1.0s (uses future samples)
departmental_gate,ours (grouped drive K-fold),grid,fold3,0.5,703,0.04836415362731152,0.04836415362731152,1.0,0.49551569506726456,0.05689900426742532,0.9171036875412437,0.05689900426742532,0.09226594301221167,0.0,0.0,1.0,0.0,1.0,0.0,1.0,0.04836415362731152,0.04836415362731152,their gate alone (grid): neighbour >= serving + 3.0 dB
departmental_gate,ours (grouped drive K-fold),grid,fold3,1.0,703,0.08392603129445235,0.08392603129445235,1.0,0.4953416149068323,0.09246088193456614,1.4902934297517103,0.09246088193456614,0.15485564304461943,0.0,0.0,1.0,0.0,1.0,0.0,1.0,0.08392603129445235,0.08392603129445235,their gate alone (grid): neighbour >= serving + 3.0 dB
departmental_gate,ours (grouped drive K-fold),grid,fold3,2.0,701,0.15263908701854492,0.15263908701854492,1.0,0.494949494949495,0.16119828815977175,2.598209511214624,0.16119828815977177,0.2648514851485148,0.0,0.0,inf,0.0,1.0,0.0,1.0,0.15263908701854492,0.15263908701854492,their gate alone (grid): neighbour >= serving + 3.0 dB
departmental_gate,ours (grouped drive K-fold),grid,fold3,3.0,698,0.20630372492836677,0.20630372492836677,1.0,0.49458483754512633,0.2148997134670487,3.4637742155399853,0.21489971346704873,0.342042755344418,0.0,0.0,inf,0.0,1.0,0.0,1.0,0.20630372492836677,0.20630372492836677,their gate alone (grid): neighbour >= serving + 3.0 dB
departmental_gate,ours (grouped drive K-fold),grid,fold3,5.0,694,0.2968299711815562,0.2968299711815562,1.0,0.49385245901639346,0.30547550432276654,4.9236834671560885,0.30547550432276654,0.45777777777777773,0.0,0.0,inf,0.0,1.0,0.0,1.0,0.2968299711815562,0.2968299711815562,their gate alone (grid): neighbour >= serving + 3.0 dB
reward_only_control,ours (grouped drive K-fold),grid,fold3,0.5,703,0.04836415362731152,0.05760438457032884,1.1910553633217993,0.577354260089686,0.10738264580369845,0.5939074558145593,0.20113798008534847,0.11157024793388431,0.35,0.0,1.0,0.0,1.0,0.0,1.0,0.06,0.04836415362731152,"rank by r(s,1) - r(s,0) directly; no Q-learning"
reward_only_control,ours (grouped drive K-fold),grid,fold3,1.0,703,0.08392603129445235,0.10465789607627253,1.2470254396884675,0.6000500052637119,0.12103840682788052,0.6820627178882605,0.17411095305832144,0.19253438113948917,0.35,0.0,1.0,0.0,1.0,0.0,1.0,0.10888888888888888,0.10888888888888888,"rank by r(s,1) - r(s,0) directly; no Q-learning"
reward_only_control,ours (grouped drive K-fold),grid,fold3,2.0,701,0.15263908701854492,0.18176984995877,1.1908473347766146,0.5867868718336009,0.1537339514978602,0.9911010924015387,0.1398716119828816,0.3057553956834533,0.35,0.0,inf,0.0,1.0,0.0,1.0,0.18930957683741648,0.15263908701854492,"rank by r(s,1) - r(s,0) directly; no Q-learning"
reward_only_control,ours (grouped drive K-fold),grid,fold3,3.0,698,0.20630372492836677,0.23869292577706838,1.1569976541138454,0.5779933814681107,0.1809777936962751,1.2711953729518581,0.11797994269340971,0.3756345177664974,0.35,0.0,inf,0.0,1.0,0.0,1.0,0.2483221476510067,0.20630372492836677,"rank by r(s,1) - r(s,0) directly; no Q-learning"
reward_only_control,ours (grouped drive K-fold),grid,fold3,5.0,694,0.2968299711815562,0.34350604175043364,1.1572485095864125,0.5881445965303199,0.2225900576368876,1.6452449913618548,0.08407780979827088,0.4884792626728111,0.35,0.0,inf,0.0,1.0,0.0,1.0,0.35730337078651686,0.2968299711815562,"rank by r(s,1) - r(s,0) directly; no Q-learning"
ours_lgbm,ours (grouped drive K-fold),grid,fold3,0.5,703,0.04836415362731152,0.550029116998294,11.372660860288256,0.9018728567660248,0.03208362005323047,0.1649280396965409,0.03026631055418996,0.619718309859155,0.1999276439750774,0.38235294117647056,0.7681505669681545,0.7058823529411765,0.011478270170509501,0.7941176470588235,0.003006560983172063,0.6296296296296297,0.2196969696969697,"same rows, same labels, 107 features"
ours_lgbm,ours (grouped drive K-fold),grid,fold3,1.0,703,0.08392603129445235,0.8036699887829174,9.575932239226965,0.9132277081798085,0.027373351962183844,0.17335934611176052,0.02513484848547585,0.8076923076923076,0.11618341404881301,0.711864406779661,0.11618341404881301,0.7627118644067796,0.03336758761510112,0.7966101694915254,0.007880250117004666,1.0,0.39344262295081966,"same rows, same labels, 107 features"
ours_lgbm,ours (grouped drive K-fold),grid,fold3,2.0,701,0.15263908701854492,0.5853802070324639,3.8350609825210955,0.7958872211208661,0.10739951424819107,0.4361602149286572,0.09780872238288892,0.5263157894736842,0.8928215125666664,0.37383177570093457,0.8928215125666664,0.4205607476635514,0.5335265490810243,0.4766355140186916,0.27110449858244623,0.3972602739726027,0.26112759643916916,"same rows, same labels, 107 features"
ours_lgbm,ours (grouped drive K-fold),grid,fold3,3.0,698,0.20630372492836677,0.5483961679171628,2.658198091709581,0.7384802446851183,0.163180089536618,0.623460729080068,0.13842146196965804,0.48026315789473684,0.29650736069413913,0.2569444444444444,0.9648947440043957,0.2916666666666667,0.9068992404793751,0.3958333333333333,0.5692356358692411,0.45625,0.29528535980148884,"same rows, same labels, 107 features"
ours_lgbm,ours (grouped drive K-fold),grid,fold3,5.0,694,0.2968299711815562,0.5834573491277757,1.9656281567702736,0.7221371160273755,0.22083009641522108,0.7638111805760479,0.18463303244711202,0.5377532228360958,0.11790460442534594,0.15048543689320387,0.984603471520203,0.2766990291262136,0.9032440239862638,0.3446601941747573,0.7786858473561165,0.5228426395939086,0.3887640449438202,"same rows, same labels, 107 features"
ours_lgbm_5feat,ours (grouped drive K-fold),grid,fold3,0.5,703,0.04836415362731152,0.20052610960660336,4.146172207454181,0.7345906972654532,0.0632762473950174,0.28105064036753663,0.06592610433131713,0.3076923076923077,0.17126982907964816,0.11764705882352941,0.930880052012416,0.3235294117647059,0.5049552255847463,0.47058823529411764,0.24020664075226505,0.20833333333333334,0.06263498920086392,"our learner on their 5-D state, to separate method from features"
ours_lgbm_5feat,ours (grouped drive K-fold),grid,fold3,1.0,703,0.08392603129445235,0.44343727031012886,5.2836678140342475,0.7341299084114117,0.09616302480716098,0.3744218726730707,0.10857776815139722,0.4375,0.835669121743302,0.3050847457627119,0.9378117419577708,0.4067796610169492,0.7016807965920058,0.4915254237288136,0.48683232617303296,0.31313131313131315,0.10738255033557047,"our learner on their 5-D state, to separate method from features"
ours_lgbm_5feat,ours (grouped drive K-fold),grid,fold3,2.0,701,0.15263908701854492,0.42860315266899623,2.8079514955230502,0.6957346046131092,0.1751238040124677,0.5467843508377195,0.17906719106775854,0.40697674418604646,0.8087171121831279,0.17757009345794392,0.9429483665451474,0.3177570093457944,0.8181745239777554,0.34579439252336447,0.7764208258326667,0.2925531914893617,0.1981981981981982,"our learner on their 5-D state, to separate method from features"
ours_lgbm_5feat,ours (grouped drive K-fold),grid,fold3,3.0,698,0.20630372492836677,0.4276822926703401,2.0730711130826207,0.6834010228640193,0.21349616128203047,0.63425879840445,0.1855969847431538,0.412573673870334,0.2586532875421302,0.1111111111111111,0.949219255650701,0.2361111111111111,0.8596366903910672,0.3333333333333333,0.7754318778621229,0.3037974683544304,0.26410835214446954,"our learner on their 5-D state, to separate method from features"
ours_lgbm_5feat,ours (grouped drive K-fold),grid,fold3,5.0,694,0.2968299711815562,0.4618776146372182,1.5560342939719876,0.6388468884290944,0.26861630792687136,0.7902871148977345,0.2280942792663414,0.4992199687987519,0.2743251062109984,0.05825242718446602,0.9793042733702477,0.1941747572815534,0.8937234821494233,0.2815533980582524,0.8451118821044132,0.38721804511278196,0.3548387096774194,"our learner on their 5-D state, to separate method from features"
departmental_q,ours (grouped drive K-fold),grid,fold4,0.5,494,0.1194331983805668,0.12860727704531183,1.076813472209899,0.45343853496980324,0.3334253697596429,0.9065886079518664,0.43951671226664607,0.21442495126705655,0.3589583030046804,0.01694915254237288,0.8905616899756906,0.05084745762711865,0.8728659430333174,0.05084745762711865,0.8664854591974092,0.1211453744493392,0.1211453744493392,"Q(s,1)-Q(s,0), 1-NN lookup, no TTT filter"
departmental_q,ours (grouped drive K-fold),grid,fold4,1.0,494,0.1720647773279352,0.1612517033910799,0.9371569585316879,0.4209837480224364,0.33450279138020544,0.9071460539552236,0.3868851333192777,0.29496402877697836,0.3419077836119581,0.011764705882352941,0.8905616899756906,0.03529411764705882,0.8728659430333174,0.03529411764705882,0.8664854591974092,0.17419354838709677,0.17419354838709677,"Q(s,1)-Q(s,0), 1-NN lookup, no TTT filter"
departmental_q,ours (grouped drive K-fold),grid,fold4,2.0,493,0.29411764705882354,0.2850820738892242,0.9692790512233622,0.45769916765755053,0.31531253748664956,0.8592816942483592,0.26756233789661243,0.4576,0.3317232391599578,0.006896551724137931,0.8905616899756906,0.034482758620689655,0.8728659430333174,0.034482758620689655,0.8664854591974092,0.29791666666666666,0.29791666666666666,"Q(s,1)-Q(s,0), 1-NN lookup, no TTT filter"
departmental_q,ours (grouped drive K-fold),grid,fold4,3.0,491,0.3890020366598778,0.40620300191776193,1.0442181881760266,0.4923385689354276,0.29601244277447814,0.8107283508501584,0.19333425573523444,0.5650224215246638,0.3317232391599578,0.015706806282722512,0.8855388761813219,0.04712041884816754,0.8728659430333174,0.05235602094240838,0.8664854591974092,0.39539748953974896,0.39539748953974896,"Q(s,1)-Q(s,0), 1-NN lookup, no TTT filter"
departmental_q,ours (grouped drive K-fold),grid,fold4,5.0,485,0.5422680412371134,0.5478209945781596,1.010240237149838,0.4721166032953105,0.2862085557078373,0.7869234401856644,0.18731661500326402,0.7032085561497327,0.03027167659452264,0.030418250950570342,0.877339550624089,0.045627376425855515,0.8728659430333174,0.057034220532319393,0.8664854591974092,0.5454545454545454,0.5454545454545454,"Q(s,1)-Q(s,0), 1-NN lookup, no TTT filter"
departmental_q_ttt,ours (grouped drive K-fold),grid,fold4,0.5,494,0.1194331983805668,0.1194331983805668,1.0,0.5,0.1194331983805668,1.9250358034545412,0.1194331983805668,0.21338155515370708,0.0,0.0,inf,0.0,inf,0.0,inf,0.1194331983805668,0.1194331983805668,their evaluation: TTT filter over the following 1.0s (uses future samples)
departmental_q_ttt,ours (grouped drive K-fold),grid,fold4,1.0,494,0.1720647773279352,0.1720647773279352,1.0,0.5,0.1720647773279352,2.7733566219260313,0.1720647773279352,0.29360967184801384,0.0,0.0,inf,0.0,inf,0.0,inf,0.1720647773279352,0.1720647773279352,their evaluation: TTT filter over the following 1.0s (uses future samples)
departmental_q_ttt,ours (grouped drive K-fold),grid,fold4,2.0,493,0.29411764705882354,0.29411764705882354,1.0,0.5,0.29411764705882354,4.740616438517157,0.29411764705882354,0.45454545454545453,0.0,0.0,inf,0.0,inf,0.0,inf,0.29411764705882354,0.29411764705882354,their evaluation: TTT filter over the following 1.0s (uses future samples)
departmental_q_ttt,ours (grouped drive K-fold),grid,fold4,3.0,491,0.3890020366598778,0.3890020366598778,1.0,0.5,0.3890020366598778,6.269972096401307,0.3890020366598778,0.5601173020527859,0.0,0.0,inf,0.0,inf,0.0,inf,0.3890020366598778,0.3890020366598778,their evaluation: TTT filter over the following 1.0s (uses future samples)
departmental_q_ttt,ours (grouped drive K-fold),grid,fold4,5.0,485,0.5422680412371134,0.5422680412371134,1.0,0.5,0.5422680412371134,8.740328202890803,0.5422680412371134,0.7032085561497327,0.0,0.0,inf,0.0,inf,0.0,inf,0.5422680412371134,0.5422680412371134,their evaluation: TTT filter over the following 1.0s (uses future samples)
departmental_gate,ours (grouped drive K-fold),grid,fold4,0.5,494,0.1194331983805668,0.1194331983805668,1.0,0.5,0.1194331983805668,1.9250358034545412,0.1194331983805668,0.21338155515370708,0.0,0.0,inf,0.0,inf,0.0,inf,0.1194331983805668,0.1194331983805668,their gate alone (grid): neighbour >= serving + 3.0 dB
departmental_gate,ours (grouped drive K-fold),grid,fold4,1.0,494,0.1720647773279352,0.1720647773279352,1.0,0.5,0.1720647773279352,2.7733566219260313,0.1720647773279352,0.29360967184801384,0.0,0.0,inf,0.0,inf,0.0,inf,0.1720647773279352,0.1720647773279352,their gate alone (grid): neighbour >= serving + 3.0 dB
departmental_gate,ours (grouped drive K-fold),grid,fold4,2.0,493,0.29411764705882354,0.29411764705882354,1.0,0.5,0.29411764705882354,4.740616438517157,0.29411764705882354,0.45454545454545453,0.0,0.0,inf,0.0,inf,0.0,inf,0.29411764705882354,0.29411764705882354,their gate alone (grid): neighbour >= serving + 3.0 dB
departmental_gate,ours (grouped drive K-fold),grid,fold4,3.0,491,0.3890020366598778,0.3890020366598778,1.0,0.5,0.3890020366598778,6.269972096401307,0.3890020366598778,0.5601173020527859,0.0,0.0,inf,0.0,inf,0.0,inf,0.3890020366598778,0.3890020366598778,their gate alone (grid): neighbour >= serving + 3.0 dB
departmental_gate,ours (grouped drive K-fold),grid,fold4,5.0,485,0.5422680412371134,0.5422680412371134,1.0,0.5,0.5422680412371134,8.740328202890803,0.5422680412371134,0.7032085561497327,0.0,0.0,inf,0.0,inf,0.0,inf,0.5422680412371134,0.5422680412371134,their gate alone (grid): neighbour >= serving + 3.0 dB
reward_only_control,ours (grouped drive K-fold),grid,fold4,0.5,494,0.1194331983805668,0.14306396308382752,1.1978575892103525,0.5929670757841419,0.6781376518218624,10.93028756912103,0.6781376518218624,0.25055928411633105,1.0,0.0,inf,0.0,inf,0.0,inf,0.14432989690721648,0.14432989690721648,"rank by r(s,1) - r(s,0) directly; no Q-learning"
reward_only_control,ours (grouped drive K-fold),grid,fold4,1.0,494,0.1720647773279352,0.20703591674993801,1.203244033817287,0.6011649647634114,0.6295546558704453,10.147222198197634,0.6295546558704452,0.34249471458773784,1.0,0.0,inf,0.0,inf,0.0,inf,0.20876288659793815,0.20876288659793815,"rank by r(s,1) - r(s,0) directly; no Q-learning"
reward_only_control,ours (grouped drive K-fold),grid,fold4,2.0,493,0.29411764705882354,0.34147341126283426,1.1610095982936364,0.5971264367816091,0.537525354969574,8.663885132733572,0.5375253549695741,0.5028142589118199,1.0,0.0,inf,0.0,inf,0.0,inf,0.34536082474226804,0.34536082474226804,"rank by r(s,1) - r(s,0) directly; no Q-learning"
reward_only_control,ours (grouped drive K-fold),grid,fold4,3.0,491,0.3890020366598778,0.44316210711135845,1.1392282439354817,0.5988307155322862,0.47046843177189407,7.583055237238319,0.4704684317718941,0.6010362694300518,1.0,0.0,inf,0.0,inf,0.0,inf,0.4484536082474227,0.4484536082474227,"rank by r(s,1) - r(s,0) directly; no Q-learning"
reward_only_control,ours (grouped drive K-fold),grid,fold4,5.0,485,0.5422680412371134,0.59458753138211,1.0964827099632066,0.5949200150721063,0.38144329896907214,6.148139640221232,0.38144329896907214,0.7131782945736436,1.0,0.0,inf,0.0,inf,0.0,inf,0.6020942408376964,0.6020942408376964,"rank by r(s,1) - r(s,0) directly; no Q-learning"
ours_lgbm,ours (grouped drive K-fold),grid,fold4,0.5,494,0.1194331983805668,0.5435933779284794,4.551442859265573,0.9131502045587375,0.07294036366517621,0.29288482556549733,0.06724215553440463,0.7175572519083969,0.11980989365561555,0.05084745762711865,0.9739245083388944,0.6779661016949152,0.3059980631384839,0.847457627118644,0.05391628701438322,0.6557377049180327,0.631578947368421,"same rows, same labels, 107 features"
ours_lgbm,ours (grouped drive K-fold),grid,fold4,1.0,494,0.1720647773279352,0.87542622708754,5.087771249191116,0.9323745145980152,0.048192019907531074,0.24790423658418528,0.04631898175561811,0.847682119205298,0.9064712848526926,0.7647058823529411,0.7045990699370323,0.8,0.09558869795409601,0.8352941176470589,0.05802017754344813,0.984375,0.7906976744186046,"same rows, same labels, 107 features"
ours_lgbm,ours (grouped drive K-fold),grid,fold4,2.0,493,0.29411764705882354,0.7695149444252267,2.6163508110457707,0.8340269520412208,0.14168780298139588,0.5217039290520212,0.1138020276986471,0.6486486486486488,0.3432701666376265,0.47586206896551725,0.8719215425718905,0.5172413793103449,0.590230898436503,0.5793103448275863,0.3432701666376265,0.8795180722891566,0.5296803652968036,"same rows, same labels, 107 features"
ours_lgbm,ours (grouped drive K-fold),grid,fold4,3.0,491,0.3890020366598778,0.7955924166126932,2.045214013386557,0.826457242582897,0.17485363000342374,0.5912886219467617,0.12782351751031903,0.7121212121212119,0.2968969211565696,0.3298429319371728,0.9507667632094163,0.4397905759162304,0.8118322652097328,0.5654450261780105,0.6781001045206168,0.8031496062992126,0.5930232558139535,"same rows, same labels, 107 features"
ours_lgbm,ours (grouped drive K-fold),grid,fold4,5.0,485,0.5422680412371134,0.8036755948341889,1.4820633592949872,0.7477991299284075,0.2472212890301278,0.7962359715988406,0.1974643966827395,0.735042735042735,0.014070753066597236,0.2737642585551331,0.9567296503225546,0.39543726235741444,0.8918228042259847,0.41064638783269963,0.840151059149005,0.7700534759358288,0.6452599388379205,"same rows, same labels, 107 features"
ours_lgbm_5feat,ours (grouped drive K-fold),grid,fold4,0.5,494,0.1194331983805668,0.3242091617703234,2.7145648460091483,0.7569842197545295,0.11825287320335068,0.4607014500922366,0.09872793485759253,0.39534883720930236,0.16090161011732151,0.06779661016949153,0.9390339062225193,0.1864406779661017,0.7229863303940102,0.3559322033898305,0.5055960839717052,0.30097087378640774,0.20600858369098712,"our learner on their 5-D state, to separate method from features"
ours_lgbm_5feat,ours (grouped drive K-fold),grid,fold4,1.0,494,0.1720647773279352,0.5016306379269049,2.9153592368928356,0.7580900330792464,0.15529557237350886,0.5490602661895136,0.1309617599852017,0.47,0.4195882469841137,0.1411764705882353,0.9828831070272802,0.3411764705882353,0.8967903523927404,0.4117647058823529,0.7165222619655321,0.4107142857142857,0.30493273542600896,"our learner on their 5-D state, to separate method from features"
ours_lgbm_5feat,ours (grouped drive K-fold),grid,fold4,2.0,493,0.29411764705882354,0.5737597979784329,1.9507833131266719,0.7344629409433214,0.2184912280201221,0.670635026331451,0.16020628107149604,0.5555555555555556,0.21995171427486404,0.13793103448275862,0.9664958192323815,0.27586206896551724,0.892654085117652,0.3448275862068966,0.8269107209381117,0.5140845070422535,0.4181184668989547,"our learner on their 5-D state, to separate method from features"
ours_lgbm_5feat,ours (grouped drive K-fold),grid,fold4,3.0,491,0.3890020366598778,0.6336928674331614,1.629021978584724,0.7231239092495637,0.22735351930244138,0.6902284481371788,0.14989527876135791,0.6431718061674009,0.409798646366267,0.11518324607329843,0.9604291095627528,0.2198952879581152,0.9139035327423233,0.31413612565445026,0.8260317114447685,0.6233766233766234,0.5117056856187291,"our learner on their 5-D state, to separate method from features"
ours_lgbm_5feat,ours (grouped drive K-fold),grid,fold4,5.0,485,0.5422680412371134,0.7007482226021864,1.2922543268519409,0.6721303052101532,0.25209215399738977,0.7449261830563324,0.14655345949263676,0.7259684361549498,0.08144689884295425,0.03802281368821293,0.9828053027506822,0.21292775665399238,0.9079503915196346,0.27756653992395436,0.8608051153629545,0.6839378238341969,0.6205882352941177,"our learner on their 5-D state, to separate method from features"
departmental_q,theirs (capture -> capture),hom_only,10Sept->12Sept,0.5,726,0.06473829201101929,0.06590562648219203,1.0180315920440726,0.5311628489957071,0.29047797925507074,0.8029226215441324,0.45565718178426795,0.14092140921409213,0.5404451134036029,0.0,0.8769776020207724,0.0,0.7877758463380202,0.06382978723404255,0.7078168615258956,0.08074534161490683,0.0754414125200642,"Q(s,1)-Q(s,0), 1-NN lookup, no TTT filter"
departmental_q,theirs (capture -> capture),hom_only,10Sept->12Sept,1.0,726,0.11570247933884298,0.11831277835368614,1.0225604414854301,0.5343884438510607,0.28661525582180214,0.7946928863570357,0.40469299445644424,0.23196605374823193,0.3764160218258792,0.0,0.8769776020207724,0.0,0.7877758463380202,0.07142857142857142,0.7078168615258956,0.14241486068111456,0.13170731707317074,"Q(s,1)-Q(s,0), 1-NN lookup, no TTT filter"
departmental_q,theirs (capture -> capture),hom_only,10Sept->12Sept,2.0,721,0.20804438280166435,0.2195871746600449,1.0554823528659492,0.5574956217162873,0.27692375963920945,0.7750664002845391,0.31269257811729095,0.3723958333333333,0.3764160218258792,0.0,0.9303009412198261,0.013333333333333334,0.7877758463380202,0.06666666666666667,0.7180619857552885,0.26006191950464397,0.23381294964028776,"Q(s,1)-Q(s,0), 1-NN lookup, no TTT filter"
departmental_q,theirs (capture -> capture),hom_only,10Sept->12Sept,3.0,716,0.276536312849162,0.27070095006788647,0.9788983850939732,0.5221422721422722,0.27758870778993405,0.7762545979967684,0.24477930744899543,0.45828437132784955,0.33576611574196297,0.0,0.9303009412198261,0.015151515151515152,0.797491798732899,0.04040404040404041,0.7286338649691569,0.3023952095808383,0.30017761989342806,"Q(s,1)-Q(s,0), 1-NN lookup, no TTT filter"
departmental_q,theirs (capture -> capture),hom_only,10Sept->12Sept,5.0,706,0.37252124645892354,0.3787659268917149,1.0167632866370748,0.5386107511007734,0.2674901399584088,0.7544863185366381,0.1580418582415295,0.5711135611907386,0.33576611574196297,0.0,1.0,0.022813688212927757,0.797491798732899,0.057034220532319393,0.7286338649691569,0.4049079754601227,0.4045307443365696,"Q(s,1)-Q(s,0), 1-NN lookup, no TTT filter"
departmental_q_ttt,theirs (capture -> capture),hom_only,10Sept->12Sept,0.5,726,0.06473829201101929,0.06356719640579689,0.9819103104384795,0.519835176887162,0.1374570007700326,1.0264557773127305,0.16433960409789394,0.12903225806451613,0.383961322641029,0.0,0.8769776020207724,0.0,0.7877758463380202,0.0425531914893617,0.7072179865968202,0.06473829201101929,0.06473829201101929,their evaluation: TTT filter over the following 1.0s (uses future samples)
departmental_q_ttt,theirs (capture -> capture),hom_only,10Sept->12Sept,1.0,726,0.11570247933884298,0.11457183980635782,0.990228044040664,0.5315327844533452,0.1703181852503652,1.5973242438563746,0.18500076112268732,0.2074074074074074,0.0,0.0,0.8769776020207724,0.0,0.7877758463380202,0.05952380952380952,0.7072179865968202,0.11570247933884298,0.11570247933884298,their evaluation: TTT filter over the following 1.0s (uses future samples)
departmental_q_ttt,theirs (capture -> capture),hom_only,10Sept->12Sept,2.0,721,0.20804438280166435,0.20063216111596321,0.9643719210973966,0.5127203736135435,0.24122615104811707,2.804420676021737,0.24453613394600693,0.34443168771526983,0.0,0.0,0.9303009412198261,0.013333333333333334,0.7877758463380202,0.06,0.7078168615258956,0.20804438280166435,0.20804438280166435,their evaluation: TTT filter over the following 1.0s (uses future samples)
departmental_q_ttt,theirs (capture -> capture),hom_only,10Sept->12Sept,3.0,716,0.276536312849162,0.26668361951537145,0.9643710685505351,0.517935142935143,0.28892307581290666,3.6056481727538783,0.28833629852105397,0.43326039387308535,0.0,0.0,0.9303009412198261,0.015151515151515152,0.7877758463380202,0.04040404040404041,0.72333998627089,0.276536312849162,0.276536312849162,their evaluation: TTT filter over the following 1.0s (uses future samples)
departmental_q_ttt,theirs (capture -> capture),hom_only,10Sept->12Sept,5.0,706,0.37252124645892354,0.368163737489363,0.9883026565303812,0.5294869924211865,0.34983267044618255,4.727295132879559,0.34284564133359546,0.542827657378741,0.0,0.0,1.0,0.022813688212927757,0.7877758463380202,0.06463878326996197,0.7180619857552885,0.37252124645892354,0.37252124645892354,their evaluation: TTT filter over the following 1.0s (uses future samples)
departmental_gate,theirs (capture -> capture),hom_only,10Sept->12Sept,0.5,726,0.06473829201101929,0.06919450192018486,1.0688342211500896,0.5289850531131514,0.2327823691460055,3.752008568570925,0.23278236914600553,0.12435233160621761,1.0,0.0,inf,0.0,inf,0.0,inf,0.06473829201101929,0.06473829201101929,their gate alone (hom_only): neighbour >= serving + 3.0 dB
departmental_gate,theirs (capture -> capture),hom_only,10Sept->12Sept,1.0,726,0.11570247933884298,0.12715641560597973,1.0989947348802533,0.5411103693813973,0.2534435261707989,4.085027071681923,0.2534435261707989,0.2074074074074074,0.0,0.0,inf,0.0,inf,0.0,inf,0.11570247933884298,0.11570247933884298,their gate alone (hom_only): neighbour >= serving + 3.0 dB
departmental_gate,theirs (capture -> capture),hom_only,10Sept->12Sept,2.0,721,0.20804438280166435,0.2154367665406367,1.0355327245053272,0.5194687682428488,0.31345353675450766,5.0522741562760185,0.31345353675450766,0.34443168771526983,0.0,0.0,inf,0.0,inf,0.0,inf,0.20804438280166435,0.20804438280166435,their gate alone (hom_only): neighbour >= serving + 3.0 dB
departmental_gate,theirs (capture -> capture),hom_only,10Sept->12Sept,3.0,716,0.276536312849162,0.28919832750092184,1.0457878913669698,0.5266175266175266,0.3463687150837989,5.582804145655376,0.34636871508379885,0.43326039387308535,0.0,0.0,inf,0.0,inf,0.0,inf,0.276536312849162,0.276536312849162,their gate alone (hom_only): neighbour >= serving + 3.0 dB
departmental_gate,theirs (capture -> capture),hom_only,10Sept->12Sept,5.0,706,0.37252124645892354,0.3927933891419065,1.0544187556432927,0.5355380271052022,0.3909348441926346,6.301125272954045,0.3909348441926346,0.542827657378741,0.0,0.0,inf,0.0,inf,0.0,inf,0.37252124645892354,0.37252124645892354,their gate alone (hom_only): neighbour >= serving + 3.0 dB
reward_only_control,theirs (capture -> capture),hom_only,10Sept->12Sept,0.5,726,0.06473829201101929,0.08646498329858016,1.3356080398887062,0.6264845047472818,0.20866867791524588,2.2883560581913427,0.2453690510116842,0.15901060070671377,0.2413793103448276,0.0,inf,0.0,inf,0.0,inf,0.08670520231213873,0.08670520231213873,"rank by r(s,1) - r(s,0) directly; no Q-learning"
reward_only_control,theirs (capture -> capture),hom_only,10Sept->12Sept,1.0,726,0.11570247933884298,0.154230034516113,1.3329881554606908,0.6414571280225487,0.21698063763786388,2.211283456770594,0.19715968462049965,0.2686567164179105,0.2413793103448276,0.0,inf,0.0,inf,0.0,inf,0.15606936416184972,0.15606936416184972,"rank by r(s,1) - r(s,0) directly; no Q-learning"
reward_only_control,theirs (capture -> capture),hom_only,10Sept->12Sept,2.0,721,0.20804438280166435,0.2600362288217107,1.2499074732030226,0.626952714535902,0.2484988315541402,2.2730461016686867,0.16959204170452916,0.42469879518072295,0.2413793103448276,0.0,inf,0.0,inf,0.0,inf,0.27431906614785995,0.27431906614785995,"rank by r(s,1) - r(s,0) directly; no Q-learning"
reward_only_control,theirs (capture -> capture),hom_only,10Sept->12Sept,3.0,716,0.276536312849162,0.34208737647776793,1.2370432401923324,0.6326586326586328,0.2651422554952537,2.282288345040421,0.20318821036409168,0.5148514851485149,0.2413793103448276,0.0,inf,0.0,inf,0.0,inf,0.3575638506876228,0.3575638506876228,"rank by r(s,1) - r(s,0) directly; no Q-learning"
reward_only_control,theirs (capture -> capture),hom_only,10Sept->12Sept,5.0,706,0.37252124645892354,0.4529689262592607,1.2159546081332244,0.6424954295376323,0.2901240597831396,2.360167500819446,0.24899873009670803,0.6167979002624673,0.2413793103448276,0.0,inf,0.0,inf,0.0,inf,0.4709418837675351,0.4709418837675351,"rank by r(s,1) - r(s,0) directly; no Q-learning"
ours_lgbm,theirs (capture -> capture),hom_only,10Sept->12Sept,0.5,726,0.06473829201101929,0.37990776966213485,5.868362569674678,0.8342681665778837,0.05273354663895615,0.2556456008252929,0.050176253583311486,0.5274725274725275,0.2801314389540379,0.14893617021276595,0.8432871121059397,0.5531914893617021,0.10323779754225106,0.6595744680851063,0.015771261817908836,0.5454545454545454,0.20994475138121546,"same rows, same labels, 107 features"
ours_lgbm,theirs (capture -> capture),hom_only,10Sept->12Sept,1.0,726,0.11570247933884298,0.7678166695403836,6.636129786741887,0.9085447263017357,0.05137631086447677,0.25717700701674623,0.04651977044731524,0.7234042553191489,0.6646270418374352,0.6071428571428571,0.6646270418374352,0.6904761904761905,0.08701198997582447,0.75,0.029537920578434372,0.9545454545454546,0.40718562874251496,"same rows, same labels, 107 features"
ours_lgbm,theirs (capture -> capture),hom_only,10Sept->12Sept,2.0,721,0.20804438280166435,0.6571390736598093,3.1586484807248167,0.7975248102743724,0.12632641449150894,0.4644861210683774,0.09639777130150137,0.5705128205128205,0.33729570775255174,0.38,0.8802402985831519,0.46,0.6184022760708305,0.5266666666666666,0.43227689707908307,0.625,0.36363636363636365,"same rows, same labels, 107 features"
ours_lgbm,theirs (capture -> capture),hom_only,10Sept->12Sept,3.0,716,0.276536312849162,0.6522872774082511,2.3587762152742817,0.7588822588822589,0.16791545993058327,0.5589432417692481,0.11558676242847099,0.5686746987951807,0.3430078997446971,0.2777777777777778,0.9100886812882081,0.3939393939393939,0.752551684949157,0.47474747474747475,0.5687534048136633,0.6428571428571429,0.3803827751196172,"same rows, same labels, 107 features"
ours_lgbm,theirs (capture -> capture),hom_only,10Sept->12Sept,5.0,706,0.37252124645892354,0.6066636772066187,1.6285344338702388,0.697250856157035,0.23226849305495906,0.7772170978062717,0.17520855762890475,0.5918003565062389,0.34251901772197807,0.053231939163498096,0.9952722853446967,0.2509505703422053,0.911951703756895,0.38022813688212925,0.7755954472418535,0.6346153846153846,0.43775933609958506,"same rows, same labels, 107 features"
ours_lgbm_5feat,theirs (capture -> capture),hom_only,10Sept->12Sept,0.5,726,0.06473829201101929,0.2055765111495462,3.175501002012139,0.7198320433679065,0.07876789550115638,0.3109396429041142,0.07143067653540854,0.2838709677419355,0.16304301247226763,0.10638297872340426,0.9109650798916499,0.23404255319148937,0.541836057789139,0.3404255319148936,0.24547287412128874,0.14457831325301204,0.09004739336492891,"our learner on their 5-D state, to separate method from features"
ours_lgbm_5feat,theirs (capture -> capture),hom_only,10Sept->12Sept,1.0,726,0.11570247933884298,0.40933813110846484,3.5378509902945887,0.7440198041833557,0.10426356425392411,0.38750046378097974,0.08463232427083964,0.3884892086330935,0.6168345524099849,0.17857142857142858,0.9177461562157347,0.32142857142857145,0.6168345524099849,0.40476190476190477,0.4051471820123909,0.30201342281879195,0.16790123456790124,"our learner on their 5-D state, to separate method from features"
ours_lgbm_5feat,theirs (capture -> capture),hom_only,10Sept->12Sept,2.0,721,0.20804438280166435,0.5040018047042623,2.4225686746118207,0.74241097489784,0.1582848074981886,0.4948820573380347,0.1174546774875559,0.47840531561461797,0.4942144337989084,0.18,0.8549234696294272,0.2866666666666667,0.7015407994935502,0.3933333333333333,0.5895953380016007,0.423728813559322,0.32085561497326204,"our learner on their 5-D state, to separate method from features"
ours_lgbm_5feat,theirs (capture -> capture),hom_only,10Sept->12Sept,3.0,716,0.276536312849162,0.5406808624665451,1.9551893814446781,0.7443791193791194,0.1801847950443617,0.5449719082483012,0.09265346336205886,0.5441441441441441,0.2394363973507292,0.09595959595959595,0.9079411880277996,0.24242424242424243,0.728005969259691,0.3282828282828283,0.6481353024288544,0.5380434782608695,0.3935643564356436,"our learner on their 5-D state, to separate method from features"
ours_lgbm_5feat,theirs (capture -> capture),hom_only,10Sept->12Sept,5.0,706,0.37252124645892354,0.6309599581180279,1.6937556290164548,0.7263215717240729,0.20789970286354884,0.6149814079302307,0.09144373502712481,0.630057803468208,0.2758251161323326,0.1444866920152091,0.879086196879888,0.22433460076045628,0.7902535122792267,0.3269961977186312,0.715280933671932,0.5872340425531914,0.5084337349397591,"our learner on their 5-D state, to separate method from features"
departmental_q,theirs (capture -> capture),hom_only,13Sept->12Sept,0.5,726,0.06473829201101929,0.08740166679929627,1.3500768105593424,0.6309654372826122,0.3138664559371267,0.8636655301565491,0.48575119204599826,0.1751152073732719,0.5312331437197438,0.0,0.9159294610271037,0.06382978723404255,0.8153525439183703,0.10638297872340426,0.7773806572310676,0.0990990990990991,0.09819121447028424,"Q(s,1)-Q(s,0), 1-NN lookup, no TTT filter"
departmental_q,theirs (capture -> capture),hom_only,13Sept->12Sept,1.0,726,0.11570247933884298,0.14034500213428677,1.2129818041606213,0.6029613558819167,0.30603013940219526,0.8462747228932122,0.43478700471817466,0.2589928057553957,0.5634467637458859,0.0,0.9159294610271037,0.047619047619047616,0.8153525439183703,0.09523809523809523,0.7773806572310676,0.16216216216216217,0.14977973568281938,"Q(s,1)-Q(s,0), 1-NN lookup, no TTT filter"
departmental_q,theirs (capture -> capture),hom_only,13Sept->12Sept,2.0,721,0.20804438280166435,0.24956370101400993,1.1995695228740078,0.6278283712784589,0.286711890173081,0.8051113703747413,0.3423251892671352,0.4241164241164241,0.5634467637458859,0.0,0.9572699333419729,0.03333333333333333,0.8153525439183703,0.09333333333333334,0.7773806572310676,0.3081570996978852,0.2823529411764706,"Q(s,1)-Q(s,0), 1-NN lookup, no TTT filter"
departmental_q,theirs (capture -> capture),hom_only,13Sept->12Sept,3.0,716,0.276536312849162,0.3187262042761486,1.152565465968295,0.608970983970984,0.2785575620833619,0.7865518678486341,0.2732992934517885,0.48592592592592593,0.4786656694780451,0.0,0.9572699333419729,0.04040404040404041,0.8153525439183703,0.10606060606060606,0.7773806572310676,0.3793103448275862,0.3479212253829322,"Q(s,1)-Q(s,0), 1-NN lookup, no TTT filter"
departmental_q,theirs (capture -> capture),hom_only,13Sept->12Sept,5.0,706,0.37252124645892354,0.42003810666837116,1.1275547654291636,0.5898213871889726,0.26927902014969785,0.76455971528071,0.18175204410817072,0.5576102418207681,0.48741478854782194,0.0,0.9572699333419729,0.049429657794676805,0.8153525439183703,0.12167300380228137,0.769070242975368,0.4778481012658228,0.41291585127201563,"Q(s,1)-Q(s,0), 1-NN lookup, no TTT filter"
departmental_q_ttt,theirs (capture -> capture),hom_only,13Sept->12Sept,0.5,726,0.06473829201101929,0.07120093759935613,1.0998272488751606,0.5249428132735875,0.14429556031877236,1.0270324986610986,0.17130768484305997,0.12631578947368421,0.3914911953349332,0.02127659574468085,0.8648546567349031,0.0425531914893617,0.8153525439183703,0.0851063829787234,0.7658368302579452,0.06473829201101929,0.06473829201101929,their evaluation: TTT filter over the following 1.0s (uses future samples)
departmental_q_ttt,theirs (capture -> capture),hom_only,13Sept->12Sept,1.0,726,0.11570247933884298,0.12276952886023575,1.0610794994348947,0.5370308559560896,0.1747390969955417,1.5920513099732272,0.19196884186785337,0.2074074074074074,0.0,0.011904761904761904,0.8648546567349031,0.03571428571428571,0.8153525439183703,0.10714285714285714,0.7658368302579452,0.11570247933884298,0.11570247933884298,their evaluation: TTT filter over the following 1.0s (uses future samples)
departmental_q_ttt,theirs (capture -> capture),hom_only,13Sept->12Sept,2.0,721,0.20804438280166435,0.20792619520405983,0.999431911614181,0.5161179217746643,0.2447695426239387,2.796466395729753,0.25155253702643765,0.34443168771526983,0.0,0.006666666666666667,0.8651993031104367,0.02666666666666667,0.8153525439183703,0.09333333333333334,0.7658368302579452,0.20804438280166435,0.20804438280166435,their evaluation: TTT filter over the following 1.0s (uses future samples)
departmental_q_ttt,theirs (capture -> capture),hom_only,13Sept->12Sept,3.0,716,0.276536312849162,0.280479088701397,1.014257714697981,0.5235901485901486,0.28879854620874335,3.588525982574318,0.2854323003579702,0.43326039387308535,0.0,0.005050505050505051,0.8651993031104367,0.03535353535353535,0.8153525439183703,0.10101010101010101,0.7658368302579452,0.276536312849162,0.276536312849162,their evaluation: TTT filter over the following 1.0s (uses future samples)
departmental_q_ttt,theirs (capture -> capture),hom_only,13Sept->12Sept,5.0,706,0.37252124645892354,0.3883106757353784,1.0423853120501032,0.534821344273833,0.3471172445289069,4.702687384145968,0.33629851859676485,0.542827657378741,0.0,0.0038022813688212928,0.8651993031104367,0.060836501901140684,0.8149861563769152,0.14068441064638784,0.7226039059171876,0.37252124645892354,0.37252124645892354,their evaluation: TTT filter over the following 1.0s (uses future samples)
departmental_gate,theirs (capture -> capture),hom_only,13Sept->12Sept,0.5,726,0.06473829201101929,0.06919450192018486,1.0688342211500896,0.5289850531131514,0.2327823691460055,3.752008568570925,0.23278236914600553,0.12435233160621761,1.0,0.0,inf,0.0,inf,0.0,inf,0.06473829201101929,0.06473829201101929,their gate alone (hom_only): neighbour >= serving + 3.0 dB
departmental_gate,theirs (capture -> capture),hom_only,13Sept->12Sept,1.0,726,0.11570247933884298,0.12715641560597973,1.0989947348802533,0.5411103693813973,0.2534435261707989,4.085027071681923,0.2534435261707989,0.2074074074074074,0.0,0.0,inf,0.0,inf,0.0,inf,0.11570247933884298,0.11570247933884298,their gate alone (hom_only): neighbour >= serving + 3.0 dB
departmental_gate,theirs (capture -> capture),hom_only,13Sept->12Sept,2.0,721,0.20804438280166435,0.2154367665406367,1.0355327245053272,0.5194687682428488,0.31345353675450766,5.0522741562760185,0.31345353675450766,0.34443168771526983,0.0,0.0,inf,0.0,inf,0.0,inf,0.20804438280166435,0.20804438280166435,their gate alone (hom_only): neighbour >= serving + 3.0 dB
departmental_gate,theirs (capture -> capture),hom_only,13Sept->12Sept,3.0,716,0.276536312849162,0.28919832750092184,1.0457878913669698,0.5266175266175266,0.3463687150837989,5.582804145655376,0.34636871508379885,0.43326039387308535,0.0,0.0,inf,0.0,inf,0.0,inf,0.276536312849162,0.276536312849162,their gate alone (hom_only): neighbour >= serving + 3.0 dB
departmental_gate,theirs (capture -> capture),hom_only,13Sept->12Sept,5.0,706,0.37252124645892354,0.3927933891419065,1.0544187556432927,0.5355380271052022,0.3909348441926346,6.301125272954045,0.3909348441926346,0.542827657378741,0.0,0.0,inf,0.0,inf,0.0,inf,0.37252124645892354,0.37252124645892354,their gate alone (hom_only): neighbour >= serving + 3.0 dB
reward_only_control,theirs (capture -> capture),hom_only,13Sept->12Sept,0.5,726,0.06473829201101929,0.08646498329858016,1.3356080398887062,0.6264845047472818,0.20866867791524588,2.2883560581913427,0.2453690510116842,0.15901060070671377,0.2413793103448276,0.0,inf,0.0,inf,0.0,inf,0.08670520231213873,0.08670520231213873,"rank by r(s,1) - r(s,0) directly; no Q-learning"
reward_only_control,theirs (capture -> capture),hom_only,13Sept->12Sept,1.0,726,0.11570247933884298,0.154230034516113,1.3329881554606908,0.6414571280225487,0.21698063763786388,2.211283456770594,0.19715968462049965,0.2686567164179105,0.2413793103448276,0.0,inf,0.0,inf,0.0,inf,0.15606936416184972,0.15606936416184972,"rank by r(s,1) - r(s,0) directly; no Q-learning"
reward_only_control,theirs (capture -> capture),hom_only,13Sept->12Sept,2.0,721,0.20804438280166435,0.2600362288217107,1.2499074732030226,0.626952714535902,0.2484988315541402,2.2730461016686867,0.16959204170452916,0.42469879518072295,0.2413793103448276,0.0,inf,0.0,inf,0.0,inf,0.27431906614785995,0.27431906614785995,"rank by r(s,1) - r(s,0) directly; no Q-learning"
reward_only_control,theirs (capture -> capture),hom_only,13Sept->12Sept,3.0,716,0.276536312849162,0.34208737647776793,1.2370432401923324,0.6326586326586328,0.2651422554952537,2.282288345040421,0.20318821036409168,0.5148514851485149,0.2413793103448276,0.0,inf,0.0,inf,0.0,inf,0.3575638506876228,0.3575638506876228,"rank by r(s,1) - r(s,0) directly; no Q-learning"
reward_only_control,theirs (capture -> capture),hom_only,13Sept->12Sept,5.0,706,0.37252124645892354,0.4529689262592607,1.2159546081332244,0.6424954295376323,0.2901240597831396,2.360167500819446,0.24899873009670803,0.6167979002624673,0.2413793103448276,0.0,inf,0.0,inf,0.0,inf,0.4709418837675351,0.4709418837675351,"rank by r(s,1) - r(s,0) directly; no Q-learning"
ours_lgbm,theirs (capture -> capture),hom_only,13Sept->12Sept,0.5,726,0.06473829201101929,0.4026014775474026,6.2189079297747725,0.8796101902046187,0.05245957467964165,0.25804586291343984,0.04993970599723293,0.5825242718446602,0.2639409755689419,0.14893617021276595,0.9777154561714505,0.6382978723404256,0.2639409755689419,0.7021276595744681,0.020489798223819407,0.5625,0.16412213740458015,"same rows, same labels, 107 features"
ours_lgbm,theirs (capture -> capture),hom_only,13Sept->12Sept,1.0,726,0.11570247933884298,0.7407983428103735,6.402614248575371,0.8741840973149384,0.0507063250666139,0.27805665530406926,0.04876187724778589,0.7310344827586208,0.3792883843948045,0.6071428571428571,0.661525274499206,0.6547619047619048,0.100601639696185,0.7261904761904762,0.03143513941270853,0.9791666666666666,0.29955947136563876,"same rows, same labels, 107 features"
ours_lgbm,theirs (capture -> capture),hom_only,13Sept->12Sept,2.0,721,0.20804438280166435,0.6703482098422521,3.222140395308425,0.8129246935201401,0.12014303446100537,0.4872595721221339,0.09192866138206347,0.6106870229007633,0.3988555721650261,0.35333333333333333,0.8761572516788481,0.5,0.4556102567388178,0.5666666666666667,0.2736699734350217,0.7281553398058253,0.3409090909090909,"same rows, same labels, 107 features"
ours_lgbm,theirs (capture -> capture),hom_only,13Sept->12Sept,3.0,716,0.276536312849162,0.6788150116000905,2.4547047894225495,0.7936020436020434,0.15665887473020368,0.5773787495100248,0.11224055212974925,0.6356589147286822,0.3417748257698187,0.24242424242424243,0.9599255625224089,0.3939393939393939,0.7644232152900288,0.5656565656565656,0.4804119491859124,0.6917808219178082,0.40100250626566414,"same rows, same labels, 107 features"
ours_lgbm,theirs (capture -> capture),hom_only,13Sept->12Sept,5.0,706,0.37252124645892354,0.687594052715949,1.84578479550365,0.7498219021706478,0.21492941444614727,0.7142832563533308,0.15712748466884405,0.6184615384615385,0.16305885687851296,0.20152091254752852,0.9727395357178547,0.33840304182509506,0.8965451401213117,0.4296577946768061,0.8024257613056521,0.6716417910447762,0.4817351598173516,"same rows, same labels, 107 features"
ours_lgbm_5feat,theirs (capture -> capture),hom_only,13Sept->12Sept,0.5,726,0.06473829201101929,0.2382201716995515,3.679741375614349,0.7627612571679252,0.07986138719191724,0.3377281651651758,0.0814203412112617,0.339622641509434,0.5011156535044209,0.0851063829787234,0.9813317242828565,0.3191489361702128,0.6055418455975632,0.40425531914893614,0.3060819697187323,0.1791044776119403,0.13286713286713286,"our learner on their 5-D state, to separate method from features"
ours_lgbm_5feat,theirs (capture -> capture),hom_only,13Sept->12Sept,1.0,726,0.11570247933884298,0.4527647846084977,3.91318135268773,0.7660862631657024,0.1166307512344182,0.4279753704397861,0.11888297505242124,0.452054794520548,0.7324922374485049,0.21428571428571427,0.9755146574753057,0.39285714285714285,0.7324922374485049,0.4523809523809524,0.5543842449655284,0.34146341463414637,0.18888888888888888,"our learner on their 5-D state, to separate method from features"
ours_lgbm_5feat,theirs (capture -> capture),hom_only,13Sept->12Sept,2.0,721,0.20804438280166435,0.4914578544588306,2.362274087098779,0.7499241097489784,0.18595735397850555,0.5828574269408906,0.15629108006595469,0.48041775456919056,0.41735197909227184,0.12,0.9679748744123363,0.24,0.9045150114870083,0.37333333333333335,0.7636307001347475,0.45180722891566266,0.3288409703504043,"our learner on their 5-D state, to separate method from features"
ours_lgbm_5feat,theirs (capture -> capture),hom_only,13Sept->12Sept,3.0,716,0.276536312849162,0.5440423243399595,1.96734497084551,0.7396601146601146,0.21013521239994218,0.6245140153827501,0.1596232026059937,0.5401929260450161,0.18139545587296035,0.12121212121212122,0.9454140866583208,0.24242424242424243,0.8929608504664173,0.3484848484848485,0.8091706757525532,0.4900990099009901,0.4004914004914005,"our learner on their 5-D state, to separate method from features"
ours_lgbm_5feat,theirs (capture -> capture),hom_only,13Sept->12Sept,5.0,706,0.37252124645892354,0.6011680231184117,1.613781841526991,0.7184123114952492,0.23389556716313029,0.6930190748938589,0.1667230491956611,0.6077032810271041,0.2682109277392967,0.06463878326996197,0.9654037989173809,0.20152091254752852,0.9102487760450639,0.3269961977186312,0.8401183668483924,0.5708333333333333,0.4863013698630137,"our learner on their 5-D state, to separate method from features"
departmental_q,ours (grouped drive K-fold),hom_only,fold0,0.5,649,0.06471494607087827,0.09160939155850498,1.4155832171778508,0.5341256766297953,0.35022084335389714,1.0056421482210582,0.5245406612372403,0.16455696202531644,0.7451625614250726,0.023809523809523808,0.8886615802127473,0.11904761904761904,0.8147535560669524,0.16666666666666666,0.7964772197166832,0.0736196319018405,0.06507936507936508,"Q(s,1)-Q(s,0), 1-NN lookup, no TTT filter"
departmental_q,ours (grouped drive K-fold),hom_only,fold0,1.0,649,0.1263482280431433,0.14960490844736113,1.1840681168577727,0.5262076827117479,0.33847592361736106,0.979368763515091,0.4629073792649753,0.22752808988764042,0.4049737997921608,0.0,1.0,0.08536585365853659,0.8147535560669524,0.10975609756097561,0.7964772197166832,0.13649025069637882,0.12857142857142856,"Q(s,1)-Q(s,0), 1-NN lookup, no TTT filter"
departmental_q,ours (grouped drive K-fold),hom_only,fold0,2.0,646,0.22445820433436534,0.26423719913103283,1.1772222802665324,0.5151077156032763,0.3210702011175871,0.9385464182329576,0.36517762934579123,0.37046632124352324,0.4049737997921608,0.034482758620689655,0.8565835502330801,0.09655172413793103,0.8093043771457757,0.1310344827586207,0.7964772197166832,0.22899505766062603,0.22899505766062603,"Q(s,1)-Q(s,0), 1-NN lookup, no TTT filter"
departmental_q,ours (grouped drive K-fold),hom_only,fold0,3.0,642,0.3037383177570093,0.35330338321382215,1.1631834462731991,0.5258131130614352,0.3040882106348247,0.9005857005167635,0.28762677645191,0.46943765281173594,0.4049737997921608,0.015384615384615385,0.8886615802127473,0.09743589743589744,0.8081037576792578,0.14358974358974358,0.7964772197166832,0.3101160862354892,0.3101160862354892,"Q(s,1)-Q(s,0), 1-NN lookup, no TTT filter"
departmental_q,ours (grouped drive K-fold),hom_only,fold0,5.0,631,0.4152139461172742,0.44841949410926174,1.0799721403929166,0.5257452574525745,0.2850335484458644,0.882919505460331,0.18489291097018115,0.5903890160183066,0.4049737997921608,0.003816793893129771,0.8985311303238861,0.06870229007633588,0.809809893992576,0.1183206106870229,0.7964772197166832,0.42776203966005666,0.4239864864864865,"Q(s,1)-Q(s,0), 1-NN lookup, no TTT filter"
departmental_q_ttt,ours (grouped drive K-fold),hom_only,fold0,0.5,649,0.06471494607087827,0.08675811006319481,1.3406193674050817,0.529104887424492,0.10113359620627474,1.0334013667239108,0.1134743754759695,0.13793103448275862,0.8348570468164015,0.047619047619047616,0.8565835502330801,0.11904761904761904,0.7451625614250726,0.14285714285714285,0.22871224187699862,0.06471494607087827,0.06471494607087827,their evaluation: TTT filter over the following 1.0s (uses future samples)
departmental_q_ttt,ours (grouped drive K-fold),hom_only,fold0,1.0,649,0.1263482280431433,0.14331063318866302,1.1342512309688084,0.524745128403665,0.15186848073597187,1.895221240513475,0.15969933695516828,0.2243502051983584,0.0,0.024390243902439025,0.8565835502330801,0.10975609756097561,0.7182492791042978,0.13414634146341464,0.22871224187699862,0.1263482280431433,0.1263482280431433,their evaluation: TTT filter over the following 1.0s (uses future samples)
departmental_q_ttt,ours (grouped drive K-fold),hom_only,fold0,2.0,646,0.22445820433436534,0.2684983465170458,1.196206426551804,0.5439259412210062,0.22365719990032928,3.1568742420815097,0.22744807456453536,0.36662452591656136,0.0,0.05517241379310345,0.8420503777798616,0.11724137931034483,0.6644227144627484,0.15862068965517243,0.22871224187699862,0.22445820433436534,0.22445820433436534,their evaluation: TTT filter over the following 1.0s (uses future samples)
departmental_q_ttt,ours (grouped drive K-fold),hom_only,fold0,3.0,642,0.3037383177570093,0.34585474825172213,1.1386602480902852,0.545000860437102,0.2864704956117479,4.243323426282947,0.28493996287957923,0.4659498207885305,0.0,0.03076923076923077,0.8494233904283458,0.11794871794871795,0.6533057346454471,0.15384615384615385,0.22871224187699862,0.3037383177570093,0.3037383177570093,their evaluation: TTT filter over the following 1.0s (uses future samples)
departmental_q_ttt,ours (grouped drive K-fold),hom_only,fold0,5.0,631,0.4152139461172742,0.4408708640942958,1.0617920429141245,0.5320445189184716,0.38816358626776987,5.941026236070011,0.3914223318725632,0.5867861142217246,0.0,0.022900763358778626,0.8546942378141617,0.10305343511450382,0.6159788062853537,0.12595419847328243,0.22871224187699862,0.4152139461172742,0.4152139461172742,their evaluation: TTT filter over the following 1.0s (uses future samples)
departmental_gate,ours (grouped drive K-fold),hom_only,fold0,0.5,649,0.06471494607087827,0.06975566806075281,1.0778911564625853,0.5269475170628383,0.1386748844375963,2.2351751379270803,0.1386748844375963,0.1215629522431259,0.0,0.0,inf,0.0,inf,0.14285714285714285,1.0,0.06471494607087827,0.06471494607087827,their gate alone (hom_only): neighbour >= serving + 3.0 dB
departmental_gate,ours (grouped drive K-fold),hom_only,fold0,1.0,649,0.1263482280431433,0.13399257143572976,1.0605021812413244,0.5238632941884975,0.18489984591679506,2.9802334838841182,0.1848998459167951,0.2243502051983584,0.0,0.0,inf,0.0,inf,0.13414634146341464,1.0,0.1263482280431433,0.1263482280431433,their gate alone (hom_only): neighbour >= serving + 3.0 dB
departmental_gate,ours (grouped drive K-fold),hom_only,fold0,2.0,646,0.22445820433436534,0.2506896732669505,1.1168657167617244,0.5433822011150113,0.24458204334365324,3.9421968446909696,0.24458204334365324,0.36662452591656136,0.0,0.0,inf,0.0,inf,0.15862068965517243,1.0,0.22445820433436534,0.22445820433436534,their gate alone (hom_only): neighbour >= serving + 3.0 dB
departmental_gate,ours (grouped drive K-fold),hom_only,fold0,3.0,642,0.3037383177570093,0.33523620368226736,1.1037007321231573,0.5444845981758732,0.30218068535825543,4.8705772602822135,0.3021806853582555,0.4659498207885305,0.0,0.0,inf,0.0,inf,0.15384615384615385,1.0,0.3037383177570093,0.3037383177570093,their gate alone (hom_only): neighbour >= serving + 3.0 dB
departmental_gate,ours (grouped drive K-fold),hom_only,fold0,5.0,631,0.4152139461172742,0.43713901615375717,1.0528042717290869,0.5318117875835247,0.3993660855784469,6.437020827184796,0.39936608557844694,0.5867861142217246,0.0,0.0,inf,0.0,inf,0.12595419847328243,1.0,0.4152139461172742,0.4152139461172742,their gate alone (hom_only): neighbour >= serving + 3.0 dB
reward_only_control,ours (grouped drive K-fold),hom_only,fold0,0.5,649,0.06471494607087827,0.09254338009844618,1.4300155639021803,0.6320310661332078,0.14121300840643333,1.0314056184164748,0.2111933992743178,0.15725806451612903,0.2903225806451613,0.0,inf,0.11904761904761904,1.0,0.14285714285714285,0.7096774193548387,0.08590308370044053,0.08590308370044053,"rank by r(s,1) - r(s,0) directly; no Q-learning"
reward_only_control,ours (grouped drive K-fold),hom_only,fold0,1.0,649,0.1263482280431433,0.1679324644556907,1.3291240174602839,0.6234245278960727,0.16139293782638464,1.0160641039654692,0.14956011730205276,0.2761194029850746,0.2903225806451613,0.0,inf,0.0975609756097561,1.0,0.13414634146341464,0.7096774193548387,0.16299559471365638,0.16299559471365638,"rank by r(s,1) - r(s,0) directly; no Q-learning"
reward_only_control,ours (grouped drive K-fold),hom_only,fold0,2.0,646,0.22445820433436534,0.2945066199642292,1.3120777689440832,0.6273246610227821,0.1885162192375718,0.9398697740892629,0.07390392489763312,0.41946308724832215,0.2903225806451613,0.0,inf,0.10344827586206896,1.0,0.15862068965517243,0.7096774193548387,0.2771618625277162,0.2771618625277162,"rank by r(s,1) - r(s,0) directly; no Q-learning"
reward_only_control,ours (grouped drive K-fold),hom_only,fold0,3.0,642,0.3037383177570093,0.3828616854869367,1.2604984722185302,0.6220214535650779,0.21762928673078735,0.9325617609806589,0.09511606873681032,0.5069984447900466,0.2903225806451613,0.0,inf,0.09743589743589744,1.0,0.15384615384615385,0.7096774193548387,0.3638392857142857,0.3638392857142857,"rank by r(s,1) - r(s,0) directly; no Q-learning"
reward_only_control,ours (grouped drive K-fold),hom_only,fold0,5.0,631,0.4152139461172742,0.4880661984721784,1.1754571421219258,0.614074556776102,0.2692140879399596,1.02612712250048,0.19257706661213636,0.6077032810271041,0.2903225806451613,0.0,inf,0.07633587786259542,1.0,0.12595419847328243,0.7096774193548387,0.48519362186788156,0.48519362186788156,"rank by r(s,1) - r(s,0) directly; no Q-learning"
ours_lgbm,ours (grouped drive K-fold),hom_only,fold0,0.5,649,0.06471494607087827,0.3723652465725725,5.753929643466656,0.894602651604299,0.05677843257536833,0.2558115023022756,0.0512693430963858,0.5631067961165048,0.3521020809744519,0.023809523809523808,0.9859175735850544,0.6428571428571429,0.47811198967500473,0.7380952380952381,0.0973040578577648,0.5238095238095238,0.3434343434343434,"same rows, same labels, 107 features"
ours_lgbm,ours (grouped drive K-fold),hom_only,fold0,1.0,649,0.1263482280431433,0.839985728799118,6.64817973159302,0.9199681679356476,0.041666272409229835,0.236444249268757,0.04343677877087075,0.8163265306122449,0.8621446738097401,0.7317073170731707,0.8621446738097401,0.7682926829268293,0.17758374707277505,0.8170731707317073,0.025228832893841476,1.0,0.673469387755102,"same rows, same labels, 107 features"
ours_lgbm,ours (grouped drive K-fold),hom_only,fold0,2.0,646,0.22445820433436534,0.6922538569909852,3.084110287008113,0.817275793241104,0.1328588356777318,0.5541700018368293,0.11357617589104485,0.6071428571428571,0.2524698048352734,0.38620689655172413,0.973460216671827,0.4689655172413793,0.7806448413479562,0.5862068965517241,0.2524698048352734,0.6952380952380952,0.3926174496644295,"same rows, same labels, 107 features"
ours_lgbm,ours (grouped drive K-fold),hom_only,fold0,3.0,642,0.3037383177570093,0.6315125432201271,2.0791336038324184,0.7512877875293982,0.19941629846391407,0.772715162607244,0.17711656080083304,0.5788497217068647,0.047148142091844446,0.2,0.9961914530163987,0.3487179487179487,0.9135026629077077,0.4512820512820513,0.6308088886298875,0.5591397849462365,0.45348837209302323,"same rows, same labels, 107 features"
ours_lgbm,ours (grouped drive K-fold),hom_only,fold0,5.0,631,0.4152139461172742,0.6455024372167603,1.554626098793037,0.696601088148286,0.2651175134641582,0.9297363277376864,0.21103802582690856,0.6261319534282018,0.02291787778273598,0.10687022900763359,0.997585685171584,0.2595419847328244,0.9721948656293803,0.3282442748091603,0.8940314615880045,0.6100917431192661,0.49414519906323184,"same rows, same labels, 107 features"
ours_lgbm_5feat,ours (grouped drive K-fold),hom_only,fold0,0.5,649,0.06471494607087827,0.1683977005926438,2.60214542106252,0.7736722366046912,0.10335732677570456,0.3778144907815018,0.10571311495533504,0.29090909090909084,0.6198948142544792,0.0,0.995469037234347,0.14285714285714285,0.9134368532895099,0.38095238095238093,0.6198948142544792,0.17266187050359713,0.12056737588652482,"our learner on their 5-D state, to separate method from features"
ours_lgbm_5feat,ours (grouped drive K-fold),hom_only,fold0,1.0,649,0.1263482280431433,0.4508987147367838,3.5686983641972274,0.7898868671226396,0.12019016506419618,0.432461359062673,0.1066859023196051,0.46249999999999997,0.6874229433148551,0.18292682926829268,0.9641229020083185,0.34146341463414637,0.8194363490624339,0.47560975609756095,0.5324964029426498,0.3853211009174312,0.24444444444444444,"our learner on their 5-D state, to separate method from features"
ours_lgbm_5feat,ours (grouped drive K-fold),hom_only,fold0,2.0,646,0.22445820433436534,0.4744021897535633,2.1135435488331162,0.7398857457498795,0.18839827327629993,0.6315419716244449,0.1541662857405661,0.5092024539877301,0.5054659447669946,0.06896551724137931,0.9824866027931566,0.25517241379310346,0.8823755782862397,0.38620689655172413,0.7568801454212828,0.48344370860927155,0.32222222222222224,"our learner on their 5-D state, to separate method from features"
ours_lgbm_5feat,ours (grouped drive K-fold),hom_only,fold0,3.0,642,0.3037383177570093,0.5002965158288697,1.6471300674981249,0.7022772901967533,0.22905907111331544,0.7172208440524197,0.18188867808822395,0.5384615384615384,0.24386791465900498,0.02564102564102564,0.9895347850699856,0.18461538461538463,0.8996926321221417,0.3282051282051282,0.803510850188387,0.4854368932038835,0.3842364532019704,"our learner on their 5-D state, to separate method from features"
ours_lgbm_5feat,ours (grouped drive K-fold),hom_only,fold0,5.0,631,0.4152139461172742,0.6049618486665485,1.4569882691167635,0.7003661639669831,0.23985096683229154,0.7289369625194877,0.14850106653668893,0.6442577030812325,0.2025199632527711,0.04198473282442748,0.9835313216043714,0.183206106870229,0.9282660008129531,0.29770992366412213,0.8229108513952481,0.5954545454545455,0.5208845208845209,"our learner on their 5-D state, to separate method from features"
departmental_q,ours (grouped drive K-fold),hom_only,fold1,0.5,717,0.08089260808926081,0.09121896280128872,1.127655109112483,0.46675998116268114,0.30494326693986057,0.8209337745961173,0.45019507269353354,0.15425531914893617,0.3210881746335982,0.017241379310344827,0.8566163440279624,0.08620689655172414,0.7938929863029266,0.1206896551724138,0.7769272531277114,0.08357348703170028,0.08357348703170028,"Q(s,1)-Q(s,0), 1-NN lookup, no TTT filter"
departmental_q,ours (grouped drive K-fold),hom_only,fold1,1.0,717,0.1394700139470014,0.16379135909745018,1.1743840447287177,0.4890518638573744,0.29937000268478,0.80984486114395,0.3942522200496656,0.24937027707808568,0.3210881746335982,0.02,0.8566163440279624,0.08,0.7912734117025635,0.13,0.7769272531277114,0.14265129682997119,0.14265129682997119,"Q(s,1)-Q(s,0), 1-NN lookup, no TTT filter"
departmental_q,ours (grouped drive K-fold),hom_only,fold1,2.0,712,0.24859550561797752,0.26449322785088136,1.063950159490551,0.48601826917999896,0.2930307444525178,0.7944901967973867,0.2928137586980901,0.4050632911392405,0.32085301647688774,0.011299435028248588,0.8566163440279624,0.07344632768361582,0.7912734117025635,0.11864406779661017,0.7769272531277114,0.2543352601156069,0.2543352601156069,"Q(s,1)-Q(s,0), 1-NN lookup, no TTT filter"
departmental_q,ours (grouped drive K-fold),hom_only,fold1,3.0,707,0.3352192362093352,0.3458949476960512,1.0318469536755621,0.4776281533351289,0.2896325601555288,0.7857933692415902,0.22741680873904926,0.5075268817204301,0.3184469772313879,0.008438818565400843,0.8566163440279624,0.08438818565400844,0.7886851609632307,0.1308016877637131,0.769814028730292,0.34054834054834054,0.34054834054834054,"Q(s,1)-Q(s,0), 1-NN lookup, no TTT filter"
departmental_q,ours (grouped drive K-fold),hom_only,fold1,5.0,698,0.45702005730659023,0.4710651872189401,1.030731977049593,0.492067890257318,0.27860142339934063,0.7611448067448606,0.17279632004607937,0.6294820717131474,0.31726444799773135,0.0,0.8774352516639533,0.06269592476489028,0.7912734117025635,0.13166144200626959,0.769814028730292,0.46131386861313867,0.46131386861313867,"Q(s,1)-Q(s,0), 1-NN lookup, no TTT filter"
departmental_q_ttt,ours (grouped drive K-fold),hom_only,fold1,0.5,717,0.08089260808926081,0.09354875315581845,1.1564561381503764,0.5387080738841504,0.11935874340727727,1.195553276565637,0.13039878095866705,0.15714285714285714,0.3303287900371973,0.017241379310344827,0.8566163440279624,0.06896551724137931,0.7903044178237701,0.13793103448275862,0.4831281121362137,0.08089260808926081,0.08089260808926081,their evaluation: TTT filter over the following 1.0s (uses future samples)
departmental_q_ttt,ours (grouped drive K-fold),hom_only,fold1,1.0,717,0.1394700139470014,0.17392652813578263,1.2470532067335613,0.5607860615883307,0.15520256484888156,1.8751898575638906,0.15829278374806732,0.2447980416156671,0.0,0.04,0.8411454126654369,0.11,0.769814028730292,0.22,0.32846540230419974,0.1394700139470014,0.1394700139470014,their evaluation: TTT filter over the following 1.0s (uses future samples)
departmental_q_ttt,ours (grouped drive K-fold),hom_only,fold1,2.0,712,0.24859550561797752,0.2721652154136425,1.0948114879916016,0.5432652199165743,0.24495286811793768,3.392692625967716,0.24041235147090026,0.39820022497187846,0.0,0.011299435028248588,0.8566163440279624,0.07909604519774012,0.769814028730292,0.1807909604519774,0.32846540230419974,0.24859550561797752,0.24859550561797752,their evaluation: TTT filter over the following 1.0s (uses future samples)
departmental_q_ttt,ours (grouped drive K-fold),hom_only,fold1,3.0,707,0.3352192362093352,0.35897137801347684,1.0708555453819752,0.5403447347158632,0.3155133817141098,4.5911136741108995,0.3077542855317242,0.5021186440677966,0.0,0.008438818565400843,0.8566163440279624,0.08860759493670886,0.7587823336284532,0.16877637130801687,0.32846540230419974,0.3352192362093352,0.3352192362093352,their evaluation: TTT filter over the following 1.0s (uses future samples)
departmental_q_ttt,ours (grouped drive K-fold),hom_only,fold1,5.0,698,0.45702005730659023,0.4724632209948775,1.0337909976627726,0.528506794815593,0.42254650589422327,6.3914529814233445,0.4101684043119331,0.6273352999016716,0.0,0.006269592476489028,0.8566163440279624,0.09090909090909091,0.7281885138037391,0.14420062695924765,0.32846540230419974,0.45702005730659023,0.45702005730659023,their evaluation: TTT filter over the following 1.0s (uses future samples)
departmental_gate,ours (grouped drive K-fold),hom_only,fold1,0.5,717,0.08089260808926081,0.09068592940511143,1.1210657135080153,0.5401993616241955,0.16596931659693165,2.675109403489458,0.16596931659693165,0.15602836879432622,1.0,0.0,inf,0.0,inf,0.0,inf,0.08089260808926081,0.08089260808926081,their gate alone (hom_only): neighbour >= serving + 3.0 dB
departmental_gate,ours (grouped drive K-fold),hom_only,fold1,1.0,717,0.1394700139470014,0.1670998638907093,1.1981060240963857,0.5605672609400324,0.19386331938633194,3.124707605739634,0.19386331938633194,0.2447980416156671,0.0,0.0,inf,0.0,inf,0.22,1.0,0.1394700139470014,0.1394700139470014,their gate alone (hom_only): neighbour >= serving + 3.0 dB
departmental_gate,ours (grouped drive K-fold),hom_only,fold1,2.0,712,0.24859550561797752,0.27420425532573744,1.1030137276379948,0.5436665082633719,0.273876404494382,4.414366156830328,0.273876404494382,0.39820022497187846,0.0,0.0,inf,0.0,inf,0.1807909604519774,1.0,0.24859550561797752,0.24859550561797752,their gate alone (hom_only): neighbour >= serving + 3.0 dB
departmental_gate,ours (grouped drive K-fold),hom_only,fold1,3.0,707,0.3352192362093352,0.3619885061307685,1.0798560077403094,0.5407711643774128,0.33663366336633666,5.4258936518382805,0.33663366336633666,0.5021186440677966,0.0,0.0,inf,0.0,inf,0.16877637130801687,1.0,0.3352192362093352,0.3352192362093352,their gate alone (hom_only): neighbour >= serving + 3.0 dB
departmental_gate,ours (grouped drive K-fold),hom_only,fold1,5.0,698,0.45702005730659023,0.47508240053693235,1.0395219923974257,0.5285646934268534,0.4383954154727794,7.066099295717219,0.4383954154727794,0.6273352999016716,0.0,0.0,inf,0.0,inf,0.14420062695924765,1.0,0.45702005730659023,0.45702005730659023,their gate alone (hom_only): neighbour >= serving + 3.0 dB
reward_only_control,ours (grouped drive K-fold),hom_only,fold1,0.5,717,0.08089260808926081,0.10607709313947641,1.3113323410518032,0.6201794777876615,0.14198366705996918,0.5572301191995946,0.1678139200071984,0.18274111675126903,0.22580645161290322,0.0,1.0,0.0,1.0,0.1206896551724138,0.9354838709677419,0.10131332082551595,0.10131332082551595,"rank by r(s,1) - r(s,0) directly; no Q-learning"
reward_only_control,ours (grouped drive K-fold),hom_only,fold1,1.0,717,0.1394700139470014,0.19598319802323902,1.4051995298266238,0.6512155591572122,0.1562006104171474,0.6018214963833173,0.11202591442839785,0.3001579778830964,0.22580645161290322,0.0,1.0,0.0,1.0,0.22,0.6451612903225806,0.17823639774859287,0.17823639774859287,"rank by r(s,1) - r(s,0) directly; no Q-learning"
reward_only_control,ours (grouped drive K-fold),hom_only,fold1,2.0,712,0.24859550561797752,0.33493913509449935,1.3473257863688335,0.6577960821585089,0.19939289597680318,0.7320960062721833,0.11213301920985869,0.47875354107648727,0.22580645161290322,0.005649717514124294,1.0,0.005649717514124294,1.0,0.1807909604519774,0.6451612903225806,0.31947069943289225,0.31947069943289225,"rank by r(s,1) - r(s,0) directly; no Q-learning"
reward_only_control,ours (grouped drive K-fold),hom_only,fold1,3.0,707,0.3352192362093352,0.43411710129816056,1.295024432986496,0.6584029086991652,0.2371571927521279,0.9690396768373843,0.17552584751562714,0.580814717477004,0.22580645161290322,0.004219409282700422,1.0,0.004219409282700422,1.0,0.16877637130801687,0.6451612903225806,0.4217557251908397,0.4217557251908397,"rank by r(s,1) - r(s,0) directly; no Q-learning"
reward_only_control,ours (grouped drive K-fold),hom_only,fold1,5.0,698,0.45702005730659023,0.5566740173703332,1.2180516116755253,0.6543907825410874,0.30141716037198596,1.4107776764545965,0.2778445327664295,0.6889952153110048,0.22580645161290322,0.003134796238244514,1.0,0.003134796238244514,1.0,0.14420062695924765,0.6451612903225806,0.5570599613152805,0.5570599613152805,"rank by r(s,1) - r(s,0) directly; no Q-learning"
ours_lgbm,ours (grouped drive K-fold),hom_only,fold1,0.5,717,0.08089260808926081,0.46710336799303614,5.774364049155292,0.9027261786405735,0.0604375501131241,0.25992141208092884,0.059055963126936686,0.6308724832214766,0.026743614992073183,0.13793103448275862,0.9609726902509594,0.6896551724137931,0.16159653097425844,0.8275862068965517,0.013319867131735016,0.5633802816901409,0.5164835164835165,"same rows, same labels, 107 features"
ours_lgbm,ours (grouped drive K-fold),hom_only,fold1,1.0,717,0.1394700139470014,0.8164480114459869,5.853932242067726,0.9227876823338736,0.05144724904187528,0.27478820617573957,0.05064795487663375,0.7912087912087912,0.6354914348329478,0.63,0.988259033619879,0.77,0.08673808035435686,0.79,0.03657424491523251,0.9516129032258065,0.49390243902439024,"same rows, same labels, 107 features"
ours_lgbm,ours (grouped drive K-fold),hom_only,fold1,2.0,712,0.24859550561797752,0.7066887484929288,2.8427253611692955,0.8085748983578859,0.13920907771626023,0.557280900263716,0.11388054055146024,0.607843137254902,0.5208044189238947,0.4011299435028249,0.9314439756498307,0.4858757062146893,0.6560147461171113,0.5536723163841808,0.4225034018069528,0.7317073170731707,0.39944903581267216,"same rows, same labels, 107 features"
ours_lgbm,ours (grouped drive K-fold),hom_only,fold1,3.0,707,0.3352192362093352,0.7076125540870302,2.11089483434401,0.7671334949277314,0.19245350419770327,0.676275723051954,0.16953738791171738,0.601328903654485,0.09037999356559508,0.3080168776371308,0.9405971779436848,0.43037974683544306,0.7639639255007862,0.5063291139240507,0.5874235081081716,0.725609756097561,0.45913461538461536,"same rows, same labels, 107 features"
ours_lgbm,ours (grouped drive K-fold),hom_only,fold1,5.0,698,0.45702005730659023,0.7208544443534597,1.5772927967357833,0.7249898677430294,0.2549624875065582,0.8395112133685375,0.21004284959569622,0.6731234866828087,0.0641559681363581,0.1974921630094044,0.9859101197641414,0.29153605015673983,0.94246411540493,0.39184952978056425,0.864427873028543,0.6936170212765957,0.5562770562770563,"same rows, same labels, 107 features"
ours_lgbm_5feat,ours (grouped drive K-fold),hom_only,fold1,0.5,717,0.08089260808926081,0.2864371347591223,3.5409556141774257,0.7634608340746167,0.08864813320572401,0.3713937264880832,0.08844403756235453,0.37209302325581395,0.39086629250225435,0.1206896551724138,0.9515717662037958,0.3103448275862069,0.7303229861964372,0.4482758620689655,0.27422904820799504,0.29292929292929293,0.15359477124183007,"our learner on their 5-D state, to separate method from features"
ours_lgbm_5feat,ours (grouped drive K-fold),hom_only,fold1,1.0,717,0.1394700139470014,0.47797614749294837,3.4270889775244395,0.7709562398703403,0.12262992649830402,0.4703776645564345,0.10986822683429087,0.4736842105263158,0.6182966901598473,0.18,0.9779273978423912,0.39,0.7517127222314076,0.48,0.4722238078448089,0.3893129770992366,0.24539877300613497,"our learner on their 5-D state, to separate method from features"
ours_lgbm_5feat,ours (grouped drive K-fold),hom_only,fold1,2.0,712,0.24859550561797752,0.5178579717330839,2.083134891943253,0.7326257986166111,0.19391332679432913,0.6132741794497383,0.14128765508873659,0.5153374233128835,0.29051654126566295,0.1016949152542373,0.9588083115210947,0.24293785310734464,0.8642723044456174,0.3502824858757062,0.7456905114945899,0.4720812182741117,0.35555555555555557,"our learner on their 5-D state, to separate method from features"
ours_lgbm_5feat,ours (grouped drive K-fold),hom_only,fold1,3.0,707,0.3352192362093352,0.5549852197412676,1.6555888200720514,0.7115180895951163,0.2218942599727914,0.6769739103794193,0.143160767605926,0.576388888888889,0.3406391356843236,0.09282700421940929,0.9466721408919385,0.18565400843881857,0.8698883226273286,0.2616033755274262,0.8045373851663796,0.5741626794258373,0.42696629213483145,"our learner on their 5-D state, to separate method from features"
ours_lgbm_5feat,ours (grouped drive K-fold),hom_only,fold1,5.0,698,0.45702005730659023,0.6153004018194754,1.3463312867397927,0.6625710291891713,0.25861141371241725,0.7774662561421659,0.16595913762224124,0.6526315789473685,0.050431266914228175,0.047021943573667714,0.9734854000886684,0.09717868338557993,0.9364901281490603,0.25391849529780564,0.836189905297686,0.6088560885608856,0.5237154150197628,"our learner on their 5-D state, to separate method from features"
departmental_q,ours (grouped drive K-fold),hom_only,fold2,0.5,707,0.056577086280056574,0.07402611021604406,1.3084114980685788,0.5767053973013493,0.35404134572625723,0.9957070269824966,0.5221037333436417,0.15384615384615385,0.6636300578122153,0.0,0.9778374928716974,0.05,0.8692968980282758,0.1,0.8385066433120164,0.09090909090909091,0.06680584551148225,"Q(s,1)-Q(s,0), 1-NN lookup, no TTT filter"
departmental_q,ours (grouped drive K-fold),hom_only,fold2,1.0,707,0.10325318246110325,0.13500007161015556,1.3074664469641093,0.5828507843221987,0.3419444951318154,0.9659030150878012,0.47542763716259506,0.2426470588235294,0.7224221387909007,0.0,0.9778374928716974,0.0684931506849315,0.8692968980282758,0.1643835616438356,0.836395917815289,0.1366906474820144,0.118,"Q(s,1)-Q(s,0), 1-NN lookup, no TTT filter"
departmental_q,ours (grouped drive K-fold),hom_only,fold2,2.0,700,0.18142857142857144,0.21006742346249535,1.1578519403444625,0.5685300463096563,0.32746825534700275,0.9323737060075533,0.399710945018857,0.32475884244372993,0.4464514808096604,0.0,0.9778374928716974,0.03937007874015748,0.8692968980282758,0.11023622047244094,0.8381757954662992,0.23104693140794225,0.19926873857404023,"Q(s,1)-Q(s,0), 1-NN lookup, no TTT filter"
departmental_q,ours (grouped drive K-fold),hom_only,fold2,3.0,693,0.24242424242424243,0.26920931391458214,1.1104884198976512,0.5573299319727891,0.31672880643295953,0.9070319686806427,0.3409881860233898,0.3977433004231312,0.43681920175713473,0.0,0.9778374928716974,0.023809523809523808,0.8764342679014004,0.10119047619047619,0.8385066433120164,0.2980132450331126,0.26062846580406657,"Q(s,1)-Q(s,0), 1-NN lookup, no TTT filter"
departmental_q,ours (grouped drive K-fold),hom_only,fold2,5.0,679,0.34609720176730485,0.37233159208205646,1.075800642654112,0.5433870040253018,0.300182020075445,0.8644248061068657,0.24150137809464767,0.5204872646733112,0.26208872908933806,0.00851063829787234,0.9390262224737335,0.0425531914893617,0.8692968980282758,0.09787234042553192,0.8385066433120164,0.39285714285714285,0.36363636363636365,"Q(s,1)-Q(s,0), 1-NN lookup, no TTT filter"
departmental_q_ttt,ours (grouped drive K-fold),hom_only,fold2,0.5,707,0.056577086280056574,0.05682220195703781,1.0043324195906433,0.4864880059970015,0.13543327694151094,1.069833080170926,0.15277864635747015,0.107095046854083,0.0,0.0,0.9778374928716974,0.025,0.8692968980282758,0.05,0.7476143176659281,0.056577086280056574,0.056577086280056574,their evaluation: TTT filter over the following 1.0s (uses future samples)
departmental_q_ttt,ours (grouped drive K-fold),hom_only,fold2,1.0,707,0.10325318246110325,0.1030516466275179,0.99804813925555,0.500486150123158,0.1696187548666854,1.675336735685049,0.18248161665449988,0.18717948717948718,0.0,0.0,0.9778374928716974,0.0410958904109589,0.8692968980282758,0.0821917808219178,0.7476143176659281,0.10325318246110325,0.10325318246110325,their evaluation: TTT filter over the following 1.0s (uses future samples)
departmental_q_ttt,ours (grouped drive K-fold),hom_only,fold2,2.0,700,0.18142857142857144,0.1772218410844235,0.97681329731572,0.4909235821962045,0.2332607587530983,2.781011741962018,0.24303792681567596,0.30713422007255137,0.0,0.0,0.9778374928716974,0.023622047244094488,0.8692968980282758,0.09448818897637795,0.7476143176659281,0.18142857142857144,0.18142857142857144,their evaluation: TTT filter over the following 1.0s (uses future samples)
departmental_q_ttt,ours (grouped drive K-fold),hom_only,fold2,3.0,693,0.24242424242424243,0.23611688356198296,0.9739821446931797,0.4952380952380952,0.28054326123655166,3.589505210090988,0.28932279887041934,0.3902439024390244,0.0,0.0,0.9778374928716974,0.017857142857142856,0.8692968980282758,0.09523809523809523,0.7476143176659281,0.24242424242424243,0.24242424242424243,their evaluation: TTT filter over the following 1.0s (uses future samples)
departmental_q_ttt,ours (grouped drive K-fold),hom_only,fold2,5.0,679,0.34609720176730485,0.3430216687787144,0.9911136727691364,0.5002587694077056,0.35722759962585243,4.961176403705366,0.35904712984323917,0.5142231947483588,0.0,0.00851063829787234,0.9390262224737335,0.03404255319148936,0.8692968980282758,0.09361702127659574,0.7476143176659281,0.34609720176730485,0.34609720176730485,their evaluation: TTT filter over the following 1.0s (uses future samples)
departmental_gate,ours (grouped drive K-fold),hom_only,fold2,0.5,707,0.056577086280056574,0.055514565879664884,0.9812199519230769,0.48828710644677664,0.18953323903818953,3.0549149569738723,0.18953323903818953,0.107095046854083,0.0,0.0,inf,0.0,inf,0.0,inf,0.056577086280056574,0.056577086280056574,their gate alone (hom_only): neighbour >= serving + 3.0 dB
departmental_gate,ours (grouped drive K-fold),hom_only,fold2,1.0,707,0.10325318246110325,0.10363231302808137,1.003671853573336,0.501998617172983,0.21923620933521923,3.533670270364207,0.21923620933521926,0.18717948717948718,0.0,0.0,inf,0.0,inf,0.0,inf,0.10325318246110325,0.10325318246110325,their gate alone (hom_only): neighbour >= serving + 3.0 dB
departmental_gate,ours (grouped drive K-fold),hom_only,fold2,2.0,700,0.18142857142857144,0.17923596929024652,0.9879147913635634,0.4918855038408157,0.28,4.513066854333001,0.28,0.30713422007255137,0.0,0.0,inf,0.0,inf,0.0,inf,0.18142857142857144,0.18142857142857144,their gate alone (hom_only): neighbour >= serving + 3.0 dB
departmental_gate,ours (grouped drive K-fold),hom_only,fold2,3.0,693,0.24242424242424243,0.24140565317035906,0.9957983193277311,0.4971428571428571,0.3203463203463203,5.163372700799143,0.3203463203463204,0.3902439024390244,0.0,0.0,inf,0.0,inf,0.0,inf,0.24242424242424243,0.24242424242424243,their gate alone (hom_only): neighbour >= serving + 3.0 dB
departmental_gate,ours (grouped drive K-fold),hom_only,fold2,5.0,679,0.34609720176730485,0.3466784695891956,1.0016794929832504,0.5012698869081849,0.390279823269514,6.290567583119546,0.39027982326951394,0.5142231947483588,0.0,0.0,inf,0.0,inf,0.0,inf,0.34609720176730485,0.34609720176730485,their gate alone (hom_only): neighbour >= serving + 3.0 dB
reward_only_control,ours (grouped drive K-fold),hom_only,fold2,0.5,707,0.056577086280056574,0.06917982186960119,1.222753351545201,0.5896176911544229,0.15958888887253522,0.6127121827493117,0.20408815075055892,0.1364452423698384,0.22580645161290322,0.0,1.0,0.0,1.0,0.075,0.9354838709677419,0.0735009671179884,0.0735009671179884,"rank by r(s,1) - r(s,0) directly; no Q-learning"
reward_only_control,ours (grouped drive K-fold),hom_only,fold2,1.0,707,0.10325318246110325,0.12933999027251528,1.2526489468858673,0.6092757443498553,0.17542134769445428,0.6640015217384905,0.16024090888351505,0.23728813559322035,0.22580645161290322,0.0,1.0,0.0,1.0,0.0958904109589041,0.9354838709677419,0.13539651837524178,0.13539651837524178,"rank by r(s,1) - r(s,0) directly; no Q-learning"
reward_only_control,ours (grouped drive K-fold),hom_only,fold2,2.0,700,0.18142857142857144,0.2162370836667352,1.191857941470194,0.5926880213271771,0.21194737624498292,0.881623990484468,0.12391705069124426,0.3661971830985915,0.22580645161290322,0.0,1.0,0.0,1.0,0.08661417322834646,0.9354838709677419,0.228515625,0.228515625,"rank by r(s,1) - r(s,0) directly; no Q-learning"
reward_only_control,ours (grouped drive K-fold),hom_only,fold2,3.0,693,0.24242424242424243,0.2841035556220941,1.1719271669411382,0.5946768707482992,0.2377243521884521,1.0588679054731065,0.16450216450216454,0.4503703703703703,0.22580645161290322,0.0,1.0,0.0,1.0,0.08928571428571429,0.9354838709677419,0.29980276134122286,0.29980276134122286,"rank by r(s,1) - r(s,0) directly; no Q-learning"
reward_only_control,ours (grouped drive K-fold),hom_only,fold2,5.0,679,0.34609720176730485,0.4012710657040554,1.1594172494172494,0.6066465401571783,0.28153203201745847,1.3428133906205484,0.23473799230367243,0.5753424657534246,0.22580645161290322,0.0,1.0,0.0,1.0,0.0,1.0,0.42424242424242425,0.42424242424242425,"rank by r(s,1) - r(s,0) directly; no Q-learning"
ours_lgbm,ours (grouped drive K-fold),hom_only,fold2,0.5,707,0.056577086280056574,0.4230301987370608,7.477058762677551,0.9005622188905547,0.04276400968830912,0.20438087635431612,0.039890504175001465,0.5974025974025973,0.5915699145876196,0.15,0.965234025296129,0.675,0.09543652737363967,0.75,0.015178801065923678,0.6216216216216216,0.2323943661971831,"same rows, same labels, 107 features"
ours_lgbm,ours (grouped drive K-fold),hom_only,fold2,1.0,707,0.10325318246110325,0.783644831923805,7.589546522878495,0.9162525387839765,0.0398456263785042,0.1918278405307938,0.038975258147401055,0.7666666666666666,0.7201241375452423,0.6438356164383562,0.4435112664014379,0.6986301369863014,0.10030548135424742,0.7534246575342466,0.03272399684093466,1.0,0.4013605442176871,"same rows, same labels, 107 features"
ours_lgbm,ours (grouped drive K-fold),hom_only,fold2,2.0,700,0.18142857142857144,0.6608706273173097,3.642594008835565,0.8217009523024281,0.11941563988402733,0.40301525996301735,0.09432271943441554,0.572972972972973,0.9092654270333161,0.41732283464566927,0.9092654270333161,0.48031496062992124,0.7086989360373281,0.5354330708661418,0.5120974731234493,0.64,0.3167701863354037,"same rows, same labels, 107 features"
ours_lgbm,ours (grouped drive K-fold),hom_only,fold2,3.0,693,0.24242424242424243,0.6511950829265594,2.6861797170720574,0.7798866213151927,0.17920106366547564,0.5617825596069516,0.15578297719138884,0.5584415584415584,0.7357725749073383,0.31547619047619047,0.9491349764351421,0.4166666666666667,0.851894160858828,0.5,0.7493039696988355,0.631578947368421,0.35714285714285715,"same rows, same labels, 107 features"
ours_lgbm,ours (grouped drive K-fold),hom_only,fold2,5.0,679,0.34609720176730485,0.631097003367488,1.8234675118575503,0.7231454859114432,0.27432044103866154,0.8392943835917214,0.24108999234237044,0.5742296918767507,0.2612044781803827,0.16170212765957448,0.9905522165267577,0.28085106382978725,0.9616932955955152,0.3702127659574468,0.9320305639617745,0.5784313725490197,0.4302059496567506,"same rows, same labels, 107 features"
ours_lgbm_5feat,ours (grouped drive K-fold),hom_only,fold2,0.5,707,0.056577086280056574,0.2120099682545196,3.747276188898634,0.7508620689655172,0.0748537070798969,0.3012053635793128,0.07352104354864789,0.3061224489795919,0.4486878606571208,0.1,0.9491758284670103,0.275,0.5990463536308199,0.45,0.26728498259568945,0.20618556701030927,0.09322033898305085,"our learner on their 5-D state, to separate method from features"
ours_lgbm_5feat,ours (grouped drive K-fold),hom_only,fold2,1.0,707,0.10325318246110325,0.489745133113255,4.7431480700146755,0.7751285596992351,0.10520750212893651,0.3815550003402079,0.10890594213456173,0.4912280701754387,0.8358044578685655,0.273972602739726,0.9303737122471389,0.3835616438356164,0.8358044578685655,0.4931506849315068,0.5353414985554794,0.3584905660377358,0.17151162790697674,"our learner on their 5-D state, to separate method from features"
ours_lgbm_5feat,ours (grouped drive K-fold),hom_only,fold2,2.0,700,0.18142857142857144,0.46077520105419184,2.5397058325821598,0.7509172609968257,0.17546884661118395,0.5359370426511931,0.14928771955973535,0.4576271186440678,0.4350016039102547,0.14173228346456693,0.9435369967526186,0.2755905511811024,0.8678835317035963,0.3464566929133858,0.7420868368598548,0.3806818181818182,0.28895184135977336,"our learner on their 5-D state, to separate method from features"
ours_lgbm_5feat,ours (grouped drive K-fold),hom_only,fold2,3.0,693,0.24242424242424243,0.5461792436608148,2.252989380100861,0.7584580498866214,0.1978796582114554,0.5829227096055605,0.16338580186307547,0.5238095238095238,0.6614706748359751,0.13690476190476192,0.9446930344432546,0.25,0.869092664211138,0.4166666666666667,0.756670709479644,0.535031847133758,0.36533333333333334,"our learner on their 5-D state, to separate method from features"
ours_lgbm_5feat,ours (grouped drive K-fold),hom_only,fold2,5.0,679,0.34609720176730485,0.6108176742835144,1.7648731950574736,0.7410197431474027,0.21887164901044684,0.6454438705038141,0.15395357053558884,0.6038291605301914,0.32346076566817206,0.09787234042553192,0.9590788236247024,0.26382978723404255,0.8583271470020157,0.3404255319148936,0.8078829744351712,0.5812807881773399,0.47474747474747475,"our learner on their 5-D state, to separate method from features"
departmental_q,ours (grouped drive K-fold),hom_only,fold3,0.5,703,0.04836415362731152,0.05431324877722165,1.12300629089373,0.4850962806647322,0.3111919562697676,0.8546946150225461,0.48750273902847413,0.11612903225806451,0.7557637188140404,0.0,0.8673467505021581,0.08823529411764706,0.7982362776037014,0.14705882352941177,0.7763472458249049,0.05128205128205128,0.05128205128205128,"Q(s,1)-Q(s,0), 1-NN lookup, no TTT filter"
departmental_q,ours (grouped drive K-fold),hom_only,fold3,1.0,703,0.08392603129445235,0.09005821488823137,1.0730665265496042,0.49299926308032427,0.30795596197300984,0.8470774851553488,0.45194086136133327,0.16666666666666666,0.7557637188140404,0.0,0.8673467505021581,0.06779661016949153,0.7982362776037014,0.1016949152542373,0.7763472458249049,0.08974358974358974,0.08974358974358974,"Q(s,1)-Q(s,0), 1-NN lookup, no TTT filter"
departmental_q,ours (grouped drive K-fold),hom_only,fold3,2.0,701,0.15263908701854492,0.17225239535753228,1.1284946649124312,0.5152380502847793,0.2991422110305617,0.8264099299214896,0.3834073338218686,0.26952141057934503,0.2343492250506982,0.0,0.8673467505021581,0.07476635514018691,0.7982362776037014,0.11214953271028037,0.7763472458249049,0.16036036036036036,0.16036036036036036,"Q(s,1)-Q(s,0), 1-NN lookup, no TTT filter"
departmental_q,ours (grouped drive K-fold),hom_only,fold3,3.0,698,0.20630372492836677,0.23495949576952052,1.138900889216148,0.5201752406738869,0.2939355776130603,0.8163190132150056,0.33507485760384936,0.34541062801932365,0.2343492250506982,0.006944444444444444,0.8673467505021581,0.0763888888888889,0.7982362776037014,0.11805555555555555,0.7763472458249049,0.2144177449168207,0.2144177449168207,"Q(s,1)-Q(s,0), 1-NN lookup, no TTT filter"
departmental_q,ours (grouped drive K-fold),hom_only,fold3,5.0,694,0.2968299711815562,0.3533506662368926,1.1904143804291432,0.5427741524749324,0.28011291919046905,0.7840523902939394,0.24521549197148895,0.46275395033860045,0.2343492250506982,0.0048543689320388345,0.8673467505021581,0.07766990291262135,0.7982362776037014,0.1407766990291262,0.7763472458249049,0.31402439024390244,0.302367941712204,"Q(s,1)-Q(s,0), 1-NN lookup, no TTT filter"
departmental_q_ttt,ours (grouped drive K-fold),hom_only,fold3,0.5,703,0.04836415362731152,0.054747062180569975,1.1319760209688439,0.5318297722676515,0.09660503546079241,0.8088364269453798,0.11338314842952733,0.11363636363636363,0.6852342310336091,0.0,0.8673467505021581,0.08823529411764706,0.7982362776037014,0.14705882352941177,0.5235638041106329,0.04836415362731152,0.04836415362731152,their evaluation: TTT filter over the following 1.0s (uses future samples)
departmental_q_ttt,ours (grouped drive K-fold),hom_only,fold3,1.0,703,0.08392603129445235,0.08721522773967744,1.0391916118812412,0.5188046110116855,0.12692720045996025,1.3110205012385399,0.14041017545655435,0.15485564304461943,0.0,0.0,0.8673467505021581,0.06779661016949153,0.7982362776037014,0.11864406779661017,0.5235638041106329,0.08392603129445235,0.08392603129445235,their evaluation: TTT filter over the following 1.0s (uses future samples)
departmental_q_ttt,ours (grouped drive K-fold),hom_only,fold3,2.0,701,0.15263908701854492,0.15998045867437372,1.0480962759881867,0.5192344000755215,0.18107318862294883,2.2467098620213846,0.18931291490150887,0.2648514851485148,0.0,0.0,0.8673467505021581,0.06542056074766354,0.7982362776037014,0.1308411214953271,0.5097898912683165,0.15263908701854492,0.15263908701854492,their evaluation: TTT filter over the following 1.0s (uses future samples)
departmental_q_ttt,ours (grouped drive K-fold),hom_only,fold3,3.0,698,0.20630372492836677,0.2178601450462217,1.0560165364046024,0.5226321199358203,0.22206077979118963,2.9622866568298845,0.22594319963604254,0.342042755344418,0.0,0.006944444444444444,0.8673467505021581,0.0625,0.7982362776037014,0.1388888888888889,0.5059233742422202,0.20630372492836677,0.20630372492836677,their evaluation: TTT filter over the following 1.0s (uses future samples)
departmental_q_ttt,ours (grouped drive K-fold),hom_only,fold3,5.0,694,0.2968299711815562,0.32620378358605046,1.0989583777122283,0.5442215104249561,0.28189056893897113,4.04937964929633,0.27427997292094664,0.45777777777777773,0.0,0.0048543689320388345,0.8673467505021581,0.0970873786407767,0.7715537093929167,0.1796116504854369,0.3399563175963789,0.2968299711815562,0.2968299711815562,their evaluation: TTT filter over the following 1.0s (uses future samples)
departmental_gate,ours (grouped drive K-fold),hom_only,fold3,0.5,703,0.04836415362731152,0.05274178505319485,1.0905139674234112,0.5314340983029984,0.14793741109530584,2.3844694276524487,0.14793741109530584,0.10344827586206896,1.0,0.0,inf,0.0,inf,0.0,inf,0.04836415362731152,0.04836415362731152,their gate alone (hom_only): neighbour >= serving + 3.0 dB
departmental_gate,ours (grouped drive K-fold),hom_only,fold3,1.0,703,0.08392603129445235,0.08786621089443047,1.0469482416743157,0.5195941678071376,0.17496443812233287,2.8200936317301575,0.17496443812233287,0.15485564304461943,0.0,0.0,inf,0.0,inf,0.0,inf,0.08392603129445235,0.08392603129445235,their gate alone (hom_only): neighbour >= serving + 3.0 dB
departmental_gate,ours (grouped drive K-fold),hom_only,fold3,2.0,701,0.15263908701854492,0.15899166484298863,1.0416182902330378,0.5192107995846313,0.2239657631954351,3.6099016713768886,0.2239657631954351,0.2648514851485148,0.0,0.0,inf,0.0,inf,0.0,inf,0.15263908701854492,0.15263908701854492,their gate alone (hom_only): neighbour >= serving + 3.0 dB
departmental_gate,ours (grouped drive K-fold),hom_only,fold3,3.0,698,0.20630372492836677,0.2157742601781319,1.0459057889190004,0.5222372643401524,0.2607449856733524,4.202712693561603,0.26074498567335247,0.342042755344418,0.0,0.0,inf,0.0,inf,0.0,inf,0.20630372492836677,0.20630372492836677,their gate alone (hom_only): neighbour >= serving + 3.0 dB
departmental_gate,ours (grouped drive K-fold),hom_only,fold3,5.0,694,0.2968299711815562,0.32456013146069174,1.093421025406408,0.5436992678656692,0.30835734870317005,4.9701333102720024,0.30835734870317005,0.45777777777777773,0.0,0.0,inf,0.0,inf,0.1796116504854369,1.0,0.2968299711815562,0.2968299711815562,their gate alone (hom_only): neighbour >= serving + 3.0 dB
reward_only_control,ours (grouped drive K-fold),hom_only,fold3,0.5,703,0.04836415362731152,0.05955541098635564,1.2313957036296475,0.5863448518420822,0.13170402452400368,0.5894763223691994,0.19377781856559445,0.10873786407766992,0.22580645161290322,0.0,1.0,0.0,1.0,0.11764705882352941,0.9354838709677419,0.058212058212058215,0.058212058212058215,"rank by r(s,1) - r(s,0) directly; no Q-learning"
reward_only_control,ours (grouped drive K-fold),hom_only,fold3,1.0,703,0.08392603129445235,0.1006285112647028,1.199014295238747,0.5912201284345722,0.14872783951046722,0.6860555456216848,0.16675079153856742,0.1851851851851852,0.22580645161290322,0.0,1.0,0.0,1.0,0.0847457627118644,0.9354838709677419,0.10395010395010396,0.10395010395010396,"rank by r(s,1) - r(s,0) directly; no Q-learning"
reward_only_control,ours (grouped drive K-fold),hom_only,fold3,2.0,701,0.15263908701854492,0.18303290989276272,1.1991221479890344,0.5986264514301898,0.17945079201556866,0.890542886617107,0.11840228245363763,0.3100511073253833,0.22580645161290322,0.0,1.0,0.0,1.0,0.08411214953271028,0.9354838709677419,0.18958333333333333,0.18958333333333333,"rank by r(s,1) - r(s,0) directly; no Q-learning"
reward_only_control,ours (grouped drive K-fold),hom_only,fold3,3.0,698,0.20630372492836677,0.24806407890322765,1.2024217157948118,0.6015092258323305,0.20230538270485912,1.0776335725360469,0.11276458083002128,0.3890675241157556,0.22580645161290322,0.0,1.0,0.0,1.0,0.09722222222222222,0.9354838709677419,0.25313807531380755,0.25313807531380755,"rank by r(s,1) - r(s,0) directly; no Q-learning"
reward_only_control,ours (grouped drive K-fold),hom_only,fold3,5.0,694,0.2968299711815562,0.36754422607461856,1.2382315189115791,0.6260743275505332,0.23316550063424563,1.341199248631015,0.1601747699172632,0.5073313782991202,0.22580645161290322,0.0,1.0,0.0,1.0,0.1796116504854369,0.6451612903225806,0.3634453781512605,0.3634453781512605,"rank by r(s,1) - r(s,0) directly; no Q-learning"
ours_lgbm,ours (grouped drive K-fold),hom_only,fold3,0.5,703,0.04836415362731152,0.550029116998294,11.372660860288256,0.9018728567660248,0.03208362005323047,0.1649280396965409,0.03026631055418996,0.619718309859155,0.1999276439750774,0.38235294117647056,0.7681505669681545,0.7058823529411765,0.011478270170509501,0.7941176470588235,0.003006560983172063,0.6296296296296297,0.2196969696969697,"same rows, same labels, 107 features"
ours_lgbm,ours (grouped drive K-fold),hom_only,fold3,1.0,703,0.08392603129445235,0.8036699887829174,9.575932239226965,0.9132277081798085,0.027373351962183844,0.17335934611176052,0.02513484848547585,0.8076923076923076,0.11618341404881301,0.711864406779661,0.11618341404881301,0.7627118644067796,0.03336758761510112,0.7966101694915254,0.007880250117004666,1.0,0.39344262295081966,"same rows, same labels, 107 features"
ours_lgbm,ours (grouped drive K-fold),hom_only,fold3,2.0,701,0.15263908701854492,0.5853802070324639,3.8350609825210955,0.7958872211208661,0.10739951424819107,0.4361602149286572,0.09780872238288892,0.5263157894736842,0.8928215125666664,0.37383177570093457,0.8928215125666664,0.4205607476635514,0.5335265490810243,0.4766355140186916,0.27110449858244623,0.3972602739726027,0.26112759643916916,"same rows, same labels, 107 features"
ours_lgbm,ours (grouped drive K-fold),hom_only,fold3,3.0,698,0.20630372492836677,0.5483961679171628,2.658198091709581,0.7384802446851183,0.163180089536618,0.623460729080068,0.13842146196965804,0.48026315789473684,0.29650736069413913,0.2569444444444444,0.9648947440043957,0.2916666666666667,0.9068992404793751,0.3958333333333333,0.5692356358692411,0.45625,0.29528535980148884,"same rows, same labels, 107 features"
ours_lgbm,ours (grouped drive K-fold),hom_only,fold3,5.0,694,0.2968299711815562,0.5834573491277757,1.9656281567702736,0.7221371160273755,0.22083009641522108,0.7638111805760479,0.18463303244711202,0.5377532228360958,0.11790460442534594,0.15048543689320387,0.984603471520203,0.2766990291262136,0.9032440239862638,0.3446601941747573,0.7786858473561165,0.5228426395939086,0.3887640449438202,"same rows, same labels, 107 features"
ours_lgbm_5feat,ours (grouped drive K-fold),hom_only,fold3,0.5,703,0.04836415362731152,0.20052610960660336,4.146172207454181,0.7345906972654532,0.0632762473950174,0.28105064036753663,0.06592610433131713,0.3076923076923077,0.17126982907964816,0.11764705882352941,0.930880052012416,0.3235294117647059,0.5049552255847463,0.47058823529411764,0.24020664075226505,0.20833333333333334,0.06263498920086392,"our learner on their 5-D state, to separate method from features"
ours_lgbm_5feat,ours (grouped drive K-fold),hom_only,fold3,1.0,703,0.08392603129445235,0.44343727031012886,5.2836678140342475,0.7341299084114117,0.09616302480716098,0.3744218726730707,0.10857776815139722,0.4375,0.835669121743302,0.3050847457627119,0.9378117419577708,0.4067796610169492,0.7016807965920058,0.4915254237288136,0.48683232617303296,0.31313131313131315,0.10738255033557047,"our learner on their 5-D state, to separate method from features"
ours_lgbm_5feat,ours (grouped drive K-fold),hom_only,fold3,2.0,701,0.15263908701854492,0.42860315266899623,2.8079514955230502,0.6957346046131092,0.1751238040124677,0.5467843508377195,0.17906719106775854,0.40697674418604646,0.8087171121831279,0.17757009345794392,0.9429483665451474,0.3177570093457944,0.8181745239777554,0.34579439252336447,0.7764208258326667,0.2925531914893617,0.1981981981981982,"our learner on their 5-D state, to separate method from features"
ours_lgbm_5feat,ours (grouped drive K-fold),hom_only,fold3,3.0,698,0.20630372492836677,0.4276822926703401,2.0730711130826207,0.6834010228640193,0.21349616128203047,0.63425879840445,0.1855969847431538,0.412573673870334,0.2586532875421302,0.1111111111111111,0.949219255650701,0.2361111111111111,0.8596366903910672,0.3333333333333333,0.7754318778621229,0.3037974683544304,0.26410835214446954,"our learner on their 5-D state, to separate method from features"
ours_lgbm_5feat,ours (grouped drive K-fold),hom_only,fold3,5.0,694,0.2968299711815562,0.4618776146372182,1.5560342939719876,0.6388468884290944,0.26861630792687136,0.7902871148977345,0.2280942792663414,0.4992199687987519,0.2743251062109984,0.05825242718446602,0.9793042733702477,0.1941747572815534,0.8937234821494233,0.2815533980582524,0.8451118821044132,0.38721804511278196,0.3548387096774194,"our learner on their 5-D state, to separate method from features"
departmental_q,ours (grouped drive K-fold),hom_only,fold4,0.5,494,0.1194331983805668,0.1649414509131219,1.3810351991708851,0.4690239625949737,0.36613969169741184,1.0354175589225212,0.47317223121592505,0.21338155515370708,0.03060607830851465,0.0847457627118644,0.941405729783906,0.1016949152542373,0.9024286925626049,0.15254237288135594,0.8783255247337842,0.12017167381974249,0.12017167381974249,"Q(s,1)-Q(s,0), 1-NN lookup, no TTT filter"
departmental_q,ours (grouped drive K-fold),hom_only,fold4,1.0,494,0.1720647773279352,0.18951193017402065,1.1013987471290143,0.43240327916007476,0.3645273099721162,1.0288311152304632,0.42054065226855664,0.29390681003584224,0.34568473162836677,0.058823529411764705,0.941405729783906,0.08235294117647059,0.9024286925626049,0.11764705882352941,0.8783255247337842,0.1733615221987315,0.1733615221987315,"Q(s,1)-Q(s,0), 1-NN lookup, no TTT filter"
departmental_q,ours (grouped drive K-fold),hom_only,fold4,2.0,493,0.29411764705882354,0.3113020444762401,1.0584269512192164,0.47818073721759813,0.33439442575355216,0.9512944338960797,0.2984271144621149,0.4576,0.33612260200466243,0.027586206896551724,0.978860403303743,0.06896551724137931,0.9024286925626049,0.12413793103448276,0.8783255247337842,0.29791666666666666,0.29791666666666666,"Q(s,1)-Q(s,0), 1-NN lookup, no TTT filter"
departmental_q,ours (grouped drive K-fold),hom_only,fold4,3.0,491,0.3890020366598778,0.4113227743972926,1.0573794881103176,0.5009947643979058,0.31073517379706783,0.8895330679554277,0.21701368698556045,0.5650224215246638,0.33612260200466243,0.015706806282722512,0.978860403303743,0.06282722513089005,0.9012602801859433,0.1256544502617801,0.8760572522165376,0.39539748953974896,0.39539748953974896,"Q(s,1)-Q(s,0), 1-NN lookup, no TTT filter"
departmental_q,ours (grouped drive K-fold),hom_only,fold4,5.0,485,0.5422680412371134,0.537009607617431,0.9903028885720686,0.4758931935738019,0.29371197929825876,0.8486374614295414,0.18574824717105187,0.7032085561497327,0.03060607830851465,0.011406844106463879,0.978860403303743,0.049429657794676805,0.9024286925626049,0.10266159695817491,0.8783255247337842,0.546236559139785,0.546236559139785,"Q(s,1)-Q(s,0), 1-NN lookup, no TTT filter"
departmental_q_ttt,ours (grouped drive K-fold),hom_only,fold4,0.5,494,0.1194331983805668,0.13529304961401692,1.1327926527004128,0.5154295733489187,0.15633046392176309,1.8718888243885385,0.16391127480047818,0.21338155515370708,0.0,0.03389830508474576,0.9604873959140463,0.05084745762711865,0.8864228543719066,0.11864406779661017,0.34486815352215805,0.1194331983805668,0.1194331983805668,their evaluation: TTT filter over the following 1.0s (uses future samples)
departmental_q_ttt,ours (grouped drive K-fold),hom_only,fold4,1.0,494,0.1720647773279352,0.18165666100448713,1.0557457710143134,0.5085286926506545,0.20377858610457364,2.651219969392626,0.20844568775594371,0.29360967184801384,0.0,0.023529411764705882,0.9604873959140463,0.047058823529411764,0.8864228543719066,0.10588235294117647,0.34486815352215805,0.1720647773279352,0.1720647773279352,their evaluation: TTT filter over the following 1.0s (uses future samples)
departmental_q_ttt,ours (grouped drive K-fold),hom_only,fold4,2.0,493,0.29411764705882354,0.2994866383645156,1.018254570439353,0.5126238604835512,0.3049651247120426,4.37116268122687,0.3059447039216108,0.45454545454545453,0.0,0.013793103448275862,0.9604873959140463,0.05517241379310345,0.8864228543719066,0.1103448275862069,0.34486815352215805,0.29411764705882354,0.29411764705882354,their evaluation: TTT filter over the following 1.0s (uses future samples)
departmental_q_ttt,ours (grouped drive K-fold),hom_only,fold4,3.0,491,0.3890020366598778,0.38817237259114795,0.9978671986505426,0.49734729493891794,0.3960644818666382,5.860579780179552,0.396803949151434,0.5601173020527859,0.0,0.010471204188481676,0.9604873959140463,0.04712041884816754,0.8864228543719066,0.08900523560209424,0.34486815352215805,0.3890020366598778,0.3890020366598778,their evaluation: TTT filter over the following 1.0s (uses future samples)
departmental_q_ttt,ours (grouped drive K-fold),hom_only,fold4,5.0,485,0.5422680412371134,0.5337241065048679,0.9842440747333115,0.4851334223957797,0.5369046834257454,8.18237822578066,0.5336716268728952,0.7032085561497327,0.0,0.0076045627376425855,0.978860403303743,0.022813688212927757,0.9024286925626049,0.06463878326996197,0.4627275935182863,0.5422680412371134,0.5422680412371134,their evaluation: TTT filter over the following 1.0s (uses future samples)
departmental_gate,ours (grouped drive K-fold),hom_only,fold4,0.5,494,0.1194331983805668,0.12371890177420952,1.0358836860416865,0.5156438729787648,0.18218623481781376,2.9364952409033456,0.18218623481781376,0.21338155515370708,0.0,0.0,inf,0.0,inf,0.11864406779661017,1.0,0.1194331983805668,0.1194331983805668,their gate alone (hom_only): neighbour >= serving + 3.0 dB
departmental_gate,ours (grouped drive K-fold),hom_only,fold4,1.0,494,0.1720647773279352,0.17502262443438915,1.0171903114186853,0.508931396519488,0.22672064777327935,3.654305164223245,0.22672064777327933,0.29360967184801384,0.0,0.0,inf,0.0,inf,0.10588235294117647,1.0,0.1720647773279352,0.1720647773279352,their gate alone (hom_only): neighbour >= serving + 3.0 dB
departmental_gate,ours (grouped drive K-fold),hom_only,fold4,2.0,493,0.29411764705882354,0.3008970024791526,1.0230498084291186,0.5135057471264367,0.3204868154158215,5.165637213725519,0.32048681541582147,0.45454545454545453,0.0,0.0,inf,0.0,inf,0.1103448275862069,1.0,0.29411764705882354,0.29411764705882354,their gate alone (hom_only): neighbour >= serving + 3.0 dB
departmental_gate,ours (grouped drive K-fold),hom_only,fold4,3.0,491,0.3890020366598778,0.3880030188536176,0.9974318442781478,0.4978359511343804,0.41140529531568226,6.6310699600984115,0.4114052953156823,0.5601173020527859,0.0,0.0,inf,0.0,inf,0.08900523560209424,1.0,0.3890020366598778,0.3890020366598778,their gate alone (hom_only): neighbour >= serving + 3.0 dB
departmental_gate,ours (grouped drive K-fold),hom_only,fold4,5.0,485,0.5422680412371134,0.5362314295793971,0.9888678454220822,0.48586990031856947,0.5484536082474227,8.840027763025871,0.5484536082474227,0.7032085561497327,0.0,0.0,inf,0.0,inf,0.0,inf,0.5422680412371134,0.5422680412371134,their gate alone (hom_only): neighbour >= serving + 3.0 dB
reward_only_control,ours (grouped drive K-fold),hom_only,fold4,0.5,494,0.1194331983805668,0.15557086799281267,1.302576420143211,0.5958308981102669,0.15608707582548248,1.0748703657843348,0.1419098143236074,0.2483660130718954,0.2413793103448276,0.0,inf,0.11864406779661017,1.0,0.11864406779661017,0.6896551724137931,0.1425,0.1425,"rank by r(s,1) - r(s,0) directly; no Q-learning"
reward_only_control,ours (grouped drive K-fold),hom_only,fold4,1.0,494,0.1720647773279352,0.2174258156703977,1.2636276816608998,0.5946354091758953,0.17814487283790745,1.0955585185109706,0.09332681837219042,0.3381443298969072,0.2413793103448276,0.0,inf,0.10588235294117647,1.0,0.10588235294117647,0.6896551724137931,0.205,0.205,"rank by r(s,1) - r(s,0) directly; no Q-learning"
reward_only_control,ours (grouped drive K-fold),hom_only,fold4,2.0,493,0.29411764705882354,0.35015851551348515,1.1905389527458494,0.5939456995640111,0.22956588433068914,1.2674803130990233,0.13534307896761558,0.4990825688073395,0.2413793103448276,0.0,inf,0.0896551724137931,1.0,0.1103448275862069,0.6896551724137931,0.34,0.34,"rank by r(s,1) - r(s,0) directly; no Q-learning"
reward_only_control,ours (grouped drive K-fold),hom_only,fold4,3.0,491,0.3890020366598778,0.440772896033983,1.133086345302019,0.5791186736474694,0.28176862478234865,1.527736113604686,0.22550740922817616,0.5956006768189509,0.2413793103448276,0.0,inf,0.07329842931937172,1.0,0.08900523560209424,0.6896551724137931,0.44,0.44,"rank by r(s,1) - r(s,0) directly; no Q-learning"
reward_only_control,ours (grouped drive K-fold),hom_only,fold4,5.0,485,0.5422680412371134,0.5812501099448683,1.0718870848793198,0.55896105230706,0.36729225149245504,2.1279672446676616,0.3632420902950587,0.7062404870624048,0.2413793103448276,0.0,inf,0.060836501901140684,1.0,0.060836501901140684,1.0,0.5888324873096447,0.5888324873096447,"rank by r(s,1) - r(s,0) directly; no Q-learning"
ours_lgbm,ours (grouped drive K-fold),hom_only,fold4,0.5,494,0.1194331983805668,0.5435933779284794,4.551442859265573,0.9131502045587375,0.07294036366517621,0.29288482556549733,0.06724215553440463,0.7175572519083969,0.11980989365561555,0.05084745762711865,0.9739245083388944,0.6779661016949152,0.3059980631384839,0.847457627118644,0.05391628701438322,0.6557377049180327,0.631578947368421,"same rows, same labels, 107 features"
ours_lgbm,ours (grouped drive K-fold),hom_only,fold4,1.0,494,0.1720647773279352,0.87542622708754,5.087771249191116,0.9323745145980152,0.048192019907531074,0.24790423658418528,0.04631898175561811,0.847682119205298,0.9064712848526926,0.7647058823529411,0.7045990699370323,0.8,0.09558869795409601,0.8352941176470589,0.05802017754344813,0.984375,0.7906976744186046,"same rows, same labels, 107 features"
ours_lgbm,ours (grouped drive K-fold),hom_only,fold4,2.0,493,0.29411764705882354,0.7695149444252267,2.6163508110457707,0.8340269520412208,0.14168780298139588,0.5217039290520212,0.1138020276986471,0.6486486486486488,0.3432701666376265,0.47586206896551725,0.8719215425718905,0.5172413793103449,0.590230898436503,0.5793103448275863,0.3432701666376265,0.8795180722891566,0.5296803652968036,"same rows, same labels, 107 features"
ours_lgbm,ours (grouped drive K-fold),hom_only,fold4,3.0,491,0.3890020366598778,0.7955924166126932,2.045214013386557,0.826457242582897,0.17485363000342374,0.5912886219467617,0.12782351751031903,0.7121212121212119,0.2968969211565696,0.3298429319371728,0.9507667632094163,0.4397905759162304,0.8118322652097328,0.5654450261780105,0.6781001045206168,0.8031496062992126,0.5930232558139535,"same rows, same labels, 107 features"
ours_lgbm,ours (grouped drive K-fold),hom_only,fold4,5.0,485,0.5422680412371134,0.8036755948341889,1.4820633592949872,0.7477991299284075,0.2472212890301278,0.7962359715988406,0.1974643966827395,0.735042735042735,0.014070753066597236,0.2737642585551331,0.9567296503225546,0.39543726235741444,0.8918228042259847,0.41064638783269963,0.840151059149005,0.7700534759358288,0.6452599388379205,"same rows, same labels, 107 features"
ours_lgbm_5feat,ours (grouped drive K-fold),hom_only,fold4,0.5,494,0.1194331983805668,0.3242091617703234,2.7145648460091483,0.7569842197545295,0.11825287320335068,0.4607014500922366,0.09872793485759253,0.39534883720930236,0.16090161011732151,0.06779661016949153,0.9390339062225193,0.1864406779661017,0.7229863303940102,0.3559322033898305,0.5055960839717052,0.30097087378640774,0.20600858369098712,"our learner on their 5-D state, to separate method from features"
ours_lgbm_5feat,ours (grouped drive K-fold),hom_only,fold4,1.0,494,0.1720647773279352,0.5016306379269049,2.9153592368928356,0.7580900330792464,0.15529557237350886,0.5490602661895136,0.1309617599852017,0.47,0.4195882469841137,0.1411764705882353,0.9828831070272802,0.3411764705882353,0.8967903523927404,0.4117647058823529,0.7165222619655321,0.4107142857142857,0.30493273542600896,"our learner on their 5-D state, to separate method from features"
ours_lgbm_5feat,ours (grouped drive K-fold),hom_only,fold4,2.0,493,0.29411764705882354,0.5737597979784329,1.9507833131266719,0.7344629409433214,0.2184912280201221,0.670635026331451,0.16020628107149604,0.5555555555555556,0.21995171427486404,0.13793103448275862,0.9664958192323815,0.27586206896551724,0.892654085117652,0.3448275862068966,0.8269107209381117,0.5140845070422535,0.4181184668989547,"our learner on their 5-D state, to separate method from features"
ours_lgbm_5feat,ours (grouped drive K-fold),hom_only,fold4,3.0,491,0.3890020366598778,0.6336928674331614,1.629021978584724,0.7231239092495637,0.22735351930244138,0.6902284481371788,0.14989527876135791,0.6431718061674009,0.409798646366267,0.11518324607329843,0.9604291095627528,0.2198952879581152,0.9139035327423233,0.31413612565445026,0.8260317114447685,0.6233766233766234,0.5117056856187291,"our learner on their 5-D state, to separate method from features"
ours_lgbm_5feat,ours (grouped drive K-fold),hom_only,fold4,5.0,485,0.5422680412371134,0.7007482226021864,1.2922543268519409,0.6721303052101532,0.25209215399738977,0.7449261830563324,0.14655345949263676,0.7259684361549498,0.08144689884295425,0.03802281368821293,0.9828053027506822,0.21292775665399238,0.9079503915196346,0.27756653992395436,0.8608051153629545,0.6839378238341969,0.6205882352941177,"our learner on their 5-D state, to separate method from features"
